MCF7,BRD-A60070924,CC12CCC3C(CCc4cc(O)ccc34)C1CCC2O,-0.1,-0.3,-0.2,0.1,0.1,-0.1,-0.2,0,0,0.1,0,-0.2,0,-0.1,0.4,-0.1,0,0.2,0.6,-0.2,0.1,0,0.3,-0.6,-0.1,0.1,-0.1,-0.4,-0.2,0.3,0.1,-0.4,0.2,0.2,-0.4,0.3,0.4,-0.2,0.2,0,0,0.2,0.1,0,-0.1,0,0,0.1,0.2,-0.1,0.1,0.1,0,-0.1,0.1,0.2,-0.2,0,0.2,-0.2,-0.1,0,-0.1,0.2,-0.1,0.2,-0.1,0.2,0,-0.4,0,0.4,0,-0.1,0,-0.1,0,0,0,0.6,0.1,0.2,-0.1,0.2,-0.3,0.1,0.2,0,0,0.1,-0.2,0,0.1,0,0,0.1,0,-0.1,0.2,0.1,0,-0.2,0,0.2,-0.1,-0.1,-0.1,0.3,-0.3,0.1,0.2,0.1,0.1,0.1,0.2,0,-0.1,0,-0.3,-0.1,0,0,-0.2,0.1,0.1,-0.2,-0.3,0,-0.3,0.2,0,-0.1,0,0,-0.2,0.1,-0.2,-0.3,0,-0.2,-0.2,-0.1,0.1,-0.1,-0.4,-0.4,0,0.1,0.2,0,0.1,0,0.4,0,0.3,0.1,0.6,0.1,-0.1,0.3,0.3,0,0.1,-0.2,0.3,-0.4,0,-0.1,-0.2,-0.6,0,-0.4,-0.1,0.1,-0.2,0.4,0.1,0.3,-0.2,-0.5,0.1,0.3,0,0,0,-0.1,0,-0.1,-0.1,0.1,0.1,0.1,0,-0.1,-0.1,0.2,-0.1,0,-0.1,0,-0.1,0.3,-0.2,-0.1,0,0.3,0.4,-0.2,0,0,0.2,0.1,0.2,0,0.2,-0.5,0.1,0.3,0.3,0.1,-0.2,0,0.1,0.1,0.2,0.1,0.1,0.1,-0.1,0,0.3,0.1,0.2,0.1,-0.2,-0.1,0.3,-0.5,0,0,0.1,0.1,-0.2,0.1,0,0.6,0,0,-0.1,0.1,-0.1,0,-0.2,0,0.1,0,0.2,0.2,0.1,0.1,-0.1,0,-0.2,-0.1,0,0.1,0.2,-0.3,0,-0.1,0,0,-0.5,-0.1,0.1,0,0.2,0,0,0.2,0,0.1,-0.2,0,0.2,-0.1,0.2,0,-0.2,0,0,-0.1,0.2,-0.1,-0.2,-0.1,0.2,0,0.1,-0.1,0,-0.1,-0.1,0,-0.3,-0.1,0,-0.1,0,0,-0.8,0.2,-0.2,0.3,0,-0.2,0.1,0.5,0,0.2,-0.4,-0.1,0.1,-0.1,0.1,-0.2,0.1,0.2,-0.1,0,-0.3,-0.5,0.1,0,-0.1,0,0,0.2,0.2,0,-0.1,0.1,0.3,0,0.2,0,0.3,0,0.1,0,0.2,0.3,-0.1,0.2,0,-0.1,-0.7,0.2,-0.2,0,0.2,-0.3,-0.1,0,0.3,-0.1,0.4,0.1,0.1,-0.5,-0.1,-0.1,-0.2,0,0,-0.2,-0.1,-0.1,0,0.1,0,-0.1,-0.1,-0.1,0.1,0,0.4,-0.2,0.1,0,0,-0.1,-0.3,0,-0.2,-0.4,0.1,0,0,0,0.1,0.1,-0.1,0,0,0.1,-0.1,0,-0.1,0,0,0.1,0,0,0,-0.1,0,0,0,0.2,0,-0.4,0.1,-0.1,-0.2,0.2,-0.1,0,-0.1,0.3,0,0.7,0,0.6,0,0,0.1,0.1,0,-0.2,0.1,0,0,0.1,0,-0.2,-0.1,0,-0.1,0.3,-0.4,-0.1,0.2,0.1,-0.1,0.4,0.2,-0.1,0.2,0.2,0,0,-0.1,-0.3,0.1,0.2,0,0.4,0,-0.1,0,0,0.2,0.2,0,-0.1,0,0,-0.1,-0.2,-0.1,-0.2,0.1,-0.9,0.3,0.2,0.1,-0.1,0.1,0.3,-0.1,0.1,0.1,0.3,0.1,0,-0.2,-0.2,0,0.4,0.2,-0.4,0,0.1,0,0.2,-0.1,0.2,0.1,-0.1,0,0.1,-0.1,-0.1,-0.3,0,-0.1,0.1,0,-0.3,-0.3,-0.1,-0.1,0.2,-0.2,0.1,-0.1,0,0,0.1,-0.3,0.1,0.4,0.1,-0.8,-0.2,0.1,0,-0.1,-0.1,-0.1,0.3,0.1,0,0.1,0,0,-0.4,0,0.2,-0.1,-0.1,0.3,0.1,0.1,0.2,0.1,0.6,0,0.2,0.1,-0.2,0,0,-0.1,0,0.1,0,0.4,0.2,0.4,0,0.1,-0.2,0.1,0.2,0.4,0,-0.1,0.1,-0.1,0,-0.2,0,-0.1,-0.2,0.1,0.2,0,0,0,-0.2,0.1,0,0.3,0.1,0.1,0,0.1,0.2,0,0,0.3,0.1,0.2,0,0,0,0,-0.2,0.2,-0.3,0.4,0.1,0.3,0.1,0,0.1,0.4,-0.1,-0.1,0.3,0.1,0.1,0.1,-0.2,0.1,-0.1,-0.3,0,0.2,0.1,0.2,0.1,0,0.1,0.1,0.7,-0.1,-0.1,0,0.2,0,0.2,0.1,0,-0.3,0.1,0.1,0,0,-0.1,0.9,-0.1,0.3,-0.1,-0.2,0,0,-0.1,0.3,-0.1,0,0.1,0.1,0,-0.1,-0.2,0.1,0,0.1,-0.1,-0.1,0.1,0.3,0.1,0.3,-0.1,-0.1,0.2,0.2,0.4,0.2,0,0.2,0.1,0,-0.4,-0.1,0.2,0.2,0.1,-0.5,-0.1,0,0.1,0.6,-0.4,0.3,0,0,-0.2,0,0,0.2,0.1,0.1,0.3,0,-0.1,0.1,-0.1,-0.2,-0.2,0.1,-0.2,0,0.1,0.1,0.7,0.4,0.2,-0.2,0.1,-0.1,0.3,0.2,-0.3,0.1,0,-0.1,-0.5,0,0,-0.3,-0.1,0,-0.2,0.1,0.3,0.1,0.2,0.1,0.2,-0.2,0.5,0.1,0.1,0.2,0,-0.2,-0.1,0.2,-0.2,0.1,0,0.3,-0.2,-0.2,0,0.2,0,0.2,-0.3,0,0,0.2,-0.1,-0.1,-0.2,-0.1,0.1,0.2,-0.1,-0.2,-0.1,-0.1,-0.4,0,0,-0.2,-0.1,0,0.4,-0.4,0.4,-0.2,-0.1,0,0,0,0.1,0.2,0,0,0,0.4,-0.1,0,-0.1,0,0.4,0,0,-0.1,-0.1,0.1,0.1,0,-0.2,0,-0.2,-0.2,0,-0.2,0,-0.3,0.1,-0.2,-0.1,0.2,-0.5,0.2,-0.3,0,0.1,-0.1,0.2,-0.1,0,0,0.3,0.1,-0.2,-0.1,-0.2,-0.1,0,0.1,0.1,0,0,0,0,0,0.1,-0.1,0,0.2,-0.3,0.2,0.1,-0.1,0.3,0.1,0,0,-0.4,0.1,0,0.2,0.4,0.2,-0.2,0.3,0.2,0.1,0.3,0,-0.2,0,0,-0.3,0.1,0,-0.1,0.1,-0.4,-0.2,0.1,-0.1,0.1,0,0,0,0.1,0.1,0,0,0,-0.1,0,0,0.2,0.3,0.1,0.1,0.1,0,0,0.1,0.2,-0.1,0.1,0.2,-0.2,0.1,0.1,0,-0.2,0.1,0.1,0.1,-0.1,-0.1,-0.2,0.1,0.2,0,0,0,0.1,-0.1,0.1,-0.1,-0.2,0.2,0,0,0,-0.2,-0.2,-0.1,-0.1,-0.1,-0.2,-0.4,0.3,0.1,0.2,-0.1,-0.3,-0.3,0,0.2,0.1,0,0.1,-0.1,0.2,0,0.1,0.3,-0.1,0,-0.3,0,0.7,0,0.2,-0.1,0.2,-0.1,0,0,-0.3,0.2,0.1,0,0.2,-0.2,-0.2,-0.2,0.2,0.6,0.1,0,-0.3
MCF7,BRD-K71879491,CC(/C=C/C1=C(C)CCCC1(C)C)=CC=CC(C)=CC(O)=O,0.3,0.1,0.1,0,-0.3,-0.4,0.2,-0.3,0.2,-0.2,-0.1,-0.6,0.3,0.2,0.2,-0.4,-0.1,-0.1,0,0,0.4,0.1,0,-0.2,0,0.2,0,2,0.1,0.3,-0.3,0.3,-0.3,-0.8,0,0.3,0,-0.5,0.1,-0.3,0.3,-0.1,0.1,0.2,-0.1,0.1,0.2,-0.1,-0.2,-0.2,0.4,0.1,0.1,0.2,0.2,-0.2,0.5,0.1,-0.3,-0.2,-0.2,0.1,0.2,-0.3,0.5,0,-0.2,-0.2,0.1,-0.4,0,-0.1,-0.5,0,-0.3,-0.5,0.1,0,0,-0.5,-0.5,0,-0.6,0.1,-0.2,-0.1,0.3,0.1,0.2,-0.6,-0.3,-0.1,0.1,-0.1,0.3,-0.2,-0.6,0.1,-0.3,0,-0.2,-0.3,0.1,-0.4,0.4,0.1,-0.2,-0.3,-0.5,0,0.1,-0.2,-0.2,-0.1,0.1,0.1,-0.2,0,0,0.4,0.4,0.2,1.9,0.2,0.5,0.3,-0.1,0,0.5,0.4,-0.1,0,0.2,0.7,0.1,0.3,0.1,-0.2,-0.6,0,0,-0.2,0.5,0.1,0.3,0,0.4,0.1,0,-0.2,0.1,0.2,0,0.1,0,-0.6,-0.6,-0.2,1.2,-0.2,0,0,0.3,0.3,0.6,-0.4,0.2,0,0.5,-0.8,-0.2,-1.2,0.3,-0.4,-0.2,0.2,0,-0.1,-0.1,-0.3,-0.5,-0.6,0,0.2,0.5,0,0,0,-0.1,-0.1,-0.5,0.1,-0.1,0.2,0,0.4,0.2,0.1,0,-0.2,-0.2,0.8,4.6,0.3,0.2,0,-0.1,-1,-0.3,-0.2,0,0.1,0.2,0.6,-0.5,-0.4,0,0.2,-0.3,0.1,2.8,0,0.2,0.4,0.1,-0.1,-0.1,0.1,-0.4,-0.2,0.6,-0.1,0,0.1,0.1,-0.2,1.1,0,0.2,0.8,0.2,0,-0.3,-0.2,0.1,1.3,0.3,0.1,-0.3,0.2,-0.1,0,-0.2,-0.1,0.1,0.5,0,0.1,0,-0.1,-1.2,0,0.7,-0.3,-0.1,0,-0.4,0.4,0.2,-0.3,0,0.1,1,0.3,0.3,-0.1,0.4,0.1,0.1,-0.1,0.3,1.3,0.2,-0.4,-0.7,-0.2,0.3,-0.2,0.1,-0.3,-0.2,-0.2,0,-0.2,0,-0.1,0.7,0,-0.7,0,-0.9,0.5,-0.1,0.1,0.2,-0.2,0.1,-0.5,0.3,0,-0.5,0.3,-0.2,-0.2,-0.3,-0.3,0.7,0.6,0,0,-0.4,0.3,-0.2,0.1,0.9,-0.1,-0.1,-0.3,0.1,0.2,-0.4,1.8,0.2,0.1,-0.5,0.2,0.2,0.3,0,0.3,-0.1,0.2,0.7,0.1,0,0,-0.5,0.6,0.2,0,-0.2,0.1,0,0.5,0.3,0,-0.4,-0.1,-0.3,0.4,-0.2,0.1,0.1,0,0.1,-0.7,0.2,0.1,-0.2,0.2,1,0,0.1,0.4,0.7,0,-0.1,0.1,0,0.6,-0.3,-0.2,-0.1,-0.2,0.2,0,0.2,-0.2,0,-0.3,-0.1,0,-0.9,-0.6,0.3,-0.2,0.1,-0.1,-0.4,0.3,-0.1,0.2,0,0,0.1,0.2,0.1,0,0.1,0.1,0.8,0,0,0.4,-0.1,0.2,-0.4,0.1,0,-0.2,0.3,0.4,0.2,-0.2,-0.1,0.2,0,0.3,-0.1,-0.1,-0.2,-0.1,0,-0.1,0.2,-0.1,-0.8,0.2,0,0,-0.1,-0.7,-0.1,0.4,-0.1,-0.3,-0.2,-0.1,-0.3,-0.6,0,0.4,0.2,-0.2,0.1,-0.5,0.1,0,-0.2,0.2,0.2,-0.2,-0.4,-0.4,-0.3,0.1,0.5,0.3,0.3,0.4,-0.1,0.3,0.5,0.1,-0.1,0.1,-0.1,0,-0.2,0.3,0.1,0.3,0.4,-0.4,-0.5,0.3,-0.3,-0.1,0.3,-0.7,-0.1,0,0.2,-0.1,0.1,-0.1,0.1,-0.2,-0.1,-0.2,0.3,-0.1,-0.6,0.2,0,0.1,0.2,-0.1,-0.2,0.1,0.2,0.3,-0.1,0.2,0.1,0.1,-0.4,-0.1,0.4,-0.3,1.1,0.4,-0.1,-0.1,0.1,0.4,0.2,-0.1,-0.7,0.1,0.1,-0.1,0.2,0.1,0.3,0,0.1,-0.3,-0.6,0.5,0.2,0.5,0,0.3,-0.2,0.2,0.5,0.3,0.1,-0.4,0.3,-0.4,-0.5,0.2,-0.2,0,-0.2,-0.3,0,0.2,0.2,-1.7,0.2,0,0,0.2,-0.2,-0.1,-0.2,0.3,0,-0.1,0,0,0.2,0.1,-0.1,0.1,-0.1,-0.1,0.8,0.2,0,0.3,-0.2,0.6,-0.4,0.4,0,0.1,-0.2,-0.1,0.2,0,0.3,-0.2,-0.1,0.2,0.1,-0.6,0.1,-0.1,0.3,0.2,0,-0.3,0,0.6,-0.3,-0.2,-0.1,-0.4,0.2,-0.4,0,0.3,-0.1,-0.1,0,0.3,0.2,0,-0.4,0,0.7,0.2,0,0.1,0.1,-0.1,-0.1,0,-0.4,0.5,-0.2,-0.1,-0.3,0.2,-0.1,0,-0.8,-0.2,0.3,-0.3,0.2,0.2,0.2,0.1,-0.1,-0.6,-0.3,0,-1.1,0,0.2,0.2,0,0,0,0.2,0,0.3,-0.2,0.2,0.4,-0.5,-0.1,0.1,0.3,0,0.1,0.3,-0.6,-0.3,-0.2,0,0.4,0.2,0,-0.1,0.4,-0.2,0.1,-0.4,0.1,0,-0.2,-0.2,0,0.1,-0.6,-0.4,0.2,0,-0.4,0,1.2,0,-0.2,0.1,0.3,-0.4,0.4,0,0.1,0.1,-0.1,0.3,0.1,-0.5,0.2,0,-0.1,0.1,-0.1,0.1,0,0,0.1,-0.3,0,-0.2,-0.2,-0.1,0.4,0,0.3,0,0,0.1,-0.2,-0.1,0.2,-0.1,0.3,0,-0.1,0.1,0.3,0.3,0.1,-0.1,0,0.1,-0.1,0,-0.1,0.2,0.6,0.1,0.1,0,0.1,0,-0.1,0.2,0.1,0.4,-0.4,-0.8,-0.1,0.1,0.4,-0.3,0,0,0.7,0.2,-0.5,0.2,-0.2,0,0.1,-0.3,0.1,0.1,-0.9,0.8,1.1,-0.2,-0.5,-0.5,0.2,-0.4,1.8,0,0.3,0,0,0.5,-0.2,0,0.8,0.4,0.4,-0.1,0.2,0,0.2,-0.5,-0.2,0,-0.1,0.5,-0.5,0,-0.1,-0.1,0.1,0,0.7,0.1,0,0.3,0,-0.1,-0.1,-0.2,0.1,-0.1,0,-0.2,-0.1,0,-0.4,-0.1,-0.2,-0.1,0.1,-0.3,0,0.3,-0.2,-0.3,0.2,0.1,0.2,-0.2,0.4,0,0.1,0.4,-0.4,0.2,0,-0.1,-1.4,-0.1,-0.1,0,0,0.9,-0.5,0,-0.2,-0.2,0.1,-0.1,0,0.1,0,1.4,0.2,0,0.2,0.2,-0.1,0,0.2,-0.1,0,0.2,-0.3,-0.1,-0.2,0.2,0.3,-0.2,-0.3,0.5,-0.1,0.2,0.2,0.1,0.8,0.5,-0.2,0,0.1,0,0.1,-0.3,-0.1,0.1,0.4,0,0.2,0,0.1,0,0.3,0,0.2,0.5,0.4,0.4,0.1,0.3,0.1,-0.2,0.2,0,-0.3,0.5,0.2,-0.5,0.1,0,0,-0.3,-0.6,0,-0.1,0.1,0.1,-0.2,0.2,0.4,-0.4,0.3,0.2,0.1,0,0.3,0.4,-0.2,-0.5,-0.3,0.2,-0.2,0,0.1,0,0.1,0.1,0,0,0.2,0.1,0,-0.1,0.1,0,-0.1,0.1,0,-0.3,-0.9,0.1,0,-1,-0.1,0,0.1,0,0,-0.6,-0.3,0.2,0,-0.3,0.1,0.3,0.3,-0.5,0.2,-0.2,0.1
MCF7,BRD-K43797669,Oc1ccc(cc1)-c1coc2cc(O)cc(O)c2c1=O,0,0.1,-0.4,0,0.2,-0.1,-0.1,-0.1,0,0.1,0,0,0.2,-0.3,0.3,0,0.1,0.1,-0.1,-0.1,0.1,0,0,-0.3,-0.1,0.1,-0.1,-0.2,-0.3,0,0,-0.4,0.1,0.1,-0.2,0,0.1,0.4,0.3,0,-0.1,0.1,0.1,0.1,0.2,0,-0.2,-0.2,0,-0.1,0.2,0,0,0,0.3,0.2,-0.1,0.2,0.1,-0.1,-0.2,0.2,-0.1,0.2,0.1,0.4,-0.2,-0.1,-0.1,-0.1,0,0.3,-0.1,-0.1,0,-0.1,-0.1,0.1,-0.1,0.1,-0.4,0.2,0,0.1,-0.1,0.2,0.2,-0.1,0.1,-0.1,-0.1,-0.3,0.3,0,0,0.1,0,0,0,0.2,0.2,-0.2,0.3,0.2,-0.2,0,-0.2,0.4,-0.2,-0.3,-0.2,0.5,0.2,-0.1,0.2,0.1,-0.1,0,0,0.4,0,-0.1,-0.4,0,0,-0.2,-0.3,0,-0.1,0.2,0,0,0,0.2,-0.3,-0.3,-0.2,-0.2,0,-0.1,0,-0.1,0.1,-0.2,0,0.2,0.3,0,0.5,0.1,0.1,0.2,0,0.2,0.3,0.2,0.5,0.1,-0.1,0,0,0.4,0.1,-0.3,0.1,0,0.2,0,-0.4,-0.7,-0.1,-0.5,0.1,0.2,-0.1,0.2,0,0.1,-0.2,-0.3,0.4,0,0.3,-0.1,-0.1,-0.2,-0.1,0,-0.1,0.1,0,-0.1,0,-0.1,0.1,0.1,-0.2,0,-0.1,0,0,0.1,0.2,-0.1,-0.1,0.7,0.2,0.2,0.1,0,0,-0.1,0,0.1,0,-0.6,0,0.5,0,0.2,-0.1,0.1,0.1,0.2,0.3,0.2,0,0.3,0.1,0.1,0.3,0.1,-0.1,0.1,0.1,0,0.2,-0.6,0,0.3,0,0,0,0,0.2,0.4,0.2,0.1,-0.1,0,-0.1,0,-0.1,0.1,-0.2,-0.2,-0.1,0.3,-0.1,0.1,0,-0.2,0,0,0,0,-0.1,0,0,0,-0.2,0.1,-0.5,-0.2,0.1,0.1,0.1,0,0,0.1,0,-0.1,-0.1,0,0.5,-0.1,0.4,0.4,-0.3,-0.1,0.3,-0.1,0,0,-0.2,-0.1,0.1,-0.2,0,0,-0.2,-0.2,-0.1,0.1,-0.1,0,-0.2,-0.2,-0.2,0.5,-0.1,0.6,-0.3,-0.1,0.1,0,0,0.3,0,-0.1,-0.1,-0.1,-0.2,0.1,0,-0.2,0.3,0.1,0.1,0,0,-0.3,-0.1,0.1,0.1,-0.1,-0.1,0.3,-0.1,-0.1,-0.2,0.1,0.4,0,0.1,0,0,-0.2,-0.1,0.1,0.2,0.2,-0.1,0,0.3,0.1,0.1,0.1,-0.1,-0.1,0.3,-0.2,0,0,-0.1,0.2,0.1,0.1,0.1,-0.2,-0.2,-0.3,-0.1,0.1,-0.2,0,0,0.4,-0.2,-0.1,0.1,0,-0.1,-0.1,0,0,0.3,-0.5,0,-0.1,-0.2,0.2,0,0,0,-0.2,0.1,0,-0.2,0.2,0.2,0.2,0,-0.1,0,0,-0.1,-0.1,0,0.1,-0.2,0,-0.1,-0.2,-0.1,-0.3,-0.3,0.1,0,0.1,0,0.1,0,0,-0.2,-0.1,-0.1,0,0,-0.5,0,-0.2,0.1,-0.2,0,-0.1,0.1,0.2,0.3,0.2,-0.1,-0.3,-0.2,0.3,0,-0.1,-0.4,0,-0.1,-0.1,-0.1,-0.3,0,0.1,0,0,0,0.2,-0.1,0.2,-0.1,-0.4,0.1,-0.1,0.1,-0.2,-0.3,0,0,-0.4,0,0,0,0.1,-0.1,-0.2,0,0.3,-0.1,0,0,-0.2,-0.1,-0.2,0,0,0.1,0.5,-0.1,0.1,-0.1,-0.1,0.3,0.2,0,-0.1,-0.2,-0.1,0,-0.3,0.1,0.1,-0.1,-0.1,0.1,0,-0.4,0.1,0,-0.1,-0.3,-0.2,-0.2,-0.2,0.1,0.2,0.1,0.2,-0.1,-0.1,-0.1,-0.1,-0.1,0.3,0,0.4,0.1,0.2,-0.3,0,-0.3,0.2,0.2,-0.3,-0.3,0.3,0.1,-0.3,-0.2,-0.2,0.1,0,0.3,0.1,0,0,0.3,0,-0.1,0.1,0,0,0.2,-0.1,-0.2,0,0.1,0.2,0.2,0,0,-0.2,0.1,0.2,-0.1,-0.2,0.2,0.1,0.2,-0.2,0.2,-0.4,0.1,-0.3,0,0.2,-0.1,-0.1,0.1,-0.2,0.2,0,-0.1,0,0.1,0,-0.3,0.5,-0.2,0,-0.1,-0.1,0,-0.2,0.6,0.2,0.2,-0.1,0,0,-0.2,0,0,-0.1,0.1,0,-0.1,0,-0.1,0,0,-0.3,0.2,-0.4,0.5,-0.2,-0.2,0,0.3,-0.2,-0.1,0.3,0.2,0.3,0.3,-0.3,0.2,0,0.4,0,0,0,0,0.2,0,0.1,-0.1,0.2,-0.2,-0.2,0,0.1,0,0,0.1,0,-0.3,0.4,0,0,0,-0.2,-0.3,0,0,-0.1,0,0.2,-0.1,0.3,0.1,0.1,-0.1,0,-0.1,-0.1,0.1,0.3,0.1,0,-0.6,0.2,0.1,0,0.1,0,0.3,-0.1,-0.1,0.2,0.1,0,0.1,0.1,0,0,0,-0.2,-0.1,0,0.1,-0.1,0.2,-0.2,0.1,0.2,0.9,-0.1,-0.1,0,0,-0.2,0.3,0.1,0.1,0,-0.1,0.2,-0.2,-0.1,0,-0.1,-0.5,0.1,-0.1,-0.1,0,0.1,0.1,0,-0.2,0.1,-0.1,0,-0.1,0.1,-0.3,0,0.1,-0.1,-0.1,-0.1,0,0.1,-0.4,-0.2,0.1,-0.3,0.3,0.2,0.1,0.1,0.4,-0.1,0,0.1,0.3,-0.4,0.6,-0.1,0.1,0.1,-0.2,-0.2,0.2,0,-0.1,-0.1,-0.3,0.2,-0.1,-0.1,0,-0.3,0.3,0.1,0.3,0,-0.1,-0.3,0,0.1,0,0.2,0.1,-0.3,-0.6,-0.3,-0.1,0,-0.2,-0.2,-0.2,0.5,0,0.2,-0.2,0,-0.1,0.3,0.1,0.4,0.1,0.1,-0.2,0.1,-0.1,0,0.1,0.1,0.5,-0.1,0,0.1,-0.1,-0.1,0.2,0.2,0.1,-0.1,0,-0.1,0,0.1,-0.1,0,0,-0.4,-0.1,0.2,-0.1,-0.4,0.2,-0.1,-0.2,-0.1,0.1,0,-0.3,0.1,0.2,-0.1,-0.2,-0.1,0,-0.1,-0.3,0.3,-0.1,0.1,-0.3,0.4,-0.2,0.2,0.3,0.2,-0.1,-0.4,-0.1,0.1,0,-0.2,-0.1,0,0.1,0.1,0.3,-0.1,0.1,-0.1,0.1,0.1,0.2,0,0.3,0.3,0.1,0,0,0,-0.1,0,-0.1,0,-0.2,-0.1,0.1,-0.6,-0.1,0.2,-0.1,-0.3,-0.1,0,-0.2,-0.1,-0.3,0.1,-0.1,-0.3,-0.3,0,-0.1,0,0.5,-0.1,-0.3,-0.2,-0.1,0,-0.1,0.3,-0.3,-0.2,0.3,-0.3,-0.2,-0.3,0,0,0.1,0,-0.4,-0.1,-0.1,-0.2,0,0.2,-0.1,-0.1,-0.2,0.2,-0.1,0,0.2,-0.1,0,-0.3,0.2,-0.1,-0.2,-0.1,0.1,-0.1,0.6,-0.1,-0.4,0.3,0.2,0.4,0.4,0.3,-0.2,0,-0.1,0.1,-0.1,-0.2,-0.1,0,0,-0.1,-0.3,0.4,0.1,-0.2,0,0.4,0.3,-0.1,-0.6,-0.2,-0.2,-0.2,0.1,-0.1,0.3,0.1,0.2,0,-0.2,0.1,-0.2,-0.3,0.3,-0.2,0.1,-0.2
MCF7,BRD-A13084692,Cc1c(C)c2OC(C)(COc3ccc(CC4SC(=O)NC4=O)cc3)CCc2c(C)c1O,0.3,0,0,0.1,0,-0.1,0,-0.1,-0.1,0,0.1,-0.1,0.1,-0.2,0.1,-0.1,0,0,0,-0.1,0,0,0,0.1,0,0,0,0,0,0,0,0.1,0,0,0.1,0,0,0.1,0,-0.4,-0.2,0,0,0,0,0.1,0.2,0,0,-0.1,0,0,0,0,0.1,0.1,0.1,0,0.1,-0.2,-0.1,0,0,0,-0.1,0.1,-0.1,-0.1,0,-0.1,-0.1,-0.1,0,0.1,0,-0.1,0.1,0,0,0,0,-0.3,-0.1,0,0.1,0,0,-0.1,0,0,0,0,-0.1,-0.1,0,0,0,0,0,0.1,0,-0.1,0.1,0.1,0.1,-0.1,-0.1,0.1,-0.2,-0.1,0,0,0,0,0.1,0.1,0,0.1,-0.1,0,-0.1,0.1,0.4,0,0.2,0,-0.1,0,0.2,0,0,0,-0.1,0.3,0,0.1,0,0,0,0,0,0.2,0,0,0.2,0,-0.1,0,0,0,0,0.1,0,-0.1,0,0.1,0,0,0.1,-0.1,0.1,0.1,0.1,0.2,0.1,0,0,0,0.1,-0.2,0.1,-0.1,0,0,0,0,0,0.1,0.1,-0.1,0,-0.1,0.1,0.1,0.1,0,-0.1,0.1,-0.1,0,-0.1,0,0,0,0,0,0,0,0.1,0,0,0.3,0.2,0,-0.1,0.1,0,-0.2,0,0,0.1,0,0.1,0,0.1,0,0.1,0.1,0,0,0,0,0.1,0.1,0.1,0,0.1,-0.1,-0.2,0,0.2,0.3,0.2,0.1,0,-0.1,0.2,-0.1,-0.1,0.1,0.1,0.1,0.1,0,0,0.1,0.1,0.1,-0.1,-0.1,0.1,-0.1,0,0.1,0.1,0.1,0,0,0.1,0.1,-0.1,0,0,0,0,0,0,-0.1,0.1,-0.1,0.1,0,0,0,0,0,0,-0.1,0,-0.1,0,0.1,0,-0.1,0,0,0.1,0,0,0,-0.1,0,0,0,0,-0.2,0.7,0.1,0,0,-0.3,0,-0.1,0,0.2,0.1,0,0,0,0.1,-0.1,0.2,0.1,0,0.1,0,0.1,0.1,0.1,-0.1,-0.1,0.1,0,0.1,-0.1,0,0.1,0,-0.1,0.2,0,0.2,0.2,0.1,-0.1,0,0.2,0,0.1,0.1,0.1,0,0.1,-0.1,0,0,0.1,0.1,0,0,0,0,0.1,0.1,0,0.1,-0.1,0.1,-0.1,0.2,0.2,0,0.1,0.1,0,-0.1,0,0,-0.1,-0.1,0.2,0,0,0.1,0,-0.1,-0.1,0.1,0.1,0,0,-0.1,0,0,-0.2,0,0,0,0,0.1,0,0.1,-0.1,0,0.3,0,-0.1,0,0,0.1,0,0,-0.1,0.1,0,0.1,0.1,0,0.1,0,0.2,0.1,-0.1,0,0,0.1,0,0,0,-0.1,0,0,0,0,0.1,0,0,0,0,0.1,-0.1,0,0.1,0.2,0.1,-0.2,0,0,0,-0.1,0,0,-0.1,0.2,0.1,0,0,0.1,0.2,-0.1,0,0.1,0.1,-0.1,0.1,-0.2,0,0.1,-0.1,0.1,0.1,0,-0.2,0,0,0.2,0.2,0.1,0,0,0,0.1,0.1,0,0,0,0.2,0.1,0,0.1,0,0.1,0.1,0,0,0.1,-0.1,0,0.1,0,0,0,0.1,0,0,0.1,0.2,0,0,0.1,0,0,0,0,-0.1,0,0,0,0,-0.1,0,0.1,0,0,0,0,0,0.1,0.1,0.2,0.1,-0.1,-0.1,0,0,0,0,0,-0.1,0,0,0,0,0,0,0,0.1,0,-0.2,0.1,-0.1,0.1,0.1,0.1,0.1,0,0.2,0.1,0.1,-0.1,0,0.1,0.1,0.1,0.1,0,0.1,0.1,-0.1,0.1,0,0,0,0,0.1,0.1,0,0,0.1,0,0,-0.1,0,0,0.1,0,0.2,0,0,0,0,0,0,0,0.1,-0.1,0.1,0.1,0,0.1,0,0,0,0,0.1,0.1,0,0,0.1,-0.1,0,0.1,0,0.1,0.1,-0.1,0,-0.1,-0.1,0.2,-0.1,-0.1,0,-0.1,0.1,0,-0.2,0,-0.1,-0.1,0.1,0.1,-0.1,0,0.1,-0.1,0,0,0,0,0.2,0,0,0,0.1,0,0.1,0,-0.1,0,0.1,0,0,0.3,0,0.1,0,0.1,0.1,0,0,-0.1,0,0,0,0,0,0,0,0,0,0.2,0,0.1,0,0,0,0,0.2,0.1,-0.2,0,0.1,0,-0.1,0.1,-0.1,-0.1,0,0,0.1,0,-0.1,0,-0.1,-0.1,-0.1,-0.1,0,0,0.1,0,0,0,0,0.1,0.1,-0.1,0.2,0,-0.1,0.1,-0.1,0,0.2,0.1,0,0.1,0.1,0,0.1,0,0,0,-0.2,0,0,0.1,-0.1,0,0,0.1,-0.1,0.1,0,0.1,0,0,0.1,0.2,-0.1,0.1,0,0,0.3,0,0,0,0,0.1,0.2,-0.1,-0.1,-0.2,0.1,0,0,0,0.1,0,-0.1,0.1,0.2,0.1,0.1,0,0,0,0,0.1,0,0,-0.1,0.1,0.2,0,0.1,-0.1,0,0,0,0,0,0,0.1,-0.1,-0.1,0.1,0.1,0,-0.1,0.1,-0.1,0,0.1,0.1,0.1,0.1,0,0.1,0,0,0.5,0,0,0,0,0,-0.1,-0.1,0.1,0,0,-0.1,0.1,0,-0.1,-0.1,0,0,0.1,-0.1,0,0,-0.1,0,0,0,0.1,0.1,0.1,0.1,-0.1,0.1,0,0.1,0,0,0.1,-0.1,0,0,-0.1,0.1,0,0,0,0,0,0.1,0,0.1,0,0.1,0,0,-0.2,-0.1,-0.1,-0.1,0.1,0,-0.1,0.1,-0.1,0,0,0,0,0,0,0.4,0,0,-0.1,0,0,0,0,0,0.1,0.2,-0.1,-0.1,0.1,0,0.1,0.1,-0.2,-0.1,0,0,0,0.1,0.1,0.1,0.1,0,0,0.1,-0.1,0.1,0,0,0.1,0.1,0,-0.1,0,0,0,0,0.2,0,0,0.1,0,-0.2,0,0.1,0.2,0,-0.1,0.1,0,-0.1,-0.1,0.1,0,0.2,0,0,-0.1,0,0,-0.1,-0.1,0.1,0,0.1,0.1,0,-0.2,0,0.3,0,0.1,0.1,0.1,0.1,0,0,-0.1,0,0,0,0,0.1,0,0,-0.1,0,0,0,0,-0.1,0.1,-0.1,0,0,-0.1,0,0,0,0.1,0.1,-0.1,0,0,0,-0.1,0.1,0,-0.1,0,0,0,0
PC3,BRD-K70401845,COCCOc1cc2ncnc(Nc3cccc(c3)C#C)c2cc1OCCOC,0.8,0.1,0,0.1,-0.2,-0.3,0,-0.1,-0.3,-0.3,0,-0.2,0.4,-0.4,-0.4,-0.2,-0.1,0.2,-0.1,-0.3,0.1,0.2,-0.2,-0.3,0,0.3,0,0,-0.1,-0.1,0.2,0.2,-0.2,-0.1,-0.2,0.4,-0.5,0,0.3,-0.6,-0.2,0.3,-0.2,-0.1,0.1,0.2,0.3,0.2,0.1,-0.1,0.3,-0.2,0.2,-0.1,0.4,0.3,0.2,-0.1,-0.3,-0.5,-0.1,-0.2,-0.3,0.1,-0.1,0.9,0,0.2,-0.2,-0.2,-0.2,-0.4,0,-0.2,-0.1,-0.2,-0.3,-0.2,0,0.3,0.1,0.2,0,0.2,-0.2,-0.2,0.1,0.5,0.1,-0.3,-0.1,-0.4,0.1,-0.1,-0.1,0.3,-0.2,-0.2,0.1,0.2,0.2,0.1,0.8,0.4,-0.2,0,-0.2,0.1,-0.6,-0.2,-0.2,0.5,-0.3,0.1,0.5,0.1,0,-0.4,-0.1,0.3,-0.3,-0.1,0.7,-0.3,0.1,0.2,0.3,0.1,0.5,0.4,0.1,0.1,-0.1,0.6,-0.3,0,-0.3,0.1,-0.6,0.2,-0.1,0.5,0,0.5,0,0.1,-0.2,-0.2,0.2,-0.1,-0.2,0.4,-0.2,-0.1,0.7,0,0.1,0.4,0,0.2,0.1,0.4,0.1,-0.3,0,0.1,0,0,0.1,0,0.1,-0.1,0.1,0,-0.5,0.7,-0.1,-0.2,0,-0.5,0.1,0,0.8,0.2,0.3,0,0.1,0.1,0,-0.3,-0.2,-0.1,-0.2,-0.1,-0.2,0,-0.5,-0.1,-0.1,0.2,-0.6,0.1,0.1,0,-0.3,-0.1,0.1,-0.8,0.5,-0.4,-0.1,-0.3,-0.3,0,-0.1,-0.3,-0.2,0.7,-0.1,0.3,-0.5,-0.1,0.2,0.1,0.3,0.3,-0.2,-0.1,-0.3,-0.1,0.1,0.2,-0.2,-0.1,0,0,0.2,-0.3,-0.3,0.1,-0.2,0,0.3,-0.3,0.2,-0.3,-0.2,-0.1,-0.3,-0.4,-0.2,-0.1,-0.3,0.5,0,0.1,0.2,0.6,-0.1,0,0,-0.2,0,0.2,0.1,-0.3,-0.1,0,0.4,0.3,0,0,-0.1,-0.1,0.1,0.6,-0.1,0,-0.1,0.3,-0.2,-0.3,0,0.3,0.1,-0.2,0.3,0.7,0.1,0,0.3,-0.1,-0.2,-0.2,-0.1,0.1,1.6,0,-0.1,-0.3,0.2,-0.3,-0.3,-0.2,0,0.1,0.2,0.3,0,0.4,0,0.8,0,-0.5,0,-0.1,0,0.6,0.5,-0.2,-0.5,-0.1,-0.1,0.2,-0.2,0.1,0.7,-0.1,0.1,-0.1,0.1,0,0,0.2,0.1,0,0.2,0.2,0,0.2,0.4,-0.1,-0.1,-0.2,-0.1,-0.1,-0.1,0.1,-0.3,0,0,0,-0.1,-0.2,0.5,0.4,0.5,0,0,0.5,-0.1,-0.1,0,-0.2,-0.2,-0.3,-0.2,0,-0.2,0,0.1,-0.2,-0.1,0.2,-0.1,-0.2,-0.5,0.6,-0.4,-0.1,0,0.2,-0.2,-0.2,-0.1,-0.2,-0.1,0,0,0,-0.1,0.8,0.1,-0.2,0.1,0,0.2,-0.1,-0.1,0.4,0.3,0.1,-0.3,0.5,-0.4,-0.1,-0.2,0.1,0.2,0.5,-0.2,-0.5,0,-0.2,-0.1,-0.3,-0.1,-0.3,-0.1,-0.4,0,-0.2,0.4,0,0,0.3,-0.2,0.2,-0.1,-0.1,-0.2,0.1,0.3,0.4,0.2,-0.2,-0.2,0.5,0.4,0.7,-0.1,0,-0.2,0,0,0.1,-0.1,-0.1,0,0,-0.1,0.1,0,0,-0.2,-0.1,-0.3,0,0,0.2,0.2,-0.2,-0.4,0.2,0,0.1,-0.1,0.3,0,0.3,0.1,0.1,-0.1,0,-0.3,-0.3,-0.1,0.1,-0.1,-0.4,0,0.3,-0.1,0.1,-0.4,-0.1,0,0.6,-0.1,0.6,-0.1,-0.1,0.3,0.2,-0.3,0,0.1,-0.2,-0.2,0.3,-0.3,0.2,-0.1,0,0,-0.4,0,0.2,-0.1,-0.4,-0.1,0,0.2,0.2,0.1,0.5,0,0,0,0,0.4,-0.2,-0.1,0.2,-0.1,-0.3,-0.2,0.1,0.1,-0.1,-0.1,0.4,0,-0.4,0,0,-0.4,-0.5,-0.4,0,0.3,0.3,-0.2,0,-0.2,-0.3,0.5,0,-0.1,-0.2,-0.2,0.1,0.3,-0.2,-0.1,0.2,0.1,0.2,0.3,-0.1,-0.3,-0.1,0.1,0.3,0,0,0.2,0.2,0.3,-0.1,-0.3,-0.2,0.2,-0.1,0.2,-0.1,0.5,0,0.2,-0.1,-0.1,-0.4,-0.1,0.2,0.2,0,-0.1,0.7,0,0.3,0.1,0,0.3,-0.3,0.9,0.1,-0.1,0.3,-0.2,-0.5,-0.3,0.3,-0.1,0,0.2,-0.3,-0.2,-0.1,-0.3,-0.2,0,0,0,-0.6,0.2,0,-0.4,-0.1,-0.3,-0.1,-0.3,0.1,-0.1,0.5,0.2,0,-0.1,0.2,-0.1,0.1,0.2,0,-0.1,-0.4,0.1,-0.2,0,0,0.1,0,0,0.2,-0.1,-0.1,0,0.2,-0.3,0.2,-0.1,0.1,-0.2,-0.6,0.1,0.1,0,-0.2,-0.4,0.1,-0.1,-0.1,-0.3,0.2,-0.1,-0.2,0.1,-0.2,-0.3,-0.2,0.8,-0.1,-0.1,0.2,0,-0.1,-0.2,0.2,0,-0.4,-0.1,-0.5,-0.1,-0.4,-0.3,0,-0.4,0.3,-0.4,0,0,-0.3,0.1,-0.1,0.7,-0.3,-0.4,0.2,-0.1,-0.2,0.3,0.3,-0.4,-0.1,-0.2,-0.1,-0.2,0.2,-0.3,0.3,0,-0.1,0,-0.1,0,0.1,-0.4,-0.2,-0.2,0,-0.3,-0.1,0,-0.2,-0.1,0,0,0.5,0.1,0.3,0,0.2,-0.5,0.1,-0.4,0,-0.1,-0.2,0.1,0.2,0,0.4,0.5,-0.3,-0.2,-0.2,-0.3,0,0.6,-0.2,0.5,0,-0.1,0.3,-0.2,0.2,0.4,-0.1,0,-0.1,-0.1,-0.3,-0.2,-0.1,0.2,-0.1,0.5,-0.2,0.3,-0.1,0.1,-0.2,-0.1,-0.1,-0.1,-0.1,-0.1,-0.2,0.2,0.2,-0.3,0,-0.2,0.7,0,0.2,0,0,0.2,0,0.1,0.3,-0.1,0.3,1.7,-0.3,-0.1,-0.1,0,0,-0.1,0,0.3,0,0.1,-0.2,0.2,0.1,-0.1,-0.2,0,0.4,0.1,-0.2,0.1,0,0.2,-0.2,-0.1,-0.2,-0.2,0.1,-0.1,0.1,-0.1,-0.1,0,0.1,0.1,0,-0.3,0,0.2,-0.3,-0.2,0.1,-0.2,0,-0.1,-0.1,0.1,-0.4,0.2,0.4,0,0.2,-0.2,0.3,-0.2,0,0.1,0.1,-0.1,0,0.1,-0.1,-0.2,0.2,0.1,-0.3,-0.2,-0.1,-0.1,1.3,0.2,0.4,-0.1,-0.1,0.3,0.1,-0.2,0,0.1,-0.1,-0.3,0,-0.2,-0.1,-0.1,-0.1,-0.2,0.2,0,-0.2,0,-0.2,-0.2,0.1,-0.1,0.1,-0.1,0.1,-0.3,0.1,0.1,0,0.8,0.1,0.3,-0.2,-0.3,-0.1,-0.2,-0.3,-0.3,-0.2,0.1,0.1,-0.1,-0.2,0.1,1.5,0.4,0,0,0,0,-0.6,-0.1,0.2,-0.2,0.2,-0.2,0.5,0,0,0.5,-0.2,-0.1,-0.2,0.1,0.4,0,-0.1,-0.3,0.4,2.5,-0.5,0.4,0.2,0.3,0.3,-0.2,0,-0.2,-0.2,0,0,0.3,-0.1,0.5,0,0.2,-0.3,-0.3,0.4,0,-0.4,0.2,-0.3,-0.2,0,0.1,-0.2,-0.1,-0.3,-0.3,0.2,-0.4,-0.1,0.1,-0.4,0,0.1,-0.1,-0.1,0.5,-0.1,0,0.8
PC3,BRD-K85606544,CCOc1cc2ncc(C#N)c(Nc3ccc(OCc4ccccn4)c(Cl)c3)c2cc1NC(=O)C=CCN(C)C,1.3,-0.1,0.3,-0.2,0.2,-0.3,-0.1,0,-0.3,-1,-0.5,-0.2,0.3,-0.3,0.4,0,0.1,0.3,0.1,-0.3,0.2,0,-0.1,0.1,0.1,0.5,0.1,-0.1,-0.5,-0.2,0.1,0.3,0,0.1,-0.7,-0.3,-0.3,0.3,-0.1,0,-0.2,0.1,-0.5,-0.1,-0.2,0,0.1,0,0.2,-0.1,0.3,-0.2,0.1,0,0.2,0.5,0.1,0,-0.4,-0.5,-0.1,-0.3,-0.5,0.2,-0.6,0.3,0.1,0.2,-0.1,-0.5,-0.1,-1,-0.1,-0.2,0.6,-0.5,0,0,0.1,0.5,0.2,-0.1,-0.4,0,-0.3,0,-0.3,0,0.5,0,-0.1,-0.5,-0.5,-0.1,0,0.3,0.2,-0.3,0.4,0,-0.1,-0.2,0.5,0.3,0.5,-0.2,0,0.2,0,0.1,0.2,0.6,-0.5,0.1,0.1,-0.1,-0.2,-0.4,-0.6,0.5,-0.6,-0.1,0.9,-0.2,-0.6,-0.2,-0.3,-0.1,0.6,0.1,0,0.1,0,1.2,-0.6,0.1,-0.3,-0.1,-0.5,-0.2,-0.2,0.7,0.1,0.4,0.1,0,-0.1,-0.5,0.3,-0.4,-0.2,0,-0.4,0,0.4,-0.3,0.3,0.2,0.3,0.2,-0.5,0.5,0.2,-0.1,0.4,-0.1,0.6,0,0,0,0.3,-0.1,0,0.1,-0.1,0.2,0.2,0.2,0,-0.2,0,0.1,0.2,0.8,0.5,0.1,-0.1,0.1,0.6,-0.4,-0.1,0.1,0.1,-0.3,-0.3,0,-0.3,0.2,0.1,0.6,-0.4,1.6,0,-0.1,-0.6,-0.2,0.5,-0.4,-0.1,-0.1,0,-0.4,0,-0.1,0.3,-0.1,-0.2,0.3,0,0.3,-0.3,-0.1,0,-1.3,0.4,0.1,0.4,-0.1,-0.4,0,0.2,0.6,-0.1,0.1,-0.1,0.1,-0.1,-0.4,0.1,-0.2,-0.4,-0.6,0,-0.2,0,-0.2,0,0,0,-0.7,-0.3,-0.1,-0.2,0.3,0,0.2,-0.1,0.3,-0.1,-0.1,-0.2,-0.6,-0.5,0.2,0.3,-0.2,0.2,-0.1,0.1,0.2,0.5,0,-0.4,0,0,0.7,0,0,0,0,-0.1,0.3,0.1,0.1,0.4,-0.4,0.4,0,-0.1,-0.1,0.2,0,-0.1,0.1,0,-0.2,2.8,-0.1,0.1,-0.4,0.5,-0.3,-0.3,-0.2,0,0.2,0,0.4,0,0.4,0.1,0.8,0.2,-0.3,0.5,-0.1,-0.2,1,0.2,-0.2,-0.4,0.1,-0.1,0.1,-0.4,0.8,0.4,0.3,0,0.1,0.1,-0.3,-0.4,0.3,0.2,-0.1,0.2,0,0.2,0.1,0.3,-0.5,-0.4,-0.2,-0.1,0.3,0,0,-0.2,-0.9,0.2,0.1,0.1,0.1,0.4,-0.1,0.2,0,0.1,0.9,-0.2,0.3,0,-0.3,-0.3,-0.3,-0.2,0,0.2,0,0.3,0.3,0,0.1,-0.2,-0.9,-0.5,0.2,-0.1,-0.3,-0.1,0.1,-0.2,-0.4,-0.3,-0.5,0.1,-0.3,0.1,-0.5,0.1,0.5,0.2,0,-0.2,-0.1,0.2,-0.2,0.2,0.1,-0.1,-0.2,-0.2,1,-0.4,-0.3,-0.3,0.1,0.3,0.2,-0.3,0.1,-0.1,-0.1,0,-0.1,-0.3,0,0,-0.1,0.1,0.1,0.2,0.1,0.3,0,-0.5,0.2,0,-0.3,0,-0.1,0.1,0.5,0,0.5,-0.1,0.2,0.4,0.3,-0.5,-0.2,-0.4,-0.3,-0.2,0.2,-0.2,0.1,0.1,0,-0.6,0.3,-0.1,0.1,0,0,0.1,0.2,0,0.2,-0.1,-0.1,-0.3,-0.4,-0.1,0.8,-0.1,0.3,-0.2,0.3,0.2,-0.1,-0.9,-0.2,-0.3,0,-0.1,0,0,-0.1,-0.4,0.4,0,-0.2,-0.3,0.1,-0.9,0.5,-0.3,0.8,-0.1,0.2,0.3,0,-0.1,-0.1,0.1,-0.8,-0.5,0.6,0,0,0.1,0.1,-0.3,-0.3,0,0.1,-0.5,-0.7,0,-0.2,0,-0.5,0.1,0.9,-0.4,0.1,-0.1,0,0.4,-0.5,-0.1,-0.1,-0.3,0.1,0.1,0.1,-0.1,0.2,0.1,0,0,-0.2,-0.1,-0.1,-0.1,0,-0.5,0.2,0.3,0.7,0,-0.2,-0.3,-0.9,0.7,0.1,0,0.1,0,-0.1,0.4,0.2,0.2,0.4,0.2,-0.1,0.1,0.2,-0.3,0.2,-0.3,0.1,-0.1,-0.4,0.3,0.2,0.4,-0.2,-0.4,-0.3,-0.1,0,0,-0.2,0.9,0,0.1,-0.3,-0.2,-0.3,-0.1,0.4,0.3,0,-0.1,0.4,0.2,0.1,0.1,-0.2,0.2,-0.2,0.5,-0.2,-0.3,-0.3,0.1,-0.6,-0.2,0.3,0.4,0.2,0.3,-0.4,0,-0.2,-0.4,0,-0.3,-0.3,-0.3,-0.3,0.1,-0.5,0,0.2,-0.3,-0.6,0.1,0,-0.1,0.1,0.2,0.2,0.2,0.2,-0.1,0,0.5,0,-0.2,-0.5,0,-0.1,0.2,0.3,-0.1,-0.1,-0.1,0.2,-0.2,0.5,0,0.1,-0.4,0.2,-0.1,0.4,-0.4,-0.7,0.2,0.4,0.1,0.1,-0.3,0.3,-0.2,-0.1,-0.1,0.4,-0.1,-0.1,0,-0.3,0.1,0,1.2,0,0.2,0.2,-0.2,-0.3,0.1,0.1,0,-0.2,-0.2,-0.2,0.2,0.2,-0.3,0.3,-0.6,0.4,-0.1,-0.2,0.2,-0.4,0,-0.1,0.2,-0.3,-0.5,-0.1,-0.4,-0.2,0.4,-0.1,0,0.2,0,-0.2,-0.4,0.5,-0.1,-0.1,-0.3,0,-0.1,0.3,0,-0.1,-0.4,-0.3,-0.1,0.2,0,-0.1,-0.2,0,0,0,0.1,0.2,0.1,-0.1,0.1,0.3,-0.3,0.1,-0.5,-0.3,0.2,0,-0.1,-0.1,0.1,0.1,0.4,0.1,-0.3,0,-0.3,0.3,0.4,0,0,0.1,-0.2,0.2,-0.2,0.2,0.2,-0.2,0,-0.2,-0.1,-0.5,-0.2,-0.2,0.4,0,0.3,0.1,0.3,0,0.3,-0.4,0,-0.1,-0.1,-0.1,-0.4,0.1,-0.1,0,-0.5,-0.1,0.2,1,-0.3,-0.1,-0.3,0.2,0.4,0.1,0.1,0.3,0.1,0.4,2.2,0.2,0.3,-0.1,0.1,0.1,0,-0.3,-0.4,-0.1,-0.1,-0.7,0,0.2,0,0,-0.1,0.2,0.1,0.1,-0.1,0.1,0.1,-0.6,-0.1,-0.2,-0.2,0.2,-0.4,-0.2,-0.2,-0.1,-0.1,0,-1,-0.1,0,-0.3,0,-0.1,0.2,0.2,-0.6,0.3,0.8,-0.4,0.4,-0.3,0,0.3,0.2,-0.1,-0.2,0.3,-0.2,-0.1,0.3,-0.1,0.3,-0.1,-0.1,0.2,-0.2,0.3,0.1,0.2,0,-0.1,-0.3,2.3,-0.2,0,-0.1,-0.4,0.2,-0.4,-0.1,0.5,0,-0.1,-0.2,-0.2,-0.2,0.2,-0.3,0.3,-0.3,0.2,0,-0.1,-0.2,-0.1,0,-0.3,-0.1,-0.3,0.4,0.4,0.2,0.1,0,-0.2,0.1,-0.2,-0.3,0,-0.2,0.1,-0.4,-0.1,0,-0.3,0,0,0.1,-0.1,0.2,2.2,0.7,0.3,-0.1,0.3,0.2,-0.9,-0.5,0.4,-0.4,0.4,0,0.2,0.4,0.3,0.1,-0.4,0.1,0,0.4,0.7,0.1,0,-0.5,0.3,2.7,0,0.3,-0.3,0.1,0,0,0,0,-0.1,0.2,0,0.2,-0.1,1,-0.3,0.1,-0.8,0.2,0.1,0,-0.3,-0.4,0.1,-0.1,-0.1,0.7,0.5,-0.3,-0.3,-0.2,-0.2,-0.2,-0.1,0.6,-0.1,0,0.2,0,0.2,0.1,-0.2,0.1,0.2
PC3,BRD-K19687926,CS(=O)(=O)CCNCc1ccc(o1)-c1ccc2ncnc(Nc3ccc(OCc4cccc(F)c4)c(Cl)c3)c2c1,0.4,0,-0.1,0,0.4,0.3,0.1,0.1,-0.1,0,-0.2,0,0.2,-0.1,0.5,0,-0.1,0,-0.1,-0.2,0,0.1,-0.1,-0.1,0,-0.1,0,0,-0.4,-0.1,-0.1,0.1,-0.1,0,0.1,0.2,-0.1,0,-0.1,0.3,0.2,0,-0.2,0.1,0,0,0.1,0.1,0.1,0.4,0.2,-0.2,-0.1,-0.1,0.2,0,0.2,0.1,-0.2,-0.2,-0.2,-0.1,-0.1,-0.2,0,0.1,0,0,-0.1,-0.1,-0.3,-0.3,-0.1,0,0.1,0,-0.1,0,0.1,0.5,-0.3,-0.2,0,0.3,0.1,-0.1,-0.1,0.4,0,0.1,0.1,0,0,0,-0.1,0,-0.1,0,-0.1,0.1,0.1,0.6,0.6,0.2,0,0.1,0,-0.1,-0.2,0,-0.1,0.3,-0.2,0,0.1,0,-0.1,0.1,0,0.3,-0.2,0.1,0.4,0,-0.3,-0.3,0.1,0.1,0.1,0.2,0.1,0.2,-0.1,0.1,-0.1,-0.1,0,-0.1,-0.1,0.1,-0.1,0.1,-0.3,0.3,0.1,0.1,0,-0.3,0.1,-0.1,-0.1,0.2,-0.1,0.9,0.1,0.1,-0.1,0.1,0.1,0.1,0.2,0.2,-0.2,-0.2,0,0,-0.1,-0.1,-0.3,0,0.1,0,0,0.1,-0.1,0.2,0.3,0,0.1,0.1,0.1,0.1,0.4,0.4,0.2,0,0.2,0.3,0,-0.1,-0.1,-0.1,0,-0.2,0,-0.1,0.2,0.2,0.6,0.7,1.2,0.4,0.2,-0.3,0,-0.5,0.2,-0.1,0,-0.1,0.1,-0.3,0,0.3,-0.1,-0.1,-0.1,0.5,-0.2,0.1,0.1,0,0.1,0.1,0.2,0.1,0.1,0.1,1.5,-0.2,0,0.2,0,-0.1,0.1,0.1,0,-0.2,0.1,0.2,0.1,0.2,0.1,-0.1,-0.2,0.1,0,-0.1,-0.3,0,-0.2,0,-0.1,0.2,0,0.2,0.2,0.2,-0.1,0.3,0.3,-0.1,0.1,-0.2,0.4,0.1,0.2,0,0.2,0.1,0.2,0.1,0.6,0.1,0.2,0.4,-0.1,0.1,-0.1,0.1,0.1,0.5,0,0.1,0.1,0,0.2,0.1,0,0,0.2,-0.1,0,-0.1,-0.1,-0.2,0.4,-0.1,-0.1,-0.1,0.4,0,-0.1,0.1,0,0,0,-0.1,0,0.3,0.1,0.5,0.1,-0.2,0,0,-0.1,0.2,0.3,0,-0.2,0,-0.1,0.3,-0.2,-0.3,0.5,0,0,-0.1,0.1,-0.1,0,0,0.1,0.3,-0.1,0,0,0.2,0.2,-0.2,-0.2,0.1,-0.1,-0.1,0.3,-0.1,-0.3,0.3,0.2,0.1,0,0.1,0.3,0.3,0.3,-0.1,0.1,0.1,0.2,-0.3,0,0.1,-0.1,-0.1,0,0.1,0.1,0,0,0,0.1,-0.1,0.5,0.1,-0.1,0.2,-0.3,0.1,0,0,0,0.1,-0.1,-0.1,-0.1,-0.3,0,0.2,0.1,0.1,0.1,0,-0.1,-0.2,0.1,-0.1,0,0.1,0.3,0,-0.3,0.2,-0.1,0.1,0.1,0.1,0,0.2,-0.3,0,0,-0.3,0,0.1,-0.1,0.2,0.1,-0.2,-0.1,0,0.2,0.3,0.1,0,-0.2,0.1,0,-0.1,-0.1,0.1,0.2,0.2,0.3,-0.1,-0.3,0.2,0.3,0.2,-0.2,0,-0.2,0,0.3,0.1,0,0,0.1,-0.1,-0.1,0,-0.1,0.2,0.1,-0.1,-0.1,0.3,-0.1,-0.2,0.1,-0.1,0,0.1,-0.1,0,0,0.2,-0.1,0.1,0.1,0.1,-0.1,-0.1,-0.1,0,-0.1,0,0,0.1,0,0.5,0.3,-0.1,-0.2,0,-0.2,0,-0.1,0.3,0,0.1,-0.1,0.2,-0.2,-0.1,-0.1,-0.1,-0.2,0.1,0.3,0.4,0,0,-0.2,-0.1,0.2,0.1,0.1,-0.2,0.2,-0.1,-0.1,0.3,0.4,0.3,0.2,0,0,0.2,0.5,0.2,0,0.2,0,0.1,0,-0.1,0,-0.2,-0.1,0,0,-0.2,0.2,0,-0.2,-0.3,-0.2,0,0.2,0.1,-0.2,-0.1,-0.1,-0.3,0.2,0,0,0.1,0,0,0,0,-0.1,0.1,0.1,0.1,0.2,0.1,-0.3,-0.1,-0.1,0,-0.1,0.2,0,0,0.2,0,-0.3,0.2,0.2,0,-0.3,-0.1,0,0.2,-0.1,-0.2,0.2,-0.2,-0.1,0.1,0,0,0,0.4,-0.1,0.2,0,-0.1,0.1,-0.1,0.1,0,0,-0.2,-0.1,-0.3,0.2,0.4,0.1,-0.1,0.1,-0.1,-0.1,0,-0.2,0,0,0,0.2,-0.4,-0.1,0,-0.4,-0.1,-0.1,-0.3,0,0.1,0,0.3,0,0,0,0,-0.1,0,0.1,-0.1,-0.1,0.6,0,-0.4,0.1,-0.1,-0.1,-0.1,-0.1,0.1,0,0.1,0.2,0.2,0,-0.1,-0.1,-0.2,0,-0.1,0.2,-0.1,-0.1,0.1,-0.3,0,0,0,0.3,0.1,0,0,0,0,0.1,-0.2,0.2,-0.1,-0.1,0.1,0.2,-0.1,-0.1,0.1,0.1,-0.1,0,-0.2,0,0.3,-0.2,0,-0.1,0.2,0,0,0,0.1,0.1,-0.1,0.3,-0.2,0.3,0.1,0,0.1,0.1,-0.1,-0.2,-0.2,0.6,0,-0.2,0,-0.2,-0.1,0,-0.1,-0.1,-0.1,0,-0.1,-0.2,0,0,0.1,0,-0.1,0,0.1,0,0,-0.1,0,0,-0.1,-0.1,0,-0.4,0.3,-0.1,0.1,0.1,0,0,0,-0.1,0.1,0.2,0,0.1,-0.3,-0.1,-0.1,0.2,-0.2,0.6,0.1,-0.2,0,0,0.1,0.1,-0.1,0.1,0,0.3,-0.2,0.2,0.2,-0.3,0.1,0.3,0,0.1,0,0.1,-0.2,0,-0.2,0,0,0,-0.2,0,0.1,0,0,0.1,0.4,-0.2,-0.2,0,0,0.2,-0.1,-0.1,0.2,0,0.2,0.4,-0.1,0.2,-0.2,-0.2,0.3,0.2,0.1,0.1,0.1,-0.3,0.2,0,0,-0.2,0.1,0.2,0.1,0,-0.1,0.1,0,0,0.3,0,0,-0.1,0,0.4,0.1,-0.1,0,-0.3,0,0,0,-0.1,0.1,0,-0.1,0.1,-0.1,-0.2,-0.2,-0.3,-0.1,0,-0.2,0,-0.3,0.1,0,0.2,-0.2,0,0,0.2,0,0.1,-0.1,0.2,-0.2,0,0,0,-0.1,-0.1,-0.1,0.2,0.5,0,0.4,-0.2,-0.1,0.1,-0.1,0,0.1,0,0.1,-0.3,-0.2,-0.2,0.1,-0.2,0.1,-0.3,0,-0.1,-0.1,0,0.2,0.1,-0.1,-0.2,0,0,0.1,0,-0.1,-0.1,-0.1,0.3,0.2,0.1,0,0,-0.1,-0.1,-0.1,-0.3,-0.1,-0.1,0.1,0.1,-0.2,0,1.3,0.4,0.5,-0.2,0,0,0,-0.2,0.5,-0.4,0,-0.2,0.2,0,0,0.1,0,-0.2,0,0.1,0,0.4,-0.1,-0.1,0.2,0.5,0.3,0.3,0.2,0.1,0,-0.1,0.1,-0.2,-0.1,-0.1,-0.1,-0.1,0,0.3,-0.1,-0.2,-0.2,-0.2,-0.1,0.2,0,0.4,0.1,0,0,-0.1,0.4,-0.2,-0.1,-0.1,0.1,0.1,-0.3,-0.2,-0.1,0.1,0,0.2,-0.1,0.3,0.1,-0.2,0.9
PC3,BRD-K66175015,CN(C)CC=CC(=O)Nc1cc2c(Nc3ccc(F)c(Cl)c3)ncnc2cc1O[C@H]1CCOC1,0.9,0,0.2,-0.2,0.2,-0.1,0,0,0,-0.5,-0.2,0,0.3,-0.1,0.5,-0.2,0.1,0.2,0.1,0,0,0.1,0.1,-0.2,0,0.3,-0.1,-0.1,-0.1,0.2,-0.3,0,0.1,0.1,-0.2,-0.2,-0.1,-0.1,-0.1,0.2,-0.2,0.2,0,0,0,0,0,-0.1,0,-0.1,0,0.1,0,0.3,0,0,0.1,0.3,-0.1,-0.3,0,-0.1,0,0.1,0,-0.1,0.1,-0.1,-0.1,-0.6,0.2,-0.1,0,-0.3,-0.3,-0.2,-0.1,0.1,0.1,0.6,0.2,-0.1,0,0.1,0.4,0.1,-0.3,-0.1,0.1,0.1,-0.1,-0.2,-0.3,0.1,0,-0.1,-0.1,-0.1,0.2,0.2,0,0.5,-0.2,0.3,0.6,0.2,0.1,0,-0.1,0.2,-0.1,0.7,0.3,0.1,0,0,-0.4,-0.1,-0.3,0,0,-0.1,0.8,0.4,-0.8,-0.7,0,0,0.3,0,0.2,0.4,0,0.5,-0.1,0.1,-0.1,-0.1,0,-0.1,0,0.3,0,-0.3,0,0.1,0.2,-0.2,0.1,0,-0.1,-0.2,-0.1,0.2,-0.2,0,-0.1,0,0.3,0.2,-0.3,0,0,0.2,0.4,0,0.4,0,0.1,-0.1,0.1,-0.1,-0.1,0.2,0,-0.1,0.1,-0.1,-0.1,-0.2,0.3,0.3,-0.3,0.4,0.4,0,0.3,0.1,0.3,-0.3,0,0.2,0.1,-0.4,-0.2,-0.3,-0.1,0.2,0,0.3,0.6,0.3,0.1,-0.1,-0.3,-0.5,0.6,0.7,0,0.4,0.1,0.2,0.5,0.2,0.3,0,0.1,0,0,0.3,-0.1,0.2,0,-0.5,0,0.2,0.1,0,0.7,-0.1,0,0.1,0.3,-0.1,0,0,-0.4,-0.3,0.1,-0.2,-0.3,-0.6,-0.4,0,0,-0.2,0.2,-0.3,-0.3,-0.5,0,-0.1,0,0,-0.1,0.3,-1,-0.2,0.1,-0.1,-0.1,-0.1,-0.4,0.2,0.1,0.3,0,0,0.1,0.2,0.4,0.1,-0.3,0,0,0,0.2,0.2,0.2,0.1,0,0.5,0.2,-0.1,0.3,-0.2,0.5,-0.2,-0.1,0,0,-0.2,-0.2,0,0,-0.5,0.9,0.4,-0.1,-0.6,0.2,0,-0.2,-0.2,-0.2,-0.1,0,0,-0.1,0,-0.1,-0.1,0.1,0.2,0,-0.1,-0.1,0.5,-0.1,-0.1,-0.6,-0.1,0,0.1,-0.5,0.4,-0.3,0.1,0,0.2,-0.1,-0.7,0,0,0,-0.1,0,0,0.2,0.1,0.1,-0.1,0,0,0.2,0.2,-0.2,-0.2,0,0.1,-0.1,0.1,0.2,-0.3,-0.1,-0.1,0.1,-0.3,-0.1,0.6,-0.5,0,-0.3,-0.3,0.1,-0.1,0.2,0.1,-0.1,-0.2,0,-0.3,0,0.2,0.2,-0.7,-0.2,0,0.2,-0.5,0,0,0.1,-0.1,-0.1,-0.3,0.1,-0.3,-0.1,-0.1,-0.2,0.2,-0.3,-0.3,0,-0.1,-0.1,-0.1,0.1,0,0,-0.3,0,0.5,0,0,0.2,0.1,0.2,-0.1,-0.6,0.1,0,0.4,0.2,0,0,0.2,-0.1,0.4,0.2,0,0.2,0.4,0.2,0.1,-0.1,0,0,-0.2,0.1,0.1,0.1,-0.1,-0.3,0.3,-0.2,0,0.3,0,-0.3,-0.3,-0.2,-0.4,0,0.1,-0.1,0,-0.3,0.1,-0.6,0.1,0,0.5,0,0.1,-0.2,0.2,-0.1,-0.1,0.1,0,0,-0.1,-0.1,0.3,0.1,0.1,0,0.4,0.1,0,0.1,-0.2,0,0.1,0.3,-0.1,0.1,0.1,-0.6,0.3,-0.3,-0.1,0,0.3,-0.3,0.1,0.4,0,0.1,0.3,0.3,-0.2,0.1,-0.1,0.1,-0.5,-0.2,0.3,0.2,0.3,0,-0.1,0,-0.1,0.1,0,-0.3,-0.3,0.1,-0.2,0.1,-0.2,0,0.3,-0.2,0.1,0,-0.3,1.1,0.1,-0.2,-0.2,-0.1,0.3,0.2,0.1,0.2,0.3,0.1,-0.3,-0.1,-0.1,-0.2,-0.1,0.1,0,-0.8,0.2,0.2,0.3,-0.1,0.1,-0.1,-0.3,0.1,0.3,0.2,0,0.2,-0.1,0.2,-0.1,0.3,0.1,0.3,0,-0.1,0.3,0.1,0.1,-0.1,-0.3,0,-0.3,0.3,0.1,-0.3,0.3,-0.1,-0.1,0,0.3,0.2,-0.3,0.2,0.1,0.2,-0.1,0,0.2,-0.1,0.2,0.1,0.4,0,0.1,-0.3,0,0,-0.3,0.2,0.5,-0.4,-0.1,-0.1,0,0,0.2,0.2,0.2,0.2,0.7,0.4,0,0.1,-0.2,-0.4,0.2,-0.1,-0.3,0,-0.1,0,-0.3,0,0.2,-0.1,-0.3,-0.1,0.2,-0.2,-0.2,-0.6,-0.2,0.3,0.1,-0.2,0,-0.1,0,0.1,0,0,-0.1,0.2,-0.1,-0.3,0.1,0,0,0.2,0.2,-0.1,-0.2,-0.3,0.1,0,0.2,-0.1,-0.3,0,0.2,-0.1,0.2,0.3,0.1,-0.1,-0.1,0.1,0.4,-0.1,0,0,-0.1,-0.1,0,0.7,0.1,0,0.2,0,-0.1,0.2,0,0,0.3,-0.1,0.4,0.3,0.1,-0.1,0.1,-0.4,-0.1,0.2,-0.2,0.1,-0.1,0,-0.3,0.1,-0.4,-0.2,-0.4,-0.4,-0.4,0.2,-0.1,0.1,-0.2,0.2,0,0.1,0.2,0,0,-0.3,0,0,-0.1,-0.1,-0.3,0,0.1,-0.1,0.1,0.1,0.4,-0.1,0,0.1,0.2,0.1,0,-0.1,-0.2,0.1,0.2,0.1,-0.1,0.1,-0.4,0.1,0.1,0.2,-0.1,0.1,0.1,0.1,0.4,0.1,-0.2,-0.1,0.2,0.2,-0.1,0,-0.1,0,-0.1,0.2,0.1,0,-0.1,0.1,0,0.1,-0.3,-0.1,-0.2,0.3,-0.2,0,0.3,-0.1,-0.2,0,0.1,0.2,0,0.1,0,-0.2,0.2,-0.5,0.1,0.1,0.1,0.1,0.3,-0.4,0,-0.1,0,0.2,0.2,0.1,0,0,0,1.1,-0.3,-0.3,-0.1,0.3,0,0.1,-0.4,-0.5,0.1,-0.1,-0.2,-0.1,0.2,-0.2,-0.1,-0.1,0.2,0.2,0.2,0,0,-0.1,-0.1,0.1,0,-0.2,-0.1,0.1,-0.2,0,0.2,0,0,-0.7,-0.1,-0.1,-0.2,0.2,0.2,0,0.2,-0.3,0,0,-0.1,-0.2,-0.1,0.3,-0.2,0.2,0.4,0.2,0.1,0,-0.1,0.3,0.1,0.3,0,0.1,0.3,-0.1,0.2,0.1,0.1,0.1,-0.2,-0.4,1,0,0.3,0.1,0,0,-0.2,0.3,0.2,0.1,-0.1,0.1,0.3,-0.1,0,-0.2,0.1,-0.1,0.2,0.1,-0.1,0,0.3,0.2,-0.2,-0.2,-0.1,0.1,0,0.5,0.1,-0.1,-0.2,-0.1,-0.2,-0.4,-0.2,0,0.1,0.1,0.1,-0.2,0,0.1,0.2,0.6,0.1,0.1,1.1,-0.1,0.2,0.1,0.3,0,-0.4,-0.2,0.4,0.1,0.4,-0.2,-0.2,0.1,0.2,0,-0.3,-0.1,-0.3,0.3,0.3,-0.1,0.2,-0.2,0,0.1,0.2,-0.1,0,-0.1,-0.1,-0.1,-0.1,-0.2,-0.1,0,0,0.2,-0.1,0.4,-0.1,-0.2,-0.6,0.1,0.2,-0.1,0,-0.3,-0.1,0.6,0.2,0.3,0.5,0.2,0,-0.2,-0.3,0.2,0.2,-0.1,0.1,-0.1,0.4,0.1,0.4,0.1,-0.3,0.1,0.1
A549,BRD-K70401845,COCCOc1cc2ncnc(Nc3cccc(c3)C#C)c2cc1OCCOC,0.8,-0.1,0.1,-0.1,0,-0.1,0,-0.2,0,-0.1,0.1,0,0,-0.5,0,0.1,0.1,0.2,-0.1,-0.4,0.1,0.1,-0.1,0.1,0,0.6,0,0,0.3,-0.1,-0.1,0.2,-0.3,0.1,-0.1,0,-0.1,0.2,0.1,-0.2,0.3,0.3,-0.3,0,-0.1,1,-0.1,0.1,-0.1,0,0.3,-0.3,0,-0.3,0.2,0.4,0.2,-0.2,-0.1,-0.3,-0.2,-0.2,-0.3,-0.1,0.3,0.3,-0.6,0,-0.3,-0.3,-0.2,-0.4,-0.1,-0.2,0,-0.3,0,-0.4,-0.2,0.1,0.6,0,0.1,0.2,-0.4,0,-0.1,0.2,0.4,-0.3,0,-0.2,-0.1,-0.1,0,0,-0.2,0,0.3,0,-0.1,0.2,0.5,0.6,-0.3,0.1,0,0.2,0,0.1,0.2,0.5,-0.4,0.2,0.1,0.1,0,-0.1,0,0.3,-0.4,0.1,1.6,0.4,-0.6,-0.4,0.2,-0.1,0.4,-0.1,0,-0.2,0,1,-0.5,-0.1,-0.2,-0.2,-0.2,0.2,-0.3,0.5,0,0.1,0.1,0,0.1,-0.5,0.7,-0.3,0.1,0.2,-0.1,0.3,0.2,-0.2,0.2,0.1,0.2,-0.2,0,0.5,0.1,-0.1,0.2,-0.2,-0.2,0,-0.1,0.1,0,-0.1,-0.3,0.2,-0.2,0.3,-0.3,0,0.2,-0.6,0,0,1,0.6,0.5,0,0,0.1,0.1,-0.2,-0.1,0,0,0,-0.1,0.1,-0.2,0,0.2,-0.1,-0.2,0.8,0.4,0,-0.3,0.2,0.1,-0.5,-0.3,-0.2,0.2,-0.3,0,0.1,-0.1,-0.9,-0.1,0.4,-0.1,0.3,-0.1,-0.2,0.5,0.3,0.1,-0.2,0.1,0,0.2,-0.1,0.1,0.2,-0.1,0,0,0,0.3,-0.1,-0.1,0.1,-0.2,0.3,0,-0.2,0.1,0.2,0.1,0.1,-0.1,-0.3,-0.4,0,-0.3,0.4,0.1,0.1,0.2,0.2,0.1,0,0.1,-0.2,0.1,0.1,0.3,-0.1,0.1,0.1,0.2,0.1,0.3,-0.1,0.3,-0.1,0.1,0.3,0.1,-0.1,-0.2,0.1,-0.2,-0.1,0,0,-0.2,-0.3,0.4,0.2,0.1,0,0.3,0,0.1,-0.1,0,0.2,2.4,0,0.1,-0.1,0,0.1,-0.2,0.1,-0.2,0.1,0,0.3,0,0.4,-0.2,0.5,0,-0.4,0,-0.1,0.2,0.7,0,0,-0.4,0.1,0,0.1,-0.1,0.1,0.5,0,0.1,0,0.1,0.2,0.1,0,-0.1,-0.1,0.3,0,0.1,0.2,0.2,0.3,-0.2,-0.2,0,-0.1,-0.2,0.3,0.1,-0.4,-0.1,0,0,-0.1,0.2,0.3,0.5,0.2,-0.1,0.9,0.2,0,0,0,-0.3,-0.2,0,-0.1,-0.4,-0.1,0.5,0.3,0,0.1,0.1,-0.3,-0.5,0.5,0.5,-1.8,0.1,0.1,0,-0.3,0,-0.2,-0.1,-0.1,0,0,0.3,0.7,0,0,0,0,-0.3,-0.1,0,0.2,-0.1,-0.1,0,1,-0.1,0,-0.1,-0.2,0.4,0,0,-0.2,0.2,-0.1,-0.3,-0.1,0.6,-0.1,0,-0.7,0,-0.3,0.3,0,0.3,0.4,-0.2,0,0.2,0.2,-0.2,-0.1,0.2,0.6,0.2,0.1,0,0,0.5,0.3,-0.2,0.1,-0.4,-0.1,0.1,0.1,0.1,0,-0.1,0.2,0,0.7,-0.2,0.1,0,0.4,-0.1,0.1,0.1,0,0,-0.1,-0.2,0,0,0.7,-0.1,0,-0.2,0.3,0,0.1,-0.1,-0.2,-0.3,0.1,-0.1,-0.2,-0.3,-0.9,-0.1,-0.3,-0.1,0,-0.1,0.1,-0.5,0.1,0,0.3,-0.1,0.3,-0.1,0.1,-0.2,0,0.2,-0.4,-0.3,0.1,-0.5,-0.1,-0.2,0.1,-0.1,-0.1,0.2,0.2,-0.3,-0.7,0,0,0.2,-0.1,0.2,0.5,0.1,-0.1,-0.4,-0.7,0.3,-0.2,0.1,0.1,-0.1,-0.2,-0.1,0,0,0,-0.4,0.4,0,0.1,0.2,0,-0.3,-0.2,-0.3,0.2,0.1,0.2,-0.2,0,-0.2,-0.4,0.6,0.2,0,0,-0.1,-0.1,0.2,0,-0.6,0,0.3,0.1,0.1,-0.2,-0.2,-0.5,-0.1,0.1,-0.1,0,-0.1,-0.1,0.3,-0.1,-0.3,-0.3,0.1,-0.1,0.4,-0.2,0.6,0.6,0.2,-0.4,-0.1,-0.3,-0.1,0.1,0.2,0,0.1,0.6,0,0.2,-0.1,-0.2,0.2,-0.1,1.4,0,-0.1,0,0.2,-0.4,-0.1,0.1,-0.3,0.3,0.3,-0.8,0,-0.2,-0.1,-0.1,0.2,0,0,-0.3,-0.8,0.1,-0.1,0.3,-0.5,-0.2,0,-0.1,-0.1,0.2,0.1,0,0,0.1,0,0,-0.1,-0.1,-0.2,0.3,0,-0.1,0,0.1,0,0.2,-0.1,0,0,0.6,0.1,0.4,-0.3,0.1,-0.1,0.1,-0.1,-0.5,0.1,0,0.1,-0.1,-0.3,0.1,0.1,0,-0.3,0.1,-0.1,0.3,0.1,-0.3,-0.3,-0.3,0.4,0,-0.1,-0.3,-0.1,-0.1,-0.2,0.1,0.2,-0.3,-0.2,-0.3,-0.1,0.1,-0.1,-0.2,-0.2,0.2,0,0,-0.1,-0.1,0.1,-0.1,0.2,-0.2,-0.2,0,-0.1,-0.4,0,0.1,-0.3,0.2,0.2,0.2,-0.3,0.4,-0.2,0.2,-0.2,0,0.1,0.1,0,-0.3,0.1,-0.2,-0.2,0,0,0,-0.2,-0.1,-0.2,0,-0.1,0.1,-0.1,0.2,0.2,0.2,0.1,0.1,-0.3,-0.1,0.4,0,-0.1,-0.1,0,0.2,0.4,-0.4,-0.5,-0.2,0.1,0.1,0.3,0.3,0.5,0.2,0,0.1,0,-0.1,0.2,-0.3,0.2,0.1,-0.3,-0.1,-0.2,-0.2,0.2,0.1,0.2,0.2,0.5,0,0.1,-0.1,0.1,-0.1,0.1,-0.5,0.1,0.1,0.2,0.4,0,-0.1,0,0.9,0,0.8,0.5,-0.2,0.2,-0.1,0.1,0,0,0.8,2.3,-0.3,0.1,0,-0.2,0,0,0,-0.1,0.2,-0.1,-0.1,-0.2,0.2,0,0.1,-0.1,0.1,0,-0.2,0,0.1,0.1,-0.2,-0.2,-0.2,-0.1,-0.1,-0.2,0.6,-0.2,-0.1,-0.1,0,-0.1,-0.1,0.2,0.1,0.1,-0.2,0,0.1,-0.2,-0.1,-0.1,-0.1,0.1,-0.2,0.2,0.2,0,0,-0.1,0.1,0,-0.2,0.1,0,0.2,0,-0.1,-0.2,-0.2,0,0.3,-0.2,-0.1,0,-0.4,1.5,-0.1,0.2,-0.6,-0.4,0.2,-0.4,0.1,0,0.2,0,-0.1,-0.5,-0.4,0.2,-0.1,0.1,-0.3,0.1,0,-0.1,-0.1,-0.1,-0.1,0,-0.1,0,0.1,0.2,-0.2,0.1,0.1,0,0.7,-0.1,0.3,-0.1,-0.1,-0.1,-0.1,-0.1,0.1,-0.2,0.2,0.1,-0.1,0,-0.1,1.7,0.3,-0.3,-0.1,-0.1,0.1,-0.2,-0.2,0.5,-0.1,0.5,-0.3,0.2,-0.2,0.1,0,-0.2,-0.2,0.1,0.2,0.2,0,-0.1,-0.3,0.5,2.1,-0.3,0.3,0.1,0.1,-0.1,-0.1,0.5,-0.1,-0.1,0.5,0.1,0.2,0.1,0.4,-0.1,-0.3,-0.1,0.1,0,0.2,-0.4,0.1,-0.2,-0.1,0.1,0.4,-0.1,0.2,-0.2,0.1,0.1,-0.1,0.1,0,-0.2,0,0,-0.1,0.1,0.1,-0.1,0,0.3
A549,BRD-K85606544,CCOc1cc2ncc(C#N)c(Nc3ccc(OCc4ccccn4)c(Cl)c3)c2cc1NC(=O)C=CCN(C)C,1.2,0.3,0.4,-0.6,1.3,0.3,0.3,-0.1,-0.1,-0.2,-0.4,0,0.2,-0.2,1.9,0.2,0,0.3,-0.1,-1,0,0.3,-0.1,0.5,-0.2,0.8,-0.4,0.5,-0.1,-0.5,-0.4,0.2,-0.1,0,-0.7,-0.8,-0.5,0.2,0.2,-0.2,0.1,0,-0.7,0.1,-0.2,-0.8,-0.2,0,0.1,0,0.2,-0.2,0.2,0.1,0.3,0.5,0.2,-0.3,-0.7,-1.3,-0.4,-1.2,-0.9,-0.3,0.6,1.1,0.1,-0.1,0,-0.9,-0.9,-0.8,0.1,-0.3,0.2,-0.4,-0.1,-0.5,-0.2,0.1,0,0.2,0.1,-0.4,-0.5,-0.2,-0.2,0.1,0,0.1,0.2,-0.2,0,0.1,0.1,-0.2,-0.4,0.1,0.3,0,0.2,-0.4,0.3,1,0.8,0,0.1,-0.3,-0.3,0.3,-0.1,0.5,-0.2,-0.2,0.2,-0.1,-0.1,-0.3,-0.3,0.3,-0.7,0.4,2.9,0.7,0,-0.4,0,-0.1,0.5,-0.5,0.1,0.4,0.4,0.8,-0.2,0,-0.4,0.2,-0.6,0.3,-0.5,0.5,-0.1,-0.6,0.2,0.2,0.2,-0.5,0.5,-0.5,0,0.1,0.4,1.4,0.4,-0.1,0.8,0.1,0.2,-0.9,-0.6,0.6,0.4,-0.1,0.5,-0.5,0.4,-0.2,-0.2,0.2,0,0.1,-0.5,-0.3,-0.2,0.2,-0.3,-0.1,0.1,0.3,0.3,0.1,0.5,1.3,0.7,-0.3,0.1,-0.2,0.5,-0.4,-0.4,0.3,0.1,-0.4,-0.2,0,0.1,0.2,0,0.5,0.6,1.8,-0.1,-0.3,-0.7,-0.6,-0.1,0.2,0.1,-0.1,0.5,-0.3,0.3,0,-0.3,-0.1,-0.2,0.1,0.2,0.9,-1.4,-0.3,0.1,0.2,-0.1,-0.2,0.2,0.1,0.9,-0.3,0.3,0.7,0.2,-0.2,0.2,0.3,0.6,-1.1,-0.4,0.1,-0.6,0.7,0,-0.5,0.2,-0.1,-0.1,0.1,-0.2,-0.4,-0.1,-0.3,-0.2,0.6,-0.1,0,-0.1,0.2,-0.5,-0.5,0.1,-0.8,0.3,0,0.1,-0.6,0.1,0.2,0.2,0.3,0.5,0.1,0,0.1,-0.1,0.5,0.1,-0.1,-0.3,0,0,1.2,0.1,0.1,-0.1,-0.5,0.5,0.1,0.2,-0.3,-0.2,0.1,0.5,0.2,0.1,-1.2,2.2,-0.5,-0.2,-0.5,0.6,-0.3,-0.3,0,0,-0.2,-0.2,0.7,-0.2,0.4,0,0.5,0,-1.3,0.3,0.1,-0.5,0.6,0.5,-0.2,-0.8,-0.3,-0.6,0,0.2,0.4,-0.2,0.5,0.3,0,0.1,0.4,0,-0.1,0.3,-0.1,0.3,-0.2,-0.1,0.3,0.3,-0.2,0,-0.1,0,0.1,-0.2,-0.4,-0.2,-0.2,0.2,-0.1,-0.3,-0.3,0.2,0.2,0.1,-0.4,0.3,1.1,0.3,0.4,0,0.1,-0.3,-0.4,0,0.2,0.2,0,-0.2,0.3,-0.2,0.4,0.4,-0.5,-0.5,-0.2,-0.5,-1.9,0.2,0.2,-0.3,-0.7,-0.8,-0.5,-0.1,-0.5,0.1,-0.1,0.2,1.8,-0.2,-0.3,0,-0.4,-1.6,-0.3,0.2,0,0.1,-0.6,-0.4,1,-0.3,-0.7,-0.1,-1,0.3,-0.6,-0.3,-0.2,0.8,0.1,-0.2,0.3,-0.3,0,0.1,-1.1,-0.1,0.4,0.4,0.8,0.2,0.1,-0.4,0,0.3,0.5,-0.3,0.3,0.2,1,0.5,-0.1,0.1,-0.6,0.4,0.3,-0.6,0.2,-0.5,-0.2,0.3,-0.2,0.1,0,-0.5,-0.3,-0.7,0,-0.3,0.4,-0.1,-0.5,-0.5,0.2,0.1,0,0.2,-0.8,0.1,-0.6,-0.3,0.4,-0.2,0.4,0,0,0,0,-0.3,0,-0.3,0.1,-0.2,-0.1,-0.1,0.6,-0.3,0.2,-0.2,-0.3,-0.1,0.6,-1.1,0.2,0.2,0.3,0.2,0.3,0.3,0.1,-0.4,-0.1,0.2,-0.3,-0.8,0.1,0.2,-0.2,0.1,-0.1,-0.5,-0.3,0,-0.2,-0.5,-0.8,0,-0.3,0.2,-0.1,0.4,0.6,-0.3,0.2,-0.2,0.5,0.6,-0.3,0.1,0.1,-0.3,0.3,0.2,0.2,-0.4,0.2,0.5,0.6,-0.2,0.1,0.2,-0.1,-0.5,-0.8,-0.4,0.8,0.1,1,-0.2,-0.8,-0.6,-0.4,0,0.4,-0.3,-0.1,-0.1,0.1,0.9,0.1,-0.4,0.2,0.4,0.1,0.1,0,-0.1,0,-0.3,0.1,0.4,-0.2,0.1,-0.2,0.9,-0.6,-0.9,-0.1,0.5,0,0.1,-0.3,0.6,0.2,0,-0.6,-0.2,-0.4,-0.3,0.5,0.1,-0.2,-0.7,0.8,-0.2,-0.1,-0.1,-0.1,0.2,0.1,1,-0.1,-0.2,-0.4,0,-1.2,0.1,0.7,0.2,1,0.6,-0.7,0,0.3,-1,0,-0.2,0.3,0.3,-1.8,-0.3,-0.2,-0.6,-0.3,-0.5,0,0.2,0.2,-0.4,0,0.6,0.1,-0.1,0.1,-0.2,0.1,-0.7,-0.2,0.2,0,0,-0.4,0.2,-0.1,-0.1,-0.3,-0.6,0.1,-0.1,1.7,0.1,0,-0.3,0.4,0.1,0,0,-0.2,0.1,-0.1,0.2,0,-0.8,0.3,0.1,0.4,0.4,0.4,0,0.1,-0.1,-0.6,0.1,0.1,0.8,0.2,-0.2,0,0.1,0,-0.3,0.1,0,-0.3,0.1,-0.2,-0.2,0,-0.5,0,-0.6,0.4,-0.4,-0.6,-0.3,-0.1,0.1,-0.7,0.5,-1,0.2,-0.3,-0.6,-0.4,0,0,-0.6,-0.1,1.1,-0.5,-0.9,0.6,-0.8,-0.1,-0.4,-0.4,-0.1,-0.1,-0.1,-0.2,-0.2,-0.5,-0.3,0.5,0,0,-0.4,0.5,0,-0.1,0.3,-0.1,0.1,-0.5,0.2,0.2,-0.3,-0.1,-0.3,-0.1,0.4,0.2,0.3,-0.1,-0.1,0.1,0.4,-0.1,-0.4,0.4,0,0,0.4,0.1,0.8,0.1,-0.2,0.2,0,0.1,0.2,-0.4,0.1,0.2,-0.1,-0.4,0.2,-0.2,-0.3,0.1,0,0.1,0.1,0.2,0.2,0,0.3,-0.5,0.3,-0.9,0.2,0.3,0,-0.6,0.3,-0.3,-0.2,1,0,0.6,0.5,-0.1,0.2,0.1,0.4,0.2,0.1,0.5,1.4,-0.6,-0.1,0.1,0.4,0.5,0.2,-0.4,0.1,-0.4,-0.1,-0.2,-0.6,0.2,-0.3,-0.2,0.2,0.3,0.2,0.3,0.2,0,0,-0.1,0,-0.5,0.1,0.1,-0.4,-0.3,-0.5,0.8,-0.4,0.1,-0.8,-0.3,0,-0.3,0.5,-0.3,0.1,0.2,-0.4,-0.2,-0.3,-0.7,-0.1,-0.8,0.2,0.4,0.5,0.6,0.6,0.5,-0.2,0,0,-0.1,0.8,0.1,-0.4,0.1,-0.2,0.1,0.1,-0.2,-0.2,-0.4,-0.8,1,-0.4,1.2,-0.3,-0.3,0.6,-0.3,-0.1,0.3,-0.1,-0.5,-0.4,-0.5,-0.5,0.4,0.1,0.4,-0.9,0.1,-1.3,0,-0.1,-0.3,0.4,0.1,-0.4,-0.2,0.4,0,0.4,-0.2,-0.5,-0.2,0.8,-0.2,0,-0.3,0,-0.1,-0.5,-1.1,0.3,0.4,-0.3,0.5,0.5,-0.6,0.1,2.2,0.3,0.1,0,-0.1,-0.2,-0.6,-0.6,0.5,0.3,-0.1,-0.5,0.2,0,0,0,-0.2,-0.3,-0.1,0.2,0.1,1.1,0,0,0.4,1.1,0.7,0.2,-0.2,0.5,-0.3,-0.4,0.4,0.3,-0.4,0.5,0.2,0.1,-0.2,0.9,-0.9,-0.5,-0.6,-0.4,0.1,0.4,-0.6,-0.1,-0.2,-0.1,0,0.9,0.7,0.1,-0.3,-0.2,-0.2,0,0.2,-0.4,0.1,0,0.4,0.1,0,0.8,0.2,2,0.4
A549,BRD-K74514084,CN(c1ccc2c(C)n(C)nc2c1)c1ccnc(Nc2ccc(C)c(c2)S(N)(=O)=O)n1,0.9,-0.3,0.1,0,0,0.1,0.1,-0.3,-0.1,-0.1,0.1,0.2,0.1,-0.1,0.5,0,-0.2,0.5,0,-0.6,-0.1,0.2,-0.1,-0.1,0,0.8,0,0.1,0,-0.2,-0.4,0.3,0,0,-0.1,-0.3,-0.1,0,0,-0.3,0,0.2,-0.1,0,-0.3,0.4,0,-0.3,0.4,0,0.2,-0.2,-0.1,-0.3,0,0,0,-0.1,-0.4,-0.6,-0.4,-1,-0.5,0.1,-0.2,0.1,0.2,-0.5,0,-0.5,-0.4,-0.4,0,-0.5,-0.1,-0.1,0.1,-0.3,-0.1,0.2,0.2,-0.3,0.2,-0.6,-0.1,-0.2,-0.1,0,0.4,-0.3,0,-0.6,-0.4,-0.2,0,0,-0.3,-0.2,0.4,0.4,-0.1,0,0,0.2,0.7,0.5,0,-0.3,-0.7,0.1,-0.1,0.3,1,0.1,0.1,-0.1,-0.1,-0.3,-0.1,-0.1,-0.3,0.5,1.8,0.2,1.2,0.7,0.1,-0.1,0.2,-0.3,0.1,0.4,0.3,0.9,-0.3,0.1,-0.2,0.3,-0.4,-0.1,0,0.6,0,0,0.3,0.3,0,0.1,0.4,-0.3,0.3,0.1,-0.1,0.4,0,-0.4,0.3,-0.3,-0.1,0,0.2,0.1,0.1,0.1,0.5,-0.2,0.4,0,0,0.1,0.4,0.1,-0.1,0.2,0,0,0.1,-0.3,0.2,-0.2,0,-0.1,-0.1,0.8,0.2,-0.3,0.5,-0.1,0.2,-0.1,-0.5,0.2,0.1,0.1,-0.1,0.1,0.1,0,-0.1,0.2,-0.2,-0.8,0.3,0.1,-0.1,0.1,-0.2,-0.8,-0.3,-0.2,-0.1,-0.1,-0.1,-0.1,0.3,-0.4,-0.1,-0.2,-0.1,0.4,-0.2,-0.1,0.3,0.2,0.2,0,0,0.6,0.4,-0.3,0.6,0.1,0.2,-0.1,0.1,0,0.6,-1,-0.2,0.4,-0.1,0.3,0,-0.3,-0.1,0.4,0,0.1,-0.2,-0.1,0.1,0,-0.2,0.1,0,0.1,0,-0.1,0.1,0.1,-0.1,-0.6,0.1,0.2,0,-0.2,0.1,-0.1,-0.1,-0.1,0.2,0,-0.2,-0.1,0.2,-0.1,0.1,-0.1,-0.3,0,0,0.7,-0.3,-0.3,0.3,-0.3,0,-0.3,0.4,-0.1,-0.1,0,0,0,-0.1,-0.2,1.4,0.2,0,0,0.4,0.1,-0.2,0.1,0.3,0.2,0,0.3,-0.3,0,-0.1,0.2,-0.1,-0.8,-0.2,0,0.1,0.9,-0.1,-0.1,-0.5,-0.1,-0.1,0.1,-0.1,0,-0.1,0.2,0,-0.1,-0.2,0.3,0.3,0.1,0.2,-0.1,0,0.1,0.4,0.3,0.4,0.1,0.1,-0.2,0,-0.1,-0.3,0.2,0,0.4,-0.1,0.1,0.1,0.5,0.1,0.1,0.1,-0.1,0.1,1,0.6,-0.2,-0.2,-0.1,-0.2,-0.2,0.2,-0.2,0.2,0.4,0.3,0.1,0.1,-0.1,0.1,0.1,-0.1,0.2,-0.1,0.7,-0.1,0.1,0,-0.4,-0.5,-0.1,-0.2,-0.1,0,-0.1,-0.2,-0.1,-0.1,-0.1,0,0.2,0.2,0,-0.5,0,-0.1,0,-0.2,0.8,-0.2,0,0.2,0,0.2,-0.4,0.3,0,0,-0.1,-0.3,0.2,0,0,0.1,-0.6,0,0.3,0,0.3,0,0.1,-0.4,-0.1,0,0.4,-0.1,-0.1,-0.3,0.2,0.1,0.2,0.2,-0.2,0,-0.1,-0.1,-0.1,0,0,-0.2,-0.2,-0.1,0,-0.3,0.5,-0.3,0.3,0.1,-0.1,0.2,-0.1,-0.1,0,-0.1,-0.1,0,-0.1,0,-0.2,-0.1,1.1,0.1,-0.1,0.3,-0.1,-0.1,-0.2,0,0.1,0,0.1,0,-0.1,0.1,0.4,0.2,0.2,0.5,-0.1,0.3,0.1,-0.7,-0.1,0,0,0.3,0,0,-0.1,-0.2,-0.1,0.3,-0.2,-0.4,-0.1,0.2,-0.2,0,0,-0.2,0.1,0,0.2,-0.5,0.6,0,-0.1,0,0.3,0.2,0,-0.2,0.2,0.7,0.5,0.3,-0.1,-0.1,-0.1,-0.2,0,0.1,-0.1,-0.1,0.1,-0.2,0.2,-0.1,0.1,0.1,0.1,-0.4,-0.4,0.1,0.1,0,0.7,-0.1,-0.5,-0.1,0,0.1,-0.1,0.1,-0.2,-0.1,0.1,0.3,0.1,0.1,0,0.6,0.3,0.1,-0.1,-0.2,-0.1,-0.3,0.1,0.8,-0.1,0,0.1,-0.4,-0.2,-0.3,-0.1,0.6,0,0.2,0.2,0.5,0.3,0.2,0.1,0.3,0.1,-0.1,0.6,0.1,-0.2,-0.1,-0.1,0.1,0,0.1,-0.1,0,0,-0.1,-0.2,-0.3,-0.2,0.3,-0.3,0.1,0,0,0.3,0.3,-0.3,0.1,-0.2,-0.1,0.1,-0.3,-0.4,0.1,-1.1,0.2,0,-0.2,0.1,-0.2,-0.2,0.1,-0.1,-0.2,-0.2,0.3,0.1,-0.1,0,0,0.2,0.4,-0.2,-0.1,-0.3,0,0.1,-0.2,-0.2,0.1,0.1,-0.4,0.1,0,0.6,0.1,0.8,-0.1,0.2,-0.1,-0.1,0,-0.2,0.1,0,0,0.3,-0.3,0,-0.1,0.1,-0.1,0,-0.1,0.5,0.1,-0.4,-0.1,-0.4,0.6,-0.1,0,0,0.2,0,-0.1,0.2,-0.1,-0.2,0,-0.1,0.1,0,0.1,0,-0.2,0,0,-0.1,0,0,0.1,0.4,-0.3,-0.4,-0.4,-0.1,-0.2,-0.3,0,0,-0.4,0.4,0.2,0.2,-0.4,0.8,-0.1,-0.1,-0.1,-0.2,0.1,-0.2,0,0.1,-0.1,-0.3,-0.1,0.3,-0.1,0.1,0.1,0.1,-0.2,0.1,0.2,0.1,0.3,0,0.1,0,0,0.2,-0.2,0.2,-0.1,0.1,-0.1,-0.1,-0.1,0.1,0.1,-0.4,0.2,0.2,0,0.2,0.1,0.1,0.1,0,0,-0.1,0.1,0.3,-0.1,-0.1,0.2,0.3,0.2,-0.1,0.2,0,-0.1,0.1,0.1,-0.1,0.1,0,-0.2,0.1,0.1,-0.3,-0.2,-0.1,0,0.1,0,0,0.1,-0.1,-0.4,0.8,0.1,0.4,0,0,0.2,0.1,0.2,0.4,-0.1,0.5,1.6,-0.3,-0.2,0.1,0,0,-0.1,0.1,0.1,-0.2,0,-0.1,0,0.1,-0.4,-0.2,-0.1,-0.2,0.2,-0.1,-0.1,0,-0.1,0.2,-0.3,-0.2,0.3,0,0,0.3,-0.1,0,-0.4,0.2,-0.1,-0.3,0.2,-0.3,0.1,-0.3,-0.1,0.2,-0.2,0.1,0,-0.6,-0.1,-0.3,0.3,-0.3,-0.1,0,0,-0.1,-0.1,-0.2,0.5,0,0.2,0.3,-0.1,-0.3,-0.2,0.2,0.2,0.1,-0.2,-0.4,-0.1,1.1,-0.2,0.3,0.1,-0.4,0.1,-0.3,-0.2,0,0,0.1,-0.3,-0.2,-0.1,-0.1,0.1,0,-0.2,-0.2,-0.9,-0.1,0.3,-0.1,0,0,-0.1,0.1,0.1,0,-0.1,-0.1,-0.2,0,-0.3,-0.2,0.4,0.3,0,-0.1,-0.1,-0.6,0,0.3,0.2,0.1,-0.1,-0.1,0.1,1.5,0.3,0.1,0.1,-0.1,0.1,-0.9,-0.3,-0.4,-0.2,0.8,-0.3,-0.1,-0.3,0.2,0.3,-1,-0.1,-0.1,0.4,0.1,0.7,-0.1,-0.2,0.3,1.7,0.3,-0.2,-0.2,-0.2,0.2,-0.2,0.3,0.2,-0.2,0.5,0,0.2,0.2,0.2,0,-0.3,0,0.2,0.4,0.2,-0.3,0,-0.5,-0.3,0.5,-0.1,0.1,0.1,-0.2,0.1,0,-0.2,0.2,-0.2,-0.2,0.1,-0.1,0.2,0,0.1,0.2,-0.2,-0.1
A549,BRD-K44844162,CC(C)n1nc(C)nc1-c1cn2CCOc3cc(ccc3-c2n1)-c1cnn(c1)C(C)(C)C(N)=O,-1.4,-0.5,0.5,0.6,-0.5,0.1,0.2,-0.4,-0.5,0,0,0.2,-0.2,-0.8,-0.1,-0.1,-0.1,-0.1,-0.4,-2.2,0.1,0.5,-0.4,0.1,0.7,0.8,0.2,0.2,1.3,-0.6,-0.3,0.3,-0.6,0,-0.2,0,-0.2,0.9,0.6,-0.1,1.4,0.8,-1.7,0,-1.6,0.4,0.3,-0.2,-0.6,0.3,1,-0.4,-0.4,-0.5,0.2,0.7,1.1,0,-0.1,-2,-1,-0.7,-0.7,-0.2,-0.2,0.4,0.4,0.4,-0.1,-1.4,-2.5,-1.8,-0.1,-0.4,-0.1,-1.6,-0.5,-0.4,0.2,0.6,1.4,0.2,0.3,0.3,-1.1,-0.4,-1.3,-0.1,0.3,-0.4,-0.1,0.3,-0.7,-0.5,0,-0.5,0,-0.1,-0.6,0.7,0.4,-0.1,1.5,1.1,0,0.1,-0.3,0,-1.6,0,0.4,-0.2,-0.1,0.9,-0.4,0,-0.2,0.3,-1.1,0.4,-0.9,0.9,1.2,0.6,1.7,2.7,0.2,-0.1,0.5,1,0.1,0.3,-0.1,-1.5,-0.8,-1,-0.6,-0.1,-0.7,0.2,-0.3,-0.5,0.3,1,0.7,0.6,-0.4,0.5,1.2,-1,-0.3,0.5,-0.2,0.8,0.3,-0.8,-0.1,-0.3,0.2,0.5,-0.3,0.3,0.2,-0.2,0.8,-1.4,-0.9,-0.3,0,0.4,-0.4,0,-0.3,0.6,-0.3,0.1,0,0.2,0.5,-0.9,-0.6,0.2,1,-0.1,2.1,0.8,-1.2,0.2,1,-0.7,-0.8,-0.6,-0.3,-0.1,-0.6,0,-0.2,0.7,0.2,0.1,-0.1,-0.5,0.6,-0.2,-0.6,-0.2,0.5,-0.4,-0.6,-0.2,0.5,-0.7,-0.5,0,-0.2,-0.5,-0.7,0.7,0.6,0.4,-0.5,-0.3,0.9,0.4,0.1,0,0.4,0.3,0.7,-0.9,1.5,-0.2,0.6,-0.2,0.1,0.4,0.6,-0.5,-0.7,0.9,-0.7,1.1,0.1,-0.3,-0.1,1.1,0.5,0.5,0.3,-1,-0.8,-0.1,-0.5,0.8,-0.1,1.3,0.2,0.2,0.3,0.2,0.2,-2,0.4,0,0.1,0.4,0.5,-0.2,0.2,0.4,-0.2,-0.1,0.2,-0.6,0.1,0.6,-0.2,0.1,-0.5,0.4,-0.7,-0.3,0.1,-0.7,0.1,-1,0.2,-0.2,0.1,0.1,0.8,0.3,-0.7,-0.4,0.2,-0.2,-0.8,0.1,-0.1,-0.3,0.5,0.2,-0.7,0,-0.2,0.1,0,0,0.6,0.5,-0.4,0.6,0,-1.8,0.4,0.3,0.5,-0.3,-0.3,0,-2.4,-0.1,-0.1,0.1,0.1,0.2,0.6,0.1,-0.3,0.7,0,0.2,0,0.1,-0.8,0,0.5,0.4,1,0.4,1.3,0.8,-0.7,-0.9,-0.2,0,-0.5,1.3,0.2,0.2,0.5,-0.1,0.4,0.2,0.2,0.1,0.8,0.3,-0.1,-1.6,0.6,0.8,-0.5,0.1,-0.3,-1.3,-0.3,-0.2,-0.1,1.2,1.1,0.9,0,0.1,0,-1.1,-1.3,0.7,0.5,-1,0.1,0,-0.6,-1.1,-0.7,-1.2,-0.4,0,0.1,-0.4,0,0.5,0.6,1,0.1,0.2,-1.6,-0.7,-0.1,-0.2,0.4,-0.1,0.4,-0.8,-0.4,0.2,-0.1,0.1,0.9,0.2,1.9,0.1,-0.3,0.2,-0.8,-0.1,0.8,-0.4,-0.2,-1.6,-0.1,0.5,0.6,0.6,0.3,0.4,-1.5,-0.2,0.3,0.6,-0.6,0.2,0.2,1.3,-0.2,0.7,0.8,-0.5,0.5,0.3,-0.7,0,0.5,-0.2,0.2,0,0.2,0.1,0.7,0.6,-1,1.6,0.3,0.2,-0.3,0.5,-0.2,0,0.1,0.2,0.2,-1.5,-0.2,-0.3,0.3,-0.7,0,0.7,-0.2,1.4,0.1,0.3,-1.1,-0.5,-0.9,0,-0.2,0,-0.6,-2.2,0.1,0.6,0.5,-0.7,-0.4,0.2,-1.9,0.2,0.2,0.9,0.2,0.4,-0.1,0.3,-0.9,-0.2,0.5,-0.3,-1,-0.6,-0.1,0.4,-0.5,0.6,-0.8,-1.3,0.7,0.6,-1.1,-0.9,0.4,0.1,1,0.5,0.7,0.1,-0.6,-0.4,1.2,0.7,0,-1,0.5,0.3,-1.7,0.1,0,0.5,-0.3,0.5,-0.8,-0.3,0,0.1,0.7,-0.4,-1.4,-0.9,-0.6,0.5,0.3,-0.1,0,-1.6,-0.4,-1.6,0.5,0.3,0.7,0,-0.6,-0.2,0.4,0.2,0.1,-0.7,0.4,0,0.2,-0.3,-0.3,-0.3,-0.5,0.7,0.1,0,-0.2,0,0,0.5,-1,0,0,-0.4,0.4,-0.2,-0.1,0.5,0.3,-1,0.2,-0.7,-0.5,0.2,0.6,0.1,-0.5,0.1,0.6,0.1,0,-0.1,0.3,0,1,-0.2,-0.6,1,1.3,-1.8,0.1,1.7,0.5,-0.5,0.3,-1,0,0.5,-1.4,0.3,-0.1,-0.4,0.2,-1.6,-0.1,0.2,-0.8,0.3,-0.5,-0.4,0.7,-0.2,-0.5,0.2,0.7,0.8,-0.6,0.3,-0.1,0.3,0.5,-0.3,-0.3,0.6,0.1,0,0.9,0.1,0,-0.2,-0.1,0.5,0.7,1.4,0.3,1,-0.7,-0.6,-0.6,-0.2,-0.4,-1.1,0.6,-0.2,0.1,0.1,-1.2,-0.2,0.2,0.7,-0.9,0.2,-0.7,1.1,0.7,-0.8,-0.2,-0.8,-1.5,0.1,-0.1,-0.3,0,-0.1,-0.8,-0.3,0.5,-1,-0.6,-1.1,-0.1,-0.1,-0.9,0.1,-0.7,0.9,-0.1,0,0.1,-0.7,0.3,-0.1,0,-1.7,-0.2,-0.7,1.2,-0.5,0.1,0,-0.8,0.3,-0.1,0.2,-0.9,1.4,-0.2,0.1,0,-0.6,0,0.1,-0.2,-0.7,-0.4,-0.9,-0.3,-0.1,0.2,-0.1,0.2,0,-0.5,0,-1.3,-0.2,-0.1,0.5,0.1,0.9,1,0.3,-0.8,-0.2,1.5,-0.2,-0.5,-0.4,0,0.3,0.3,-1.1,-1,-1,0.6,0.1,0.4,0.6,0.6,0.3,-0.1,-0.1,0.5,-0.1,0.5,-0.6,0.1,0.2,-0.1,-0.3,0.5,-0.7,0.1,0.2,0.1,1.4,1.4,0.2,0.4,-0.4,-0.2,-0.7,0.1,0.4,0.3,0.2,0.1,1,0.3,-0.3,0.2,-0.3,0.4,2.5,1,0,1.8,-0.2,0,0.5,0,0.5,-2.5,-0.7,0.2,-0.2,-0.2,-0.3,0.1,0.3,1,0.1,-0.1,-0.6,-0.2,0.5,0.1,0.1,-0.1,0,0.2,-0.5,-0.3,0.4,0.2,-0.3,-0.8,-0.6,-0.3,-0.9,0,1.5,-0.9,-0.1,-0.7,-0.2,0.2,-0.7,-0.2,-1.1,-0.1,0.1,-0.3,0.2,-0.5,0.9,1.9,-1,1,-1.1,-0.7,0.3,0.1,0,-1,0.1,0,0,0.1,0,1.1,-0.4,0.3,0.2,-1.1,0.7,-0.4,-0.4,-0.1,-0.5,-0.5,-0.4,-0.3,1.3,-0.5,-0.2,0.5,-0.8,-0.3,0,0.7,-0.1,-0.9,-1,-1.2,-0.1,-0.6,0.2,-0.2,0.5,-0.7,-0.5,-0.7,0.4,0,0.2,-0.1,0,-0.2,0.5,0.6,0.3,0.4,0,0.9,1.1,1.3,0.4,0,0.3,0.3,-1.2,1.2,-0.2,0,0.3,-0.1,-0.2,-0.4,-0.9,2.1,1.7,-0.8,-0.2,0.2,-0.9,-0.6,0.5,-0.7,0.8,-1,0.1,-0.4,0.1,0.2,-0.6,-0.2,0.3,0.1,-0.4,0,-0.6,-1.4,2,-0.6,1.3,0.2,-0.2,0.1,0.6,-0.3,0.9,-0.5,-0.6,1,0.1,0.3,-0.2,1.3,-0.3,-0.3,-1.1,0,0.2,0.8,-1.2,0.2,-0.8,-1.3,0,0.9,0,0.4,-0.3,2.4,0.3,-0.1,-0.2,-0.1,-0.8,0,0.2,0.1,0.2,0.1,0.2,-0.1,0.5
A375,BRD-K66175015,CN(C)CC=CC(=O)Nc1cc2c(Nc3ccc(F)c(Cl)c3)ncnc2cc1O[C@H]1CCOC1,1.1,0.3,0.3,-0.5,-0.2,-0.1,-0.7,-0.4,-0.4,-0.8,-0.3,-0.5,1.3,-0.4,0,0.5,0.5,0.3,0.1,-0.2,-0.1,0.3,0.4,-0.8,-0.7,0.6,-0.6,-0.5,-0.2,0.2,-0.6,-0.1,-1.2,-0.3,-0.6,-0.1,-0.7,-0.5,0.2,-0.9,-0.9,0.6,-0.3,-0.2,0.6,0.2,-0.8,0.1,0.3,-0.1,0.8,-0.4,0.2,0.2,0.8,-0.3,0.1,0.1,-0.6,-1.3,0.2,-0.1,-0.7,-0.3,0.2,1.1,0.1,-1.2,0.1,-0.6,0.4,-0.5,0.5,-1,-0.1,-0.6,-0.1,-0.6,0.1,2.3,0,0.5,0.2,0.1,0,0,-0.3,-0.2,-1.8,0.8,0,0.2,-1.1,-0.2,0,0.5,-0.1,-0.2,-0.1,0.5,0.8,0.8,0.8,1.4,1.9,-0.5,-0.9,0.2,-0.4,0.2,0.3,1.9,0.7,0.6,-0.2,0.2,-0.4,-0.6,-0.1,0.6,-0.2,-0.2,0.9,0.9,-1,-1.7,0,-0.2,0.5,0.5,0.2,0,2.4,0.4,-1,0.2,-0.8,-0.5,-0.2,-1.9,-0.2,0.4,-0.2,-0.8,-3.7,0.1,-0.2,-0.8,1.3,-0.3,0.1,0.4,0.3,0.3,0.8,-0.3,0.9,1.1,-0.3,0.6,-1.1,1,-0.1,-0.9,0.3,0,1,-0.1,0.3,-0.1,0,-0.1,-0.1,0.4,-0.3,0.3,0.2,-0.4,-0.7,-0.2,0.4,0.4,0.9,1.5,1.1,0.1,0,-0.3,0.7,-0.9,-0.3,0.5,0.4,-1.3,-0.9,-0.2,-0.5,-0.7,-1.1,0.8,2,7,-0.7,-0.3,-0.5,-0.1,0.8,1.6,-0.1,-0.1,0.2,-0.2,1.1,0.3,-0.3,0.2,-0.8,0.6,-1.4,1.2,-1.2,0.1,0,-0.2,0.5,0.5,-0.3,0.6,1.3,0.4,-0.7,1.1,0.1,-0.4,0.2,-0.1,-0.1,-1.3,0,0.6,-0.7,0,0.1,0.1,0.1,-1.3,-0.2,-0.4,-0.6,-0.8,-0.3,0,-0.8,1.4,0.1,-0.1,1.4,-0.2,-0.3,0.4,-0.3,-0.6,-0.5,0.4,-0.3,0.5,0,0.4,0.6,0.3,1.1,0.1,0.2,-0.2,0.1,0.9,0.3,-0.1,0.1,0.1,0.2,1.7,0.4,0.1,0.4,-0.3,1.4,0.5,0.1,-0.1,0.7,-0.1,0,-0.1,0.9,-1,1.9,-0.2,0,-0.8,-0.2,-0.3,-0.7,-1.2,-0.2,0.1,0.4,0.5,-0.4,0.6,-0.2,1.4,-0.2,0.3,0.2,-0.1,0,0.6,1.1,0.1,-1.2,0.2,-0.4,0.1,-1.5,-0.1,0.2,0.3,0.8,-0.1,0.3,-1.2,-0.3,0,0.4,0.6,0.5,0,0.4,0.1,0.6,-0.1,-0.3,0,0.3,0.6,-0.1,-0.5,0.1,0,0.1,0.2,-0.1,-0.9,0.3,0.5,1.2,-0.6,0.3,1.4,-1,-0.5,-0.1,-0.2,0,-0.2,-1.1,-0.2,-0.2,-0.5,0.1,-0.8,-0.2,-0.4,0.6,-0.8,0.4,0.8,-0.4,0.1,0.1,0.5,-0.3,0,-0.6,-0.6,0.1,-0.8,0.2,-0.8,-0.5,1.3,-0.8,-0.4,-0.1,-0.2,-0.4,0,-0.7,1.4,-0.1,-1.1,-0.2,0.2,-0.1,-0.4,-0.1,-0.3,0.8,-0.6,-0.3,-0.4,1.2,0.6,-1.3,-0.4,0.8,0.2,-0.2,0.2,-0.2,0.4,1.1,0.2,-0.1,1.3,-0.4,0,0.1,-0.9,-0.1,-0.2,0.1,0,0.3,-0.3,-0.9,0.3,1.6,0.9,-1.2,0.2,-0.5,-1.6,0.3,0.2,-0.4,-1.6,-1.2,0,-0.4,0.7,-0.3,0.2,0.1,-0.9,-0.9,1.1,0.3,0.3,0.5,-0.8,-0.6,0.1,-0.5,1.3,-0.6,2,-0.1,0.4,0.6,0.3,-0.2,0,-0.4,-0.4,0.6,0,-0.3,0.3,-0.4,0.9,-1.1,0.1,-0.2,0.2,-0.8,0.1,-0.6,0.2,-0.2,-0.3,1.3,0.3,-0.1,-0.2,0.4,-0.8,-0.3,0.3,0.3,1,-0.2,-0.3,-0.1,-0.4,-0.3,0.5,-0.2,-1.5,0.4,0.1,0.7,-0.7,0.3,0.5,-0.2,-0.2,-0.9,-1.6,2.9,-0.3,-0.4,0.1,-0.3,0.4,0,0.6,-0.3,0.4,0,0.7,0.1,0.3,-0.4,-0.4,-0.2,-0.2,-1.8,-0.1,0.8,1.4,0.1,0.4,-0.5,-1.2,0.4,0.3,-0.4,0,0.1,-0.1,0.2,-0.8,-0.4,0.7,0.9,0.4,0.6,-0.2,-0.4,0.2,-0.2,0.3,-0.1,-0.2,0.5,0.1,1.4,0.4,-0.3,-0.8,0.4,-0.3,0.7,-1.1,1,-0.2,-0.3,0,-0.1,-0.3,-0.2,-0.6,0.6,1.2,0.2,1.7,0.1,0.6,-0.2,-0.6,0.4,0.1,1.6,-0.2,0,0.1,0.2,0.1,-0.3,0.7,0.1,1.9,0.5,-0.1,-0.1,-0.4,-0.3,0.1,-0.9,0,0.1,-0.7,0.3,-0.5,-0.8,-1.1,-0.8,0.3,-0.8,0.2,-0.9,-0.3,-0.2,-0.2,0.7,-0.1,-0.5,0,-0.5,-0.1,0,-0.5,0,0.3,-0.1,0,-0.7,0.2,0.1,-0.3,-0.3,0.8,-0.7,0,-0.4,0.5,0.2,0.6,0.6,-1.4,-0.6,0.3,-0.2,-0.4,0.2,0.2,-0.2,-0.1,-0.2,1.1,-0.7,-0.3,-0.2,-0.3,-0.6,-0.2,1.1,0.1,-0.2,0.1,-0.2,0.1,0.1,0.4,0.1,0,-0.4,0.8,0,0,-0.5,-0.2,-1,0.5,-0.7,0,0.6,-0.8,0.6,-1.3,0.8,-0.5,-0.2,-0.5,-2.8,-0.7,-0.2,0.5,-0.8,0.3,0.5,0.1,-0.1,0.3,0.2,0.5,-1.1,-0.6,-0.5,0.2,-0.3,0,0.2,0,-0.4,0.4,-0.3,-0.6,-0.6,0.6,0.3,0.5,0.5,1,-0.1,-0.1,0.4,0.2,-0.4,0.1,-0.8,-0.5,0.9,-0.4,0.4,-0.2,0.3,0.6,0.7,0.9,-0.2,-0.1,-0.4,0,0.8,-0.1,0.1,-0.1,-0.6,0.2,-0.2,-0.1,0.4,-0.4,0.3,0.6,-0.6,-0.8,-0.3,-0.2,-0.4,-0.5,0.2,0.8,0.2,-0.5,-0.4,0.2,0.2,0,0.3,-1.9,-0.1,-0.1,0.4,-0.6,0.6,0.2,0.4,0.2,0.1,0.1,-0.1,-0.1,-0.2,0.4,0.1,1.2,0.1,0.7,1.5,-0.7,0,0,0.8,-0.2,0.6,-0.9,-0.9,0.6,-0.1,-0.5,0.8,0.2,-0.2,0.1,-0.8,0.4,-0.4,0.4,0.1,0.2,0,-0.3,0.1,-0.5,-0.5,0.4,0.1,0.8,-0.2,0.3,0.6,-0.2,-0.7,-1,-0.1,-0.2,0.5,0.2,0,0.2,-0.1,-0.5,-0.1,-0.6,-0.5,0.1,0.2,0.2,0.7,0.4,-0.3,0.4,-0.7,-0.2,0.3,-0.3,1.5,-0.9,0.2,0.5,-0.2,0.2,0.1,0.7,-0.2,-0.6,-1,0.2,0.3,0.4,-0.6,0,0.2,0.1,0,0.2,0.3,-0.3,0.3,-0.3,-0.4,-0.1,-0.4,0.5,-0.6,0.7,0,-0.5,-0.2,-0.2,-0.4,0.1,-0.7,-0.1,0.3,-0.1,0.6,0.4,-0.7,-0.3,1.6,-0.7,-0.2,-0.2,-0.3,0.1,-0.6,0,-0.2,-0.3,-0.1,-0.3,0,0.2,0.6,2.9,-0.2,0.2,0.3,-0.2,0,0,-0.4,0.6,-0.3,0.4,0.3,0.9,0.1,0,0.1,-0.4,0,-0.6,0.6,-0.4,-0.7,0,-0.1,0.6,3.7,0.2,0.3,0.3,-0.6,0.1,-0.5,0.4,0.1,-0.1,0.4,0.1,0.1,-0.7,0.4,-1.1,-0.8,-0.3,-0.2,-0.1,0.1,0.1,-0.1,0,0.7,-0.5,1.1,0.6,0.7,-0.6,-0.2,-1.2,0.1,0.6,0.3,0.3,0.3,0.3,0,0.2,1.1,-0.7,0.1,0.8
A375,BRD-K70401845,COCCOc1cc2ncnc(Nc3cccc(c3)C#C)c2cc1OCCOC,1,0.1,0,-0.2,-1.1,-0.4,-0.3,0,-0.2,0.2,-0.2,-0.3,0.4,-0.6,-2.1,0.6,0.2,0.4,0.2,-0.3,-0.1,0.1,-0.3,-0.3,-0.3,0.4,-0.2,-0.1,0.3,-0.3,-0.4,0.1,0,0.1,-0.3,-0.2,-0.3,-0.1,0.2,-1.2,-0.8,0.1,-0.4,-0.1,0.2,0.2,-0.3,0.1,0.1,-0.3,0.4,-0.4,-0.1,-0.5,0.6,-0.1,0.4,-0.2,-0.2,-0.6,-0.3,-0.4,-0.7,0,-0.3,1.2,-0.1,0.1,-0.2,0,-0.2,-0.5,-0.2,-0.4,-0.2,0.1,-0.1,-0.6,0,0.2,0.2,0.2,-0.2,0.1,-0.1,-0.1,-0.1,0.3,-0.2,0,-0.2,-0.4,-0.8,0.1,0.2,0.2,-0.5,-0.3,0.3,0.6,0.3,0.3,0.8,0.5,0.4,-0.1,-0.3,0.2,-0.3,-0.1,-0.7,1.1,-0.2,0.3,0.1,0,-0.1,-0.8,-0.1,1.1,-0.3,-0.2,0.8,-0.3,-0.1,0.2,0.1,0,0.2,0.5,-0.2,-0.2,0.1,0.8,-0.7,0.2,-0.4,0,-0.4,0,-0.2,0.6,-0.2,-0.3,0.2,0.1,0.1,-0.2,0.9,-0.3,0.1,0.5,0.1,-0.3,0.8,-0.6,0.7,0.4,-0.5,0.4,-0.3,1.4,0.3,-0.4,-0.4,0.1,0,-0.1,-0.3,-0.2,1,-0.3,-0.2,0.4,-0.4,0.7,0,-0.5,-0.4,-0.6,0.3,0,0.4,1.5,0.5,-0.2,0.4,-0.3,0.1,-0.2,-0.2,0.2,0.2,-0.5,-0.2,-0.2,-0.6,0,0.3,-0.1,-0.9,0.7,-0.3,0,-0.7,0.7,-0.1,-0.7,0.1,-0.4,-0.7,-0.5,-0.4,0.2,-0.1,-0.1,-0.5,0.6,-0.5,0.3,1.3,-0.2,0.3,0.6,0.4,0.1,-0.2,0.5,-0.4,-0.1,-0.3,0.5,-0.3,-0.4,0,-0.1,-0.2,-0.5,-0.4,0.3,-0.6,-0.2,-0.1,-0.3,-0.1,-0.7,-0.5,-0.1,-0.6,-0.2,0.2,-0.1,-0.5,1.2,-0.2,-0.3,1.4,-0.1,0,0.4,-0.2,-0.5,0.7,0.2,-0.2,-0.2,0,-0.1,0.3,0.4,0.3,-0.1,-0.3,0,0.1,0.6,0.2,-0.1,-0.4,0.1,0,0.4,0,-0.2,0.1,0.2,0.5,0.4,0.2,0.1,0.2,-0.4,0,-0.3,0.3,-0.2,2.8,-0.3,0,-0.2,0.2,-0.2,-0.5,-0.6,0.4,0.1,-0.1,-0.1,0,0.6,-0.1,1.4,-0.3,-0.4,0.3,0.1,0.1,1,0.4,0.1,-0.5,0.1,-0.1,0,-0.8,0.3,0.5,0.3,0.4,-0.3,-0.1,0,0,0,0.2,-0.2,0.1,0.2,-0.3,0.2,0.8,0.1,-0.5,-0.1,0,0.2,-0.3,-0.1,-0.2,0.1,0.2,-0.1,-0.2,0,0.6,0.6,0.7,0,0,1.6,-0.2,-0.3,-0.2,-0.2,-0.4,-0.4,0,0.1,-0.1,-0.1,0,0.3,-0.3,-0.2,-0.1,-0.2,0.2,0.5,-0.4,-0.5,-0.1,0.2,-0.4,0,-0.1,-0.2,-0.2,0.3,0,-0.5,0.3,1.5,-0.7,-0.2,0.1,0.1,-0.7,-0.2,-0.2,0.6,0.1,-0.1,0.2,1.1,-0.5,-0.5,-0.4,-0.2,0.5,-0.5,-0.1,-0.6,-0.5,-0.5,-0.7,-0.2,0.1,-0.3,-0.1,-0.5,-0.4,0.4,0.3,0.3,0,0.9,-0.1,0.1,-0.1,-0.2,-0.1,-0.3,0.2,0.2,0.3,0,0.3,0.3,0.7,0.5,-0.4,0.2,-0.4,-1.5,0.2,0.2,-0.4,0,-0.4,0.1,-0.1,0.3,-0.4,-0.2,-0.1,-0.3,-0.7,0.6,0,-0.4,0.5,-0.2,-0.1,0,-0.3,1.7,-0.7,0.6,0.1,-0.5,-0.3,0.4,0.1,0,-0.5,0,-0.4,-0.1,-0.3,0.2,-0.1,0.1,-0.4,-0.4,-0.5,0,-0.1,0.1,-0.3,0.5,-0.4,-0.4,0,0.3,-0.4,-0.2,-0.1,-0.5,-0.1,0,-0.3,-0.1,-0.3,-0.1,-0.1,0,0.2,0.3,-0.5,-0.7,0.1,-0.3,0.5,0,0.2,0.6,0.1,-0.1,-0.4,-0.3,0.8,-0.4,-0.2,0.4,-0.2,-0.6,0,0.2,0,0.3,0.1,0.8,0.3,0.1,0.4,-0.1,-0.3,-0.3,-0.7,-0.1,0.3,1.5,-0.2,0,-0.4,-0.2,0.1,0.4,-0.1,-0.3,0,-0.1,-0.1,-0.3,-0.6,0.2,-0.1,0,0.6,-0.3,0,-0.5,0,0.1,-0.1,-0.1,0,-0.3,0.7,-0.1,-0.5,-0.1,0.5,-0.2,0.3,-0.5,1.1,0,0.1,0.3,-0.4,-0.1,0,-0.3,0.1,-0.1,-0.2,1.2,0,0.2,0.1,0,0.2,0.4,1.2,-0.1,-0.2,-0.3,0,-0.6,0.1,0.2,0.1,0.1,0,-0.4,0,-0.2,-0.1,-0.4,-0.4,-0.1,0.3,-0.5,0.1,0.1,0.1,0.3,-0.3,0,0,-0.1,-0.2,0.3,0.9,0,0.2,-0.1,0,-0.1,0.1,-0.4,-0.2,0,0,0.1,-0.1,-0.1,0.3,0.2,0,0,0.1,0.4,-0.3,0,-0.3,0.5,-0.2,0.1,0.3,-0.4,-0.2,0,0.1,-0.3,-0.1,0,-0.2,-0.2,-1.2,0.5,0.1,0,-0.1,-0.1,-0.1,-0.6,1.1,-0.1,0.1,0.2,-0.1,-0.2,-0.2,0.2,0.1,-0.3,0.1,0,-0.1,-0.1,-0.1,0.2,-0.5,0.8,-0.7,-0.2,0,-0.2,0.1,-0.4,0.6,-0.3,-0.1,-0.1,-0.4,-0.2,0.2,0.2,-0.5,0.1,-0.2,-0.1,-0.3,0.4,-0.3,0.1,-0.3,-0.2,-0.1,0.3,0,0.1,-0.1,-0.6,-0.2,0.1,-0.5,-0.5,-0.2,0.2,-0.1,0.5,0.1,0.5,0,0.4,0.2,-0.1,-0.7,-0.5,-0.3,-0.1,0,-0.3,-0.2,0.5,0.1,0.5,0.6,0,0.1,0.2,0,-0.1,0.5,-0.1,0.4,-0.1,-0.5,0.1,-0.5,0.2,0.3,-0.4,-0.1,0,-0.1,0,-0.3,-0.5,-0.1,-0.1,0.4,0.1,0.6,0.2,0,-0.3,0,-0.4,-0.2,0.3,-0.3,-0.1,0,0.4,-0.1,-0.1,0.3,0.3,-0.1,0.2,0,0.1,-0.2,-0.2,0.3,0.4,0,0.7,1.5,-0.1,0.4,0.2,-0.2,0.1,0,0.3,-0.5,-0.4,-0.2,-0.4,-0.1,0.4,0.2,0.2,-0.2,-0.1,-0.1,0,0.1,0.1,-0.1,-0.5,0,-0.5,0.2,0.1,-0.3,0.3,-0.2,-0.3,0.1,0.3,0.2,0,-0.2,-0.1,0.3,-0.4,0.2,0.3,-0.1,-0.5,-0.1,-0.2,-0.5,-0.4,0.4,0.2,0.2,0.3,-0.2,0,-0.5,-0.3,0,0,0.1,-0.2,-0.1,-0.3,-0.2,0.4,0.4,-0.1,-0.3,-0.3,-0.4,1,0,0,-0.2,-0.3,0.2,-0.3,-0.1,0.3,0.1,0,0,-0.3,0,0.1,-0.4,-0.4,0.1,0.1,-0.4,-0.3,0.1,-0.3,0,-0.1,-0.5,0.1,0,0,-0.6,0.4,-0.2,-0.1,1,-0.1,0.6,-1,-0.5,-0.2,-0.4,-0.2,0.3,-0.1,-0.2,0.1,-0.3,-0.3,0.2,2.2,0.3,0,0,-0.3,0.2,-0.1,-0.4,0,-0.5,0,-0.2,0.7,0,0.2,0,0.1,0,-0.1,-0.2,0.1,-0.5,-0.2,0,0.3,3.8,-0.1,0.4,0.2,-0.2,0.7,-0.3,0.1,-0.1,-0.2,0.6,0.1,0.1,-0.1,0,-0.3,-0.1,-0.1,-0.4,0.1,0.2,-0.3,-0.2,-0.4,-0.3,0.1,-0.2,-0.2,0.2,-0.6,-0.2,0.2,-0.2,0.7,0.1,0,-0.1,-0.1,-0.3,-0.1,0.6,-0.4,0,0.8
A375,BRD-K19687926,CS(=O)(=O)CCNCc1ccc(o1)-c1ccc2ncnc(Nc3ccc(OCc4cccc(F)c4)c(Cl)c3)c2c1,0.1,0.2,0.2,-0.1,0.4,0.3,0.2,0,-0.1,-0.2,-0.2,-0.2,0.2,-0.1,1,0.5,0,-0.2,-0.1,-0.2,0,-0.1,-0.1,-0.3,0,0.1,-0.4,0.2,0.2,-0.2,-0.1,0,-0.2,-0.1,0,-0.3,0,0,0,0.1,-0.3,0.5,-0.7,-0.2,0,-0.1,0.1,0.4,0.1,0.1,0,-0.4,-0.3,-0.1,0,0.2,0.1,0.2,0,-0.4,-0.3,0,-0.2,-0.1,0.8,0.3,0,0.2,0.2,-0.2,-0.2,-0.2,0.1,0,-0.2,0.1,-0.1,-0.4,0,0.3,0,0.5,0,0.1,0.1,-0.1,-0.4,-0.1,-0.7,-0.1,0.1,0.1,0,0,0.1,-0.1,-0.2,-0.1,-0.1,0.1,0.1,0.3,0.2,0.3,0.5,-0.1,0.1,-0.1,-0.4,0,0,0.1,-0.1,0,-0.2,-0.2,-0.2,0.1,-0.1,0.1,-0.1,-0.2,0.1,0.2,0.4,-0.6,0.1,-0.1,0.3,0.1,0,-0.2,-0.1,-0.1,-0.5,-0.4,-0.1,0,-0.1,0.1,0,-0.2,-0.2,0.1,0.1,0.3,-0.3,-0.2,0.4,-0.2,0.1,0,0.2,1.1,0,0.3,-0.2,0,0.1,0,0.1,0.4,-0.3,0,0.1,-0.3,0.5,0.2,-0.1,0,-0.1,-0.1,-0.2,0.3,0,0.1,-0.3,-0.2,0.1,0.1,0.5,0.1,0.6,0.2,0.4,0.1,0,-0.1,0.1,-0.1,-0.1,0.2,0.3,-0.3,-0.1,-0.1,0.1,0.1,-0.1,0.6,2.5,1.1,0,0.1,-0.3,0.2,0.3,-0.2,0,-0.3,0.1,-0.4,-0.1,0.3,-0.1,-0.2,-0.3,0.4,-0.4,0.3,0.1,0,0.1,0.5,-0.1,0,0.3,0.3,1.8,-0.1,0.1,0,-0.1,-0.1,-0.1,0,0.1,-0.6,0,0.5,-0.4,0.5,-0.2,0,0.2,0,0,-0.1,-0.4,-0.2,0.1,0.1,-0.4,0.5,0.1,0,0.5,0,-0.3,-0.1,-0.1,-0.7,-0.2,0,0.1,-0.2,-0.3,-0.1,0,-0.1,0.2,-0.3,0.2,-0.1,0,0,0,-0.2,-0.3,0,0.1,0.6,0.2,-0.1,0.2,-0.1,0.3,-0.1,0.1,0,0.2,0,0,-0.1,0.1,-0.2,0,-0.4,0,-0.1,-0.5,0.1,0,0.1,0.1,0.2,-0.1,0.4,-0.1,0.2,-0.1,0.3,0.1,-0.3,0,0,-0.3,-0.3,0.3,-0.1,-0.5,0.1,-0.3,-0.1,-0.2,0.1,-0.1,0.2,0.3,0.1,0,0.2,-0.1,0.1,0,-0.1,0.1,-0.3,0.2,0.1,0.3,0.1,-0.2,0,0.1,0,0.1,-0.1,0,0,0.1,-0.1,-0.1,-0.2,0.1,0.2,0.2,-0.3,0.1,-0.2,0,-0.3,0,-0.2,-0.1,-0.2,-0.3,0,-0.1,0.4,0.1,-0.4,-0.3,0.2,0,0.1,-0.1,0.1,0,0,0,0.3,-0.2,0,-0.3,-0.2,-0.2,0.1,-0.1,0.2,-0.2,0.6,0.2,0,0,0.1,-0.5,-0.1,-0.2,0.4,-0.1,0.1,0,0.1,0,-0.4,-0.1,-0.1,0.3,0,0,-0.2,0.7,0.2,-0.2,0.3,0,-0.1,-0.1,-0.2,-0.3,0.1,0.2,0.3,0.4,0.2,0,-0.3,0,-0.1,-0.2,0.2,0.3,0.2,0.4,0.2,0.2,-0.1,0.1,0.2,-0.6,0,-0.4,-0.2,0.1,0.1,0.3,-0.3,-0.4,0.2,-0.1,0.1,-0.2,0,0.1,-0.4,-0.4,0.1,0.2,-0.3,0.3,-0.6,-0.1,-0.2,-0.5,0,0.2,0.5,-0.2,0.1,0.1,0,-0.2,0.2,-0.1,-0.1,-0.1,0.1,0,0,0.5,-0.1,0.1,-0.7,-0.1,-0.2,-0.5,-0.2,-0.4,0.2,0.1,-0.4,0.1,-0.1,-0.2,-0.1,0.3,-0.2,-0.6,-0.1,0.8,0.4,-0.1,0.2,-0.3,-0.5,0.1,0,-0.3,-0.4,0.3,-0.1,-0.2,0.3,0.1,0,-0.1,-0.1,0.2,-0.1,1.3,0,0,-0.1,-0.1,0.3,0.1,0.4,0.1,0.1,0,0.3,0.1,0.2,-0.2,-0.3,-0.2,-0.4,-1.2,0,0.2,0.2,-0.1,-0.2,-0.1,-0.3,0.1,0.1,-0.1,-0.4,0,0,0.6,-0.2,-0.4,-0.2,0,0,0.4,-0.1,0,-0.1,0,0.1,0,0.2,-0.2,-0.2,0.8,0.3,-0.4,0.1,0.6,0,-0.1,-0.1,-0.4,-0.2,-0.2,0.2,0.1,0.1,-0.1,-0.1,-0.1,0.2,-0.4,0.5,0,0,-0.1,0,-0.2,0.1,0.4,0.1,-0.2,-0.2,-0.1,-0.4,0.1,0.8,-0.2,0.7,0.1,-0.2,-0.1,-0.4,-0.3,-0.2,-0.2,-0.1,0.4,-0.4,0.1,0.1,-0.1,-0.3,-0.2,0.2,-0.1,0,-0.1,0.1,0.1,0,0.1,-0.2,-0.1,0.1,-0.2,-0.2,-0.2,0,0,0,0.4,-0.2,-0.1,-0.1,0.1,-0.1,-0.1,0.7,-0.1,0,0,0.1,-0.2,0.1,0.3,-0.2,0,-0.2,0,-0.2,-0.2,-0.1,0.1,0.1,0.4,0.5,-0.2,-0.4,0.1,-0.1,0.1,-0.2,-0.3,-0.2,0.1,-0.2,-0.1,0.1,-0.1,0.1,0,-0.3,-0.2,-0.3,-0.4,0,-0.3,0.1,-0.2,0.4,-0.4,-0.1,0.2,-0.2,0,0.2,0,-0.2,0.2,-0.3,0.1,-0.5,0.2,-0.1,-0.4,-0.3,0.9,0.3,-0.3,0.2,-0.3,1.3,0.3,-0.1,-0.1,0.2,0.1,0.1,0,-0.5,-0.2,-0.1,0,-0.1,-0.2,0.2,0.1,0,0,0.1,0.3,0.1,0,0.4,-0.6,0.2,-0.1,0,0.1,-0.1,-0.1,0,0,-0.1,0.3,0.1,-0.3,0.2,0.1,0,0,-0.4,0.5,0,-0.2,0.3,0,-0.1,-0.3,-0.3,0.2,-0.2,-0.6,-0.1,-0.1,-0.1,0,0.2,-0.2,0.1,0.1,-0.1,0.1,0,0.1,-0.4,0.2,0.5,-0.3,0.2,-0.1,0.2,0.6,0.2,0.1,0,0,0.2,0.4,0.4,0.2,-0.2,0,0.7,-0.2,0,0,-0.4,-0.1,-0.1,-0.1,0.1,0.3,-0.1,-0.1,-0.2,-0.2,-0.2,-0.1,0.2,0,-0.4,0.1,0,0.2,0.1,0.2,0.2,-0.2,0,0.1,-0.1,-0.1,0,0.8,0,-0.3,0,-0.2,0,0.1,-0.4,-0.2,-0.3,0.1,-0.3,0.3,-0.1,0,-0.2,-0.3,-0.2,0,-0.2,-0.2,-0.2,0.2,0.2,-0.2,-0.2,-0.4,-0.2,-0.1,0.1,0.1,-0.1,-0.1,-0.1,-0.3,0.2,-0.1,-0.1,-0.1,0,-0.4,0.2,-0.1,0.3,-0.2,0,0.2,-0.1,-0.2,0,0.2,-0.1,-0.8,-0.2,-0.4,0.2,-0.2,0,-0.1,0,-0.3,0,0,0,0.3,0,-0.4,0.2,0,0.1,0,0.2,-0.3,-0.1,0.6,0,0.3,-0.1,-0.2,0,-0.3,-0.2,0,-0.1,-0.5,0.1,0.4,0.1,0.6,0.3,0.2,0.1,-0.3,-0.1,0.2,0.3,-0.3,0.3,-0.2,-0.2,-0.5,0.2,0.1,0,0.6,0,-0.5,0.1,0.2,1,0.6,-0.3,0.1,0.2,0.5,0.8,-0.1,0.1,0,0.3,-0.4,0,0.1,-0.3,0.3,0,0,-0.4,0,-0.1,0.1,-0.3,0,0,0.1,0.5,0.4,-0.2,-0.1,0,0.1,0,-0.1,-0.4,0.1,0.4,0,-0.1,0,-0.3,-0.1,0.1,0,0,0,0.3,-0.3,0.2
A375,BRD-K74514084,CN(c1ccc2c(C)n(C)nc2c1)c1ccnc(Nc2ccc(C)c(c2)S(N)(=O)=O)n1,0.8,-0.1,0.2,0,-0.5,-0.3,-0.4,-0.1,-0.3,-0.3,0.1,0,0.2,-0.4,-0.5,0.2,0,0.2,-0.1,-0.5,0.3,0.3,-0.1,-0.4,-0.2,0,-0.2,-0.3,0.3,-0.2,-0.5,0.3,-0.4,-0.2,-0.1,0.1,-0.3,0.1,0.2,-1,-0.5,-0.2,-0.6,-0.2,-0.1,0,-0.3,0.2,0.3,-0.1,0.3,-0.6,-0.1,-0.1,0.4,0.4,0.1,0,0.1,-0.6,-0.4,-0.5,-0.5,0.2,-0.1,0.9,-0.3,0,0.1,-0.2,-0.5,-0.6,0.1,-0.5,-0.2,0,-0.1,-0.6,-0.1,0.4,0.5,0,0,0.2,-0.5,-0.1,-0.4,0.2,0.1,-0.2,0,0.1,-0.7,-0.1,-0.3,0,-0.3,-0.3,0,0.3,0,-0.1,0.5,0.4,0.3,0.3,-0.1,0,-0.2,-0.2,-0.1,0.3,-0.3,0.7,0.3,0.1,-0.1,-0.1,-0.4,0,-0.4,0.1,0.4,0,0.4,0.4,-0.5,-0.2,0.5,0.1,0,-0.5,-0.2,0.6,-0.8,0.1,-0.3,0,-0.7,0.7,-0.2,0.6,0.1,-0.1,0.7,0.4,-0.6,-0.1,0.5,-0.4,0.5,0.2,-0.1,0.2,0.4,-0.1,0.3,0.3,-0.3,0,0.2,0.6,0.3,-0.2,0.3,-0.3,0.4,-0.2,-0.1,-0.1,0.4,-0.1,-0.2,0.3,-0.2,0.2,0,-0.2,0.2,-0.4,0.2,0,0.3,0.9,0.3,-0.1,0.1,-0.1,0.3,-0.4,-0.2,0,-0.1,0,-0.3,0.1,-0.4,0.2,0.3,0.3,-0.7,1,-0.3,-0.2,-0.7,0.6,-0.1,0.1,-0.1,-0.5,-0.2,-0.3,0.1,0.1,0,-0.2,-0.4,0.3,-0.3,0.5,0.9,-0.4,0.2,0.7,0.4,0.2,0,-0.2,-0.2,-0.1,-0.3,0,-0.2,-0.5,0,-0.2,-0.1,-0.5,-0.4,0.1,-0.7,0.2,-0.1,-0.1,-0.3,0,0.2,-0.1,-0.4,-0.1,0.1,-0.2,-0.5,0.8,0.2,-0.3,0,0.3,-0.2,-0.1,-0.2,-0.7,-0.1,-0.4,-0.2,-0.4,-0.2,-0.2,0.3,0.1,0.2,-0.1,-0.1,-0.3,0.2,0.6,0,-0.1,-0.1,-0.2,0,0.4,-0.1,-0.1,0.2,-0.1,0.5,0.2,0.1,0,0.2,-0.4,-0.1,-0.3,0.3,-0.2,1.9,-0.1,0,-0.1,-0.2,-0.1,-0.5,-0.2,0.5,0.3,-0.1,0.1,0,0.5,0,0.6,-0.2,-0.4,0.1,0.1,0,0.4,0.5,-0.1,-0.6,0,0,0,-0.3,0.7,0.5,0,0.3,0.1,-0.1,0,-0.2,0,0.1,-0.1,0.2,0,0,0.1,0.4,0.5,0.1,-0.3,-0.1,0,-0.2,0.5,0,0,0.5,-0.1,-0.3,-0.3,0.3,0.1,0.5,0.1,-0.1,1.2,0.1,0,-0.1,-0.1,-0.3,-0.7,-0.5,-0.2,-0.3,0.3,-0.2,-0.1,-0.2,-0.1,-0.2,-0.6,0.3,0.4,-0.2,-1.2,-0.1,0.1,-0.3,-0.5,-0.1,-0.1,0,-0.3,0,-0.2,0,1.2,-0.1,0,0.1,-0.1,-0.4,-0.1,-0.3,0.7,-0.1,0,0,0.5,-0.6,-0.2,-0.1,0,0.3,-0.3,-0.4,-0.3,-0.1,-0.1,-0.7,-0.2,0.5,-0.1,0.1,-0.6,0.2,-0.1,0.2,0.2,0.3,0.7,-0.4,0,-0.1,0,-0.1,0,0.2,0.3,0.3,-0.1,0.2,0.3,0.4,0.5,-0.3,0.2,-0.2,-0.5,0.1,-0.2,-0.5,-0.4,-0.2,0.1,-0.2,0.6,-0.1,-0.1,0,-1.1,-0.2,0.4,0.1,-0.2,-0.2,-0.4,-0.4,0.1,-0.2,0.9,0.3,0.6,0,0.1,-0.3,0.2,0,-0.4,-0.4,-0.1,-0.3,0.1,-0.2,0.1,0,0.2,0.1,-0.4,0.1,-0.1,-0.3,0.2,0,0.2,-0.1,0,0,0.3,-0.2,-0.2,0.6,-0.6,-0.4,0,0,0.4,-0.4,0.1,-0.3,-0.1,-0.1,0.3,-0.4,-0.8,0,-0.1,0.2,0.2,0.1,0.8,0.3,-0.2,0.3,-0.3,1,-0.5,0,0.1,-0.3,-0.2,0.2,0.2,-0.2,-0.1,0,0.6,0.2,0.2,-0.3,-0.2,-0.2,-0.3,-0.7,-0.2,-0.1,0.8,-0.2,-0.1,-0.2,-0.3,0.6,0.1,-0.2,-0.2,-0.2,0,0.3,-0.1,-0.6,0,0.2,0,0.1,-0.3,-0.1,-0.2,0,0,0.2,0,0.2,-0.1,0.3,0,-0.4,-0.2,0.5,-0.3,0.7,-0.3,0.5,0.1,0,0.1,-0.2,-0.4,-0.2,0,0.2,-0.3,0,0.7,-0.1,0.1,-0.2,0,0.3,-0.1,0.6,-0.2,-0.2,-0.3,0.1,-0.6,0,0.5,-0.1,0.4,0.1,-0.5,-0.2,-0.1,-0.3,-0.1,-0.2,-0.1,-0.1,-0.7,0.1,0,-0.3,0.2,-0.1,0.3,-0.3,0,-0.1,0.1,0.4,0.1,-0.1,-0.2,-0.3,0.2,0.1,-0.2,-0.2,-0.3,0,0.1,0.4,0.2,0,0.2,-0.2,0.2,0,0.8,-0.1,0.2,-0.3,0.2,-0.3,0.1,0.1,-0.5,-0.1,0.1,0.2,0.1,-0.3,-0.2,0,-0.3,-0.5,-0.1,-0.2,0.3,0,0,0,-0.4,0.8,-0.2,0,-0.3,-0.3,-0.2,-0.3,0.1,0,-0.3,-0.3,-0.2,0,0.2,-0.4,0.1,-0.6,0.1,-0.7,0.1,-0.1,-0.4,0,0.1,0.3,-0.3,-0.1,0.2,-0.4,-0.2,0,0.3,-0.4,0.1,-0.4,0.1,-0.3,0.8,0,0.6,0.1,-0.2,-0.2,0.5,-0.2,0,-0.2,-0.1,-0.3,0.2,-0.1,-0.2,-0.1,0.3,-0.1,0.3,-0.1,0.3,-0.1,0.2,0.1,0.2,-0.7,-0.3,-0.3,0,0.1,-0.2,-0.1,0.5,0.1,0.5,0.4,-0.1,-0.2,-0.3,-0.2,-0.2,0.3,-0.1,1.3,0,-0.1,-0.1,-0.5,-0.1,0,-0.2,0,0,0.2,-0.1,-0.4,-0.1,-0.4,0.3,0.1,-0.2,0.6,-0.1,0.2,-0.4,0,-0.2,-0.2,0.5,-0.1,0.1,-0.1,0.4,0.3,0,0.1,0.4,0,0.4,-0.3,0,0,0.1,0.1,0.6,-0.2,0.4,1.3,-0.1,0.2,0.1,-0.1,-0.2,0,0,-0.1,-0.2,-0.2,-0.1,0.2,0,-0.2,0,-0.1,-0.1,0,-0.2,0,0.1,0,-0.4,-0.1,-0.5,0.1,-0.2,-0.1,0.5,0,0,0.4,0.3,0.1,-0.1,-0.2,-0.2,0,-0.4,0.1,0.3,-0.4,-0.1,0.1,-0.1,0,-0.4,0.1,0.5,0,-0.1,-0.4,0.2,-0.4,-0.7,0.1,-0.1,0.2,-0.6,-0.2,-0.2,0,0.2,0,-0.1,-0.1,-0.4,-0.2,0.8,0,0.1,-0.4,-0.3,0.5,-0.2,0,0,0.1,-0.3,0,-0.4,0,0,-0.5,-0.2,0.1,0.3,-0.5,-0.2,0.3,-0.3,-0.3,0,-0.2,0,-0.1,0.1,-0.2,0.2,-0.2,0,0.4,0.1,0.3,0,-0.2,-0.1,-0.4,-0.3,0.1,-0.1,-0.2,0.1,0.2,-0.2,0.5,1.2,0.6,0,-0.1,-0.2,0,-0.1,-0.2,0.1,-0.8,0,-0.4,0.4,-0.3,-0.1,0.2,-0.3,-0.1,0.1,-0.1,0.4,0.4,-0.4,-0.4,0.3,2.8,-0.1,0.3,-0.1,-0.2,0.4,-0.1,0.3,0.2,-0.1,0.4,0.1,0,-0.2,0.1,-0.1,0.2,-0.2,0,0.1,-0.1,-0.2,0.1,-0.3,-0.1,0,-0.6,-0.5,0.1,-0.3,-0.1,0.2,-0.2,0.3,0.1,0,0,-0.1,-0.1,-0.1,0.3,0,-0.1,0.6
HT29,BRD-K70401845,COCCOc1cc2ncnc(Nc3cccc(c3)C#C)c2cc1OCCOC,0.9,0.1,0.2,-0.2,-0.4,-0.2,-0.1,-0.2,-0.2,-0.2,-0.2,-0.2,0.4,-0.6,-0.3,-0.3,-0.2,0.5,0,-0.3,0.1,0.1,-0.4,-0.4,0,-0.1,-0.3,-0.1,0.8,-0.6,-0.2,0.4,-0.5,0,-0.2,-0.3,-0.5,-0.2,-0.4,-0.1,-0.2,0.4,-0.4,-0.2,0.3,0.3,-0.1,0.3,-0.1,-0.2,0.8,-0.4,0.2,-0.1,0.7,0.3,0,-0.1,-0.1,-0.5,0,-0.4,-0.4,0.2,-0.2,1.1,0.4,0.1,-0.6,-0.1,-0.2,-0.2,-0.2,-0.3,0,0.3,-0.2,-0.4,-0.1,-0.1,0.1,-0.1,-0.2,0.1,-0.1,-0.4,-0.2,0.2,-0.1,-0.1,-0.2,-0.1,0.1,-0.1,-0.4,0.3,-0.2,-0.3,0.1,0.2,0.4,-0.1,0.1,0.3,0.2,0,-0.4,0.3,-0.3,-0.2,-0.2,0.7,-0.5,0,0.5,0,-0.1,-0.1,0.4,0.3,-0.5,-0.3,1,0,-0.5,-0.2,0.4,0.1,0.3,0.1,0.1,-0.4,-0.4,0.8,-0.3,0.1,-0.3,-0.5,-0.4,0,-0.1,0.5,0.1,0.2,0,-0.1,-0.1,-0.4,1.1,-0.2,0.1,0.6,-0.1,-0.1,0.9,-0.6,0.1,0.5,-0.2,0,-0.3,1,0.3,-0.3,-0.2,-0.5,0,-0.1,0.1,-0.1,-0.1,0,0,-0.1,-0.1,0.2,-0.2,-0.5,0,-0.4,0.4,0.3,1.3,0.4,0.4,0,-0.1,0.2,0.2,-0.1,-0.1,-0.2,-0.1,0,-0.1,-0.1,-0.5,0.1,0.1,0,-0.6,0.1,0,-0.3,-0.3,0.1,0.1,-0.1,0.5,-0.5,-0.5,-0.4,-0.2,0.1,-0.6,-0.7,-0.6,1.1,-0.2,0.1,0.5,-0.1,0.3,0.8,0.2,0.4,-0.2,-0.4,-0.3,-0.1,-0.3,0.5,-0.2,-0.5,0.2,0.2,-0.4,-0.2,-0.3,0.4,-0.4,0,0.1,-0.1,0.1,-0.1,-0.3,0,-0.3,-0.2,-0.2,-0.3,-0.6,0.4,-0.3,0,0.3,0.7,-0.5,-0.1,-0.1,-0.1,-0.1,0,-0.3,-0.2,-0.1,0,0.7,0.1,0.1,0,-0.3,-0.4,0.1,0.7,0,-0.2,-0.2,0.3,-0.6,-0.4,-0.1,0,0,-0.3,1.5,0.6,0.1,-0.1,0.3,-0.1,0.2,-0.3,-0.1,-0.2,1.4,-0.4,-0.2,-0.1,0.2,-0.2,-0.3,-0.2,-0.3,0.3,0,0,-0.1,0.8,-0.1,0.5,0.1,-0.3,0.1,0,-0.2,0.6,0.5,-0.4,-0.3,-0.2,-0.1,0.1,0.2,0.3,1.2,0,0.2,0.1,0.3,0.1,-0.3,0.1,0.1,-0.1,0.1,0.1,-0.3,-0.1,0.5,0.2,-0.1,-0.1,-0.1,-0.1,0,0,0.1,-0.2,0.3,0.1,0.1,-0.3,0.6,0.9,0.4,-0.1,0.5,0.4,-0.1,-0.1,0.1,-0.2,-0.7,0.1,0,-0.3,-0.2,-0.2,0.4,0,-0.1,-0.1,-0.2,-0.7,0.1,0.5,-0.2,-0.7,0,0.2,-0.2,0.1,-0.4,-0.4,-0.2,-0.3,0,-0.3,-0.1,1.4,-0.2,-0.4,-0.3,0.1,0.2,-0.2,-0.3,0.5,0.7,-0.2,-0.3,0.3,-0.5,-0.3,-0.4,0.3,0.1,0.4,-0.4,-0.6,-0.2,-0.2,-0.6,-0.2,-0.1,-0.2,-0.2,-0.6,0.1,-0.3,0.4,-0.4,-0.3,1,-0.4,-0.1,-0.2,-0.1,-0.2,0,0.5,0.3,0.3,0.2,-0.3,0.5,1,0.7,-0.2,0.4,-0.6,0,0.5,-0.2,0,-0.3,-0.1,-0.2,0,0,-0.1,0.3,-0.2,-0.2,-0.8,0.2,0,0,0.1,-0.2,0,0,-0.3,0.7,-0.2,0,-0.2,0,-0.1,0.1,-0.3,-0.2,-0.8,-0.4,-0.4,-0.2,-0.2,-0.5,-0.2,0.1,0,-0.1,-0.4,-0.1,0,0.4,-0.2,0.5,-0.1,-0.2,0.4,0.5,-0.4,-0.2,0.1,-0.2,-0.2,0.2,0.1,0.6,-0.4,0.1,-0.2,-0.3,0.1,0.1,-0.3,-0.6,-0.2,-0.2,0.1,-0.4,0.1,0.5,0,-0.2,-0.2,-0.3,0.3,-0.3,0,0.2,0.2,-0.2,-0.2,0.3,-0.3,-0.4,-0.2,0.8,-0.1,-0.2,-0.4,0.1,-0.5,-0.2,-0.2,0,0.2,-0.1,0,0.3,-0.2,-0.4,0.9,-0.2,-0.3,-0.3,-0.4,0,0.3,-0.2,-0.1,0.4,0.4,0.1,0.6,-0.3,-0.3,-0.9,0.2,0.3,-0.4,-0.1,0.5,-0.1,0.6,-0.1,-0.4,-0.1,0.1,-0.1,0.5,-0.4,0.5,-0.1,0.1,-0.5,-0.2,-0.2,-0.1,0.6,0.1,0.1,-0.1,1.1,0.2,0.4,0,-0.2,0.3,-0.3,1.2,0,0.3,-0.4,0,-0.4,-0.3,0,-0.2,-0.1,0,-0.7,-0.2,0.4,-0.1,-0.4,-0.3,0.1,0,-0.5,0.6,-0.1,-0.1,0.1,-0.1,-0.4,0,0.3,-0.1,0.6,0.1,0,-0.1,0.1,-0.3,0,-0.2,-0.1,-0.2,-0.2,0,-0.1,-0.1,0.4,0,-0.1,-0.1,0.4,0,0.4,0,0.1,-0.4,0.2,-0.3,-0.1,-0.2,-0.5,-0.1,0,0.5,-0.4,-0.3,-0.1,-0.1,-0.2,-0.8,0.1,-0.2,-0.2,0,-0.3,-0.4,-0.2,0.7,0.2,0,0.2,-0.1,-0.2,-0.4,0.3,-0.1,-0.3,0.1,-0.4,-0.4,-0.1,-0.4,0,-0.4,0.7,-0.5,0,0.4,-0.2,0.2,-0.3,0.8,-0.1,-0.3,0.1,0.2,-0.5,0,0.1,-0.6,0,0.2,0,-0.4,-0.1,-0.2,0.3,-0.5,-0.2,-0.1,-0.3,-0.1,-0.1,-0.4,-0.2,-0.3,-0.2,-0.2,-0.2,0,0.3,-0.1,0.1,-0.2,0.1,-0.4,0.4,0.1,0.1,-0.4,-0.1,-0.5,-0.1,0,-0.3,-0.1,0.5,0.2,0.8,0.2,-0.5,-0.4,0,-0.2,-0.2,0.8,-0.2,0.2,-0.2,-0.1,0.4,-0.6,-0.3,0.5,-0.7,-0.3,0,-0.5,-0.2,-0.4,-0.2,-0.2,-0.2,0.3,-0.1,0.5,-0.3,0.2,-0.3,-0.2,-0.3,-0.2,-0.1,0.1,-0.2,0,0,-0.2,-0.3,-0.1,0.9,-0.4,0.1,0,-0.3,-0.2,-0.1,-0.1,0.5,-0.2,0.6,1.8,-0.3,0,-0.2,-0.3,0,-0.2,-0.1,0.1,-0.4,0.2,-0.4,-0.2,0.1,-0.1,0.2,0,0.2,-0.1,-0.5,0,-0.1,0,-0.5,-0.2,-0.5,0,-0.1,-0.4,-0.1,0.3,-0.5,0.2,0,-0.2,-0.2,-0.2,0.1,0.2,-0.5,0.1,0.2,-0.2,-0.3,-0.2,-0.1,-0.1,-0.5,0,0.7,-0.2,0,-0.1,0.4,-0.5,0,0,-0.1,-0.2,-0.3,0,0,-0.1,-0.1,-0.2,0,-0.3,-0.1,-0.5,2.1,0.1,-0.1,-0.5,-0.3,0.3,-0.5,-0.1,0,0.1,-0.2,-0.3,-0.3,-0.6,0,-0.3,-0.3,0,0.5,-0.2,-0.2,-0.4,-0.3,0,-0.2,-0.2,0.3,0,-0.1,0.1,0.2,-0.2,0.1,0.7,0.2,0.2,-0.3,-0.3,-0.4,-0.5,-0.2,-0.1,-0.7,-0.3,0.1,-0.4,-0.3,0.2,1.5,-0.1,-0.1,-0.2,-0.1,-0.2,-1.1,-0.2,-0.3,-0.6,-0.2,-0.6,0.8,-0.1,-0.2,0.3,-0.5,-0.3,-0.2,0.2,0,-0.3,-0.2,-0.3,0.3,1.9,-0.1,0.4,0.5,0.5,0.1,-0.4,0.2,-0.2,-0.2,0,-0.1,0.1,-0.3,-0.1,-0.4,-0.2,-0.1,-0.7,0.2,0.2,-0.3,0.1,-0.2,0.2,-0.1,0.2,-0.3,0.4,-0.3,-0.4,0.4,-0.3,0.4,0.2,-0.2,-0.1,-0.2,-0.1,-0.1,0.3,0,-0.2,1
HT29,BRD-K74514084,CN(c1ccc2c(C)n(C)nc2c1)c1ccnc(Nc2ccc(C)c(c2)S(N)(=O)=O)n1,0.7,-0.3,-0.1,0.1,-0.1,0.3,0.1,-0.1,-0.3,-0.2,0.1,0.1,0.5,-0.3,0.3,-0.2,-0.1,0.1,0.1,-0.4,0.3,0.3,-0.1,-0.4,0,0.6,0,-0.1,0.2,-0.2,0.1,0.2,0.1,0.1,0.4,-0.6,-0.2,-0.2,-0.1,-0.2,0.1,0.3,-0.2,-0.2,-0.2,0.2,-0.2,-0.1,0.1,-0.4,0.3,-0.3,-0.2,0.1,0.2,0.5,0,0,0.3,-0.5,-0.3,-0.1,-0.6,-0.1,-0.3,0.3,0.1,0,-0.1,-0.3,-0.4,-0.6,-0.5,-0.2,0,-0.1,-0.1,-0.2,0.1,0.3,-0.1,-0.1,0,0.2,-0.6,-0.3,-0.4,-0.1,0,-0.6,-0.1,-0.3,-0.2,-0.2,-0.3,0,0,-0.3,-0.2,-0.2,0,-0.2,0.3,0.4,0.4,0.3,-0.1,0.4,-0.3,-0.1,-0.2,0.3,-0.4,0.4,0,-0.1,0.1,0,-0.2,0.3,-0.4,-0.2,1,-0.1,-0.2,-0.1,0,-0.2,0.6,0,0,0,0,1,-0.5,0.2,-0.3,-0.1,-0.2,0.4,-0.1,0.5,0.3,0.7,0.4,0.2,-0.3,-0.1,0.3,-0.4,0.1,0.1,-0.2,0.1,0.1,-0.1,0,-0.1,-0.1,-0.1,0,0.2,-0.2,-0.1,0.2,-0.4,0.6,0,0.5,-0.1,0.3,0,-0.1,0.3,-0.1,0.1,-0.2,-0.1,0.1,-0.4,-0.1,0.5,-0.2,0.2,0.4,0,-0.2,0,0,-0.2,-0.3,-0.1,0,0.4,-0.2,0,-0.5,0.2,0.1,0.3,-0.5,0.6,0.3,-0.3,-0.3,0.1,0.3,-0.3,-0.1,-0.3,0,-0.1,0.1,0.2,0,-0.6,-0.1,0.2,0,0.3,0,-0.4,-0.1,0.1,-0.1,0.4,0,0.1,0.3,-0.2,0.1,0,0.1,-0.2,-0.1,0,-0.2,-0.4,-0.1,0.1,-0.5,0.5,-0.1,0,0.1,0,0,0,-0.3,-0.2,0,-0.2,-0.5,0,0.2,0.4,-0.1,0.3,-0.2,-0.3,-0.3,-0.3,0,-0.1,0,-0.1,-0.2,0.4,0.1,0,0,0.2,0.2,-0.4,0.1,0.2,-0.2,0,0,0,-0.2,-0.1,-0.1,-0.3,0.5,-0.3,-0.1,-0.2,0.2,-0.3,-0.2,0,0,-0.2,0,-0.1,1.2,-0.1,0,-0.1,0,-0.1,-0.2,0.3,-0.4,0.3,-0.3,0.2,0.1,0,0.1,0,0.1,-0.7,0.1,0.2,0.2,0.5,-0.2,-0.5,-0.7,-0.3,0,0.1,0,0.5,0.1,0,-0.2,-0.1,-0.1,-0.1,0.3,-0.1,-0.1,0,0.5,0.2,0.2,0.4,0.2,0.7,0.2,-0.2,0,0,0,0.4,0.2,-0.3,0.1,0,-0.2,0.1,-0.1,0.5,0.1,-0.4,0.1,0.8,-0.4,0,-0.3,0,-0.3,-0.3,-0.1,0,-0.4,0.3,0.7,0.1,0.1,0,0.1,0,0,0.1,-0.4,-0.3,-0.1,0.1,-0.2,0,-0.4,-0.2,0.1,-0.1,0,-0.2,0,0.1,-0.1,-0.1,0.2,0.1,-0.2,-0.1,-0.2,-0.2,0.3,-0.1,-0.3,0.4,-0.2,0,-0.1,-0.1,0.1,-0.2,-0.2,0.1,-0.2,0,-0.4,0.2,-0.1,0.1,0.1,-0.6,-0.1,-0.1,0.1,0.3,-0.1,-0.1,-0.3,-0.1,0,0.2,-0.2,-0.1,-0.1,-0.3,0,0.4,-0.1,0,0.2,0.2,-0.1,-0.1,-0.5,-0.1,0.1,-0.1,0.1,0.2,-0.1,0,-0.4,0.1,0.1,-0.1,0,-0.1,-0.3,0.2,0.2,0,-0.1,-0.3,-0.1,0.3,-0.2,0.7,0.1,0,-0.2,0.3,0,0.1,-0.2,0,-0.4,-0.1,-0.2,-0.1,-0.2,0,-0.2,0.3,0.4,-0.5,-0.1,0,-0.3,0,0.2,0,-0.1,0,-0.1,0.1,-0.1,-0.2,0.6,-0.5,-0.3,-0.1,0.1,0.4,-0.3,0.2,-0.1,-0.3,0.1,0.1,-0.4,-0.4,0,0.3,0.5,-0.1,-0.1,0.5,-0.5,0,0.1,-0.1,1.2,-0.5,0.1,0,-0.1,0,-0.2,0.2,-0.1,0,-0.2,0.1,0.1,-0.3,0,-0.1,-0.3,-0.5,-0.4,0,0,0.2,-0.2,-0.2,-0.1,-0.2,0.1,0.1,0,-0.3,-0.2,0.1,0.1,0.2,-0.2,-0.1,0.2,-0.1,0.1,0.1,-0.2,-0.4,-0.1,0,-0.2,0,0.2,-0.2,0.1,0.3,-0.4,0.2,0.2,-0.1,0.3,-0.2,0.9,-0.1,0,-0.2,0.3,-0.2,-0.2,0.4,0.3,0,-0.1,0.5,0.2,-0.2,0,-0.1,0.4,-0.1,0.3,-0.2,-0.1,-0.2,0.3,-0.2,-0.3,0.2,-0.2,0.2,-0.1,-1,0,0.6,-0.2,0.1,-0.2,-0.1,0.1,-0.8,-0.1,-0.1,0.1,0.3,-0.1,-0.2,0.1,0.1,-0.1,0.1,0.3,0,-0.1,0.3,-0.1,0,0,-0.1,-0.2,0.3,0,0.2,-0.4,0.3,0,-0.2,-0.2,0.3,0.1,0.4,0.2,0.1,-0.2,0.1,-0.1,-0.1,0,-0.7,-0.1,0.1,0.1,-0.2,-0.4,-0.1,0,0,0,0.3,-0.1,0,-0.2,-0.4,0,-0.2,0.6,-0.3,0,-0.1,0,-0.2,0,-0.1,0.1,-0.2,-0.2,0,0,0.1,-0.3,0,-0.4,0,-0.2,0.1,0,0.1,0,0,0.2,-0.3,-0.2,0,0.3,-0.7,-0.3,-0.2,-0.4,0,0,0,-0.3,0.2,0.1,0,0.3,-0.2,0.1,0.2,-0.2,-0.2,-0.4,-0.2,-0.3,-0.2,0.1,0.2,0.2,0.2,-0.1,-0.1,0,0.4,-0.2,0.2,0,0.2,-0.5,0.2,-0.3,-0.1,0.3,-0.2,0,-0.2,0,0.1,-0.1,-0.2,-0.2,0.1,0,0.1,-0.1,0.1,0.7,0.1,0,-0.1,-0.3,-0.1,-0.1,-0.2,0,0.1,0.3,-0.2,-0.1,0,-0.1,-0.1,0,0,0.3,-0.4,-0.1,-0.1,0.1,-0.1,0,0.3,0.2,0.1,-0.4,0.1,-0.1,-0.1,0,0.8,-0.3,-0.1,0.5,-0.2,0.2,0.1,0.1,0,0,0.2,1.9,0,0.1,-0.2,0.2,-0.2,0.1,-0.3,0,-0.2,-0.1,0.3,0.1,0,-0.3,-0.2,-0.1,0,0.2,-0.2,0,0,0.1,0,0,-0.1,-0.1,-0.2,0.1,0.4,-0.2,-0.1,0,0.2,0.1,0,0.3,-0.1,0,-0.5,0,0.8,-0.1,-0.6,0.3,-0.4,-0.1,-0.4,-0.4,0.1,0,-0.3,-0.3,0.3,-0.1,0.1,0.1,0.3,0.5,-0.2,-0.1,0.1,-0.1,0.1,-0.1,0.2,-0.1,-0.1,-0.1,1.4,-0.3,0.4,0,-0.5,0,-0.8,0,0.4,0.4,0,-0.4,-0.1,-0.2,0.1,-0.2,-0.2,-0.1,1,-0.2,0,-0.2,0.1,0.4,-0.2,-0.1,0,0.1,0.4,0.3,0.3,-0.1,0,0.1,0.1,0.5,-1.1,-0.2,-0.3,-0.2,-0.4,-0.2,-0.3,-0.2,0.4,-0.2,-0.4,0,1,0.2,-0.1,-0.2,0.1,0.1,-0.7,-0.2,0.1,-0.6,0.3,-0.5,-0.2,-0.2,-0.1,0,-0.3,-0.6,0,0.4,0.3,0.7,-0.2,-0.4,0.7,1,0.6,-0.2,0,-0.1,0.1,-0.1,0.3,0.1,-0.3,0.3,-0.1,0.2,-0.1,0.5,-0.1,-0.1,-0.2,-0.1,-0.3,-0.1,-0.1,-0.4,-0.1,-0.3,0.2,0.2,-0.1,0.4,-0.3,-0.2,0.2,-0.1,0,-0.4,0.5,0.1,0,0.1,0.1,0.2,0,-0.4,-0.1
HT29,BRD-A90490067,CC12CCC3C(C2CCC1O)C(CCCCCCCCCS(=O)CCCC(F)(F)C(F)(F)F)Cc4cc(O)ccc34,0.6,-0.1,0,-0.6,0.1,-0.1,-0.1,0.1,0,0.1,-0.1,-0.2,0.1,-0.1,0,-0.1,-0.2,0,-0.3,-0.3,0,0.2,-0.1,-0.1,0.1,0.4,-0.2,0.1,0.2,-0.1,0.3,0.2,-0.3,0.1,-0.1,-0.6,-0.3,0.3,0.1,-0.2,0.4,0,-0.3,0,-0.3,0,0.2,-0.2,0.2,-0.1,0.3,-0.3,-0.1,0.5,0.3,0.3,0,-0.1,-0.3,-0.4,0.1,0,-0.1,0.1,-0.3,0.2,-0.3,0,-0.1,-0.1,-0.2,-0.3,-0.1,0,-0.1,-0.2,0,-0.2,-0.1,0.5,0.6,-0.1,0.1,0,-0.3,0.1,0,-0.4,0.1,-0.1,0.1,0.2,-0.1,-0.3,0,0,0,-0.1,0.2,0.1,0,0.2,-0.1,0,0.5,0,-0.1,0.6,-0.5,-0.1,0.2,0.1,-0.4,0.2,0,-0.1,-0.1,-0.1,-0.1,0.1,-0.5,0.1,0.4,-0.2,-0.1,0,0.1,0,0.2,0,-0.2,0.2,0,0.7,-0.3,0,-0.3,-0.4,-0.1,0,0.3,0.3,0.2,0.3,0.2,0.1,0,0.1,0.4,-0.3,0.1,0.2,-0.1,0,0.3,0,0.1,0.1,-0.2,0,-0.8,0.2,0.2,-0.2,0.2,-0.2,0.1,-0.1,-0.2,0,0.2,0.2,0,0.3,-0.4,0,0.2,-0.1,0,0.4,-0.1,0.1,0.1,0.2,0.3,0.3,-0.1,0.4,0.3,-0.2,-0.3,0,-0.2,0.1,-0.2,0,-0.2,0.1,-0.1,-0.2,0.1,0.5,0.2,-0.4,0.1,0,0.5,-0.1,0,-0.1,-0.2,-0.2,0,-0.1,-0.1,0.2,-0.1,0.1,-0.1,0.1,-0.1,0.4,0.3,0,0,0.1,-0.1,0,0.1,-0.4,-0.1,0.2,0,-0.1,-0.1,0,0,-0.3,-0.2,0.1,0.1,0.5,0.1,-0.1,0.1,0.2,0,0.1,-0.2,-0.2,-0.3,0,-0.3,0.2,0,0.4,0,0.1,-0.1,-0.2,-0.1,-0.2,-0.2,0.1,0,0,-0.1,0,0.1,0,0,0.2,0.1,-0.2,-0.1,0.3,-0.3,-0.3,0.1,0.1,-0.1,0,0.1,-0.1,0.3,-0.3,0.3,0.4,-0.4,-0.1,0,-0.1,0,-0.2,0,0,1,0.4,-0.1,0,-0.1,0.1,-0.1,0.2,0.5,0.1,-0.1,0.2,-0.2,0.4,-0.2,0.3,0.1,-0.3,-0.1,-0.1,0,0.1,-0.2,-0.4,-0.3,0,0,0,0.1,0,0.4,-0.2,0,0,-0.2,0,0,0.2,0,0.2,0.2,0.2,0.4,0.3,0.1,0.5,-0.3,-0.1,0.1,0.1,0.2,0.1,-0.2,0.2,0.1,0.1,0,-0.1,0.4,0.1,0.1,0,0,0.3,0,-0.4,-0.2,-0.2,-0.2,-0.1,-0.1,-0.1,-0.2,0.2,0.5,0.1,0,-0.1,0,-0.2,-0.4,0.1,-0.8,-0.3,-0.1,0,-0.1,-0.1,-0.2,-0.3,0.1,-0.1,0.1,-0.2,0.1,-0.1,0,0,0.3,0,0,0,-0.2,0.2,0,-0.1,0.2,0.3,-0.3,-0.1,-0.3,-0.1,0.1,-0.1,-0.1,0,0.2,-0.2,-0.3,0,0,0.1,0.2,-0.3,0.2,-0.1,0.1,0.3,0.1,0.3,-0.3,-0.2,0,-0.1,-0.2,0.2,0,-0.2,0.2,0.4,-0.4,0,0.1,0.5,0,0.1,-0.2,-0.2,0.1,-0.1,0.3,0,-0.1,0,-0.1,0.1,0,-0.1,-0.1,0,-0.2,0.1,0,0.3,-0.1,-0.1,0.1,-0.1,-0.2,0.4,0.1,0.1,0.2,0.2,0,-0.2,-0.2,0.3,-0.2,0.3,-0.2,-0.2,-0.1,-0.2,0,0.1,0.1,-0.1,0,0.2,-0.3,0.1,-0.2,0.1,-0.1,-0.1,0,0.2,-0.1,-0.2,0.2,-0.2,-0.1,-0.1,0.2,0.5,-0.4,0.1,-0.2,0.1,0.1,0.1,-0.4,-0.3,-0.3,-0.2,0,0,0.1,0.2,0.3,0.1,0,0.1,0.4,-0.1,0,0,0.1,0.1,0,0.2,0,0.1,0.1,0.5,0.2,0,0.1,-0.1,-0.1,-0.2,-0.1,0.1,0.3,0.2,-0.2,-0.1,-0.1,-0.2,0.3,0.1,0.1,-0.3,-0.3,0.2,-0.1,0.1,-0.1,-0.2,0.2,-0.4,0.1,-0.1,-0.3,-0.4,-0.3,0.1,0,-0.2,0.1,-0.2,-0.2,-0.2,-0.1,-0.2,0.2,0,0.1,-0.3,0.8,0,0,-0.1,0,0,-0.2,0,0,-0.1,-0.4,0.5,0.1,0.1,-0.1,-0.1,0.3,0,0.1,-0.1,0,0.5,0.1,0,0.2,0.1,0,-0.1,0.3,-0.2,0.1,-0.3,0,0,0,0,0.1,-0.2,0.1,-0.1,-0.4,0.4,-0.3,0,0,0.1,-0.1,0,0.2,-0.1,0.1,0.6,-0.3,0,0.1,-0.1,-0.1,0.1,-0.2,-0.1,-0.1,0.1,0.3,-0.3,-0.3,0.2,0.1,0.4,0,0.1,-0.2,0,-0.5,-0.1,-0.2,-0.2,0,0.5,0,-0.1,-0.1,-0.1,0.1,0.1,0.2,-0.1,-0.1,-0.2,0.1,-0.1,-0.3,-0.2,0.5,0,-0.3,-0.1,-0.1,0,-0.1,0.1,-0.1,-0.2,-0.1,-0.1,0,-0.1,0,0,-0.1,0,0,-0.2,0.1,0.2,-0.1,0.1,0.5,-0.1,-0.1,0,0,-0.2,-0.2,-0.4,-0.3,-0.1,0.2,0.1,-0.2,0.3,0.1,0.1,0.1,0,-0.1,-0.1,-0.1,-0.1,-0.4,-0.3,-0.1,-0.1,0,0.2,0,0.1,-0.1,0.2,-0.1,0.2,-0.1,0.2,-0.1,0.3,-0.4,0,-0.3,-0.1,0,0,0,-0.2,-0.1,0.1,0.1,0,0,-0.2,-0.3,0,0,-0.1,-0.2,0,0.1,0,0,0,0.2,-0.3,0.2,0.2,-0.3,-0.1,-0.3,-0.1,0,0.1,0.3,0,0.1,-0.2,0,0,0,-0.1,-0.2,0,0.1,-0.1,-0.1,0,0.2,-0.3,0,0.3,-0.2,0.3,0.4,-0.2,0.1,-0.1,0,0.4,0.2,0.3,1.2,0,-0.2,0.1,-0.1,-0.4,-0.1,0.3,0,-0.1,0,0,0.2,0,-0.2,0.1,0,-0.1,-0.1,0,-0.1,-0.2,0.3,-0.3,-0.1,-0.1,-0.1,-0.3,0,0.2,-0.5,-0.2,0,0,-0.1,0.1,0.2,0,0.3,-0.2,0.1,0.2,-0.1,0.3,-0.2,-0.3,-0.3,-0.1,-0.1,0.6,0,0.1,-0.1,0.2,-0.3,-0.2,0.4,0.1,0,-0.1,0,0.1,0,0.1,-0.2,0,-0.1,0.1,-0.5,1.7,0.1,0.4,0,-0.1,0.6,-0.4,0.4,-0.3,0.5,-0.1,-0.2,-0.1,0.2,0.3,0,-0.1,-0.5,0.2,0,-0.3,0,0,0.3,-0.1,0,0.1,0.1,0,-0.1,0.2,-0.1,0.1,0.4,0.1,0.4,0,-0.1,-0.1,-0.3,0,-0.1,-0.3,-0.5,0.2,0,-0.5,-0.1,1,-0.1,0,-0.1,-0.1,0.2,0,-0.1,0.2,0.4,0.1,-0.3,0,-0.2,0.3,0,-0.2,0.1,0.4,0.2,-0.1,0.2,-0.3,-0.4,0,0.9,0.1,-0.2,0.1,-0.1,0,-0.2,0.1,0,-0.1,0.1,-0.2,0,-0.1,0.1,0,0.2,0,0,0.6,-0.2,-0.4,0.3,0,-0.2,0,0.1,-0.1,0.7,-0.1,0.2,0.3,-0.2,0.2,-0.3,0,0.1,0.2,-0.2,0.1,0.2,0,0,0.2
HT29,BRD-K28360340,CC(C)c1ccccc1Cc1cc(C(=O)Nc2ccc(cc2)S(=O)(=O)c2ccccc2C(C)(C)C)c(O)c(O)c1O,1.6,0.1,0.4,-0.1,-0.2,-0.2,0.3,-0.5,-0.8,0,-0.2,0.1,0.8,1,3.2,0.1,0,0.1,0,-0.6,0,0,-0.2,-0.1,-0.1,0,0,0.3,-0.5,0,0.3,0,-0.4,0.1,-0.5,-0.8,-0.8,-0.1,0.1,0.1,2.3,0.4,-0.2,-0.1,0.3,-0.1,0.2,0.1,0.9,0.1,1,-0.2,-0.1,-0.2,0.2,-0.6,0.4,-0.3,0.1,-0.4,-0.2,-0.1,-0.6,-0.5,-0.6,0.4,0.3,1,-0.1,0.1,-0.6,-0.3,0.7,0,-0.3,0,-0.4,-0.3,0.6,3.3,0,-0.2,-0.7,-0.1,-0.6,-0.8,-0.4,0.3,-0.2,-0.2,0.3,0.5,-0.2,0.4,0.1,0.2,-0.5,-0.3,-0.1,0.4,0.1,-0.3,0.4,1,1.5,-0.2,-0.2,-0.1,-0.2,-0.2,0.1,0.9,-1.2,-0.3,0,-0.7,-0.1,0.2,0.1,0.2,-1.4,0.2,1,0.6,0,0.7,0.3,0,-0.4,-0.6,0,0.9,-0.1,0.5,-0.5,-0.2,-0.5,0.1,-0.3,-0.2,-0.1,0.6,-0.3,-0.2,-0.1,-0.4,0.4,0,0.3,0.1,-1,0.2,0.3,-0.2,-0.1,-0.8,1.5,0.2,0.7,-0.5,0,0.5,0.3,-1,-0.2,0.1,1.2,-0.2,-1.3,0,0.9,-0.1,-0.1,1.5,-0.3,0.2,-0.4,0.1,0,0.9,0.4,0.1,0.8,1.2,0.4,-0.1,0.1,0,0,-0.7,-0.1,-0.1,-0.6,-0.7,-0.4,0.1,0,0,0,0.3,0.7,0.3,0.1,-0.8,-0.1,-0.5,1.7,-0.5,0.1,-0.4,-1.1,-0.4,0.3,0.3,-0.6,-0.6,-0.2,0.2,-0.3,0.9,0.1,0,-0.2,0.2,0.2,-0.2,0.2,0.9,1.4,-0.4,0.4,0.8,1.2,-0.3,-0.1,0.1,1.7,-0.5,-0.7,0.8,-0.4,-0.1,-1.5,-0.3,0,0.6,-0.2,-0.2,-0.7,-0.5,-0.4,-0.1,-0.5,0.2,-0.1,0.3,0.4,0.1,-0.7,0.7,-0.2,0.1,-0.5,0.6,-0.1,0.3,0,0,0.1,0.3,1,-0.1,0.3,0.1,0,0.3,-0.2,-0.1,-0.4,-0.3,0,1.2,0.1,-0.1,1.4,-0.2,0.4,0.2,-0.3,-0.4,0.1,-0.4,0.2,0,-0.3,-0.2,1.1,-0.1,0.2,-0.1,0.7,0.2,0.9,1.2,0.6,-0.5,-0.4,-0.5,0.2,0.7,0.5,0.2,0.3,-0.6,0.8,0.1,-0.4,0.6,0,-0.2,-0.7,-0.5,-0.5,0.4,-0.8,-0.1,0.1,0,0.3,-0.2,0.3,0,0,-0.1,0.3,0.4,0.1,-0.4,-0.4,-0.4,0.2,-0.4,-0.7,0,-0.1,0.1,-0.2,-0.4,-0.6,-0.6,0.1,0,0.2,0.5,0.1,0.4,0.2,-0.8,0.5,0.2,0.7,-0.4,0,-0.1,-0.2,-0.6,0,0.4,0.4,0.3,0.7,0.3,0,0.1,0.9,-0.6,0,0.3,-0.8,-0.8,0.1,0.4,-0.3,-0.1,-0.9,-1,0,-0.1,0,0,-0.3,0.9,0.1,0.3,-0.6,-0.3,0.3,-0.2,-0.4,0.3,0.5,0,-0.3,0.7,-0.7,-0.4,-0.8,0,-0.1,-0.1,0.6,1.1,0.2,-1.5,0,0.4,-0.6,-0.1,-0.1,-0.9,0,1.1,0.3,0.5,-0.4,0,-0.6,-0.3,0.1,-1,-0.3,0,0.1,0.1,-0.1,0,0.6,-0.2,0.3,0,-0.4,0,-0.5,0,0.5,0.2,-0.6,-0.2,0.1,-0.8,0,-0.2,-0.2,0,-0.3,-0.2,-0.8,0.6,0.5,0.6,0.4,-0.4,0.1,0.4,-0.2,0.7,-0.4,0.5,-0.2,0.2,0.1,-0.1,-0.5,0,-0.7,-0.2,-0.3,0,-0.1,0.7,-0.1,0.8,-0.3,-0.2,-0.6,0.1,0,0.2,0.1,0.4,-0.7,-0.1,0,0.2,-0.3,-0.2,-1.1,-0.3,-0.4,-0.2,1.2,0.7,-0.3,-0.2,-1.3,-0.7,0.1,0,-0.4,-0.2,0.8,-0.2,0.1,-0.2,0.3,0,0.1,-0.1,-0.1,0.4,1.3,-0.6,-0.6,0.1,0.2,2.4,0.1,0.3,0,-0.7,-0.2,0.4,-0.2,-0.3,0.2,0,-0.6,-0.2,-0.3,0.2,0,1.2,-0.6,-0.1,-0.1,-1,0.2,0.4,0.4,0.1,0,0.5,0.3,-0.2,0.4,0.2,0.1,-0.4,0,0.4,-0.3,0,-0.3,0.4,-0.2,-0.2,0.6,-0.3,-0.2,0.2,-0.9,-0.1,1.1,0,0.5,-0.5,2.1,0.3,-0.1,-0.6,-0.3,-0.6,-0.6,0,0.2,0.1,0.1,0.7,-0.5,-0.1,-0.1,-0.4,0,0.1,0.4,0,-0.2,0.2,0,-0.7,0.3,1,0.2,0.5,0.2,-0.2,-0.1,0.5,-0.2,0.1,0,-0.3,0,-0.8,0.6,-0.4,-0.8,0.9,-0.6,-0.2,0,0.2,-0.2,0.4,1.1,0.1,0.1,0.1,-0.2,-0.3,0.1,0,0.1,1.1,-0.2,-1,-0.2,0,-0.3,-0.1,0.1,-0.3,-0.2,0.1,0,-0.2,-0.6,0.7,-0.6,0.3,0.4,-0.9,-0.1,0.1,-0.1,-0.5,0.2,0.4,0.3,0.9,0.1,0.2,0.2,-0.5,0.3,-0.3,0.2,1,0.8,0,-0.4,0.2,0.1,-0.1,-0.1,0.2,0.8,-0.4,-0.4,-0.4,-0.2,0.2,-0.8,0.5,-0.3,-0.1,0.1,-0.5,0.6,0.6,0.1,-0.8,0.2,-0.2,0,0.1,0.8,-0.4,0.3,0.3,-1.3,-0.3,0,0.1,-0.9,-0.1,-0.3,-0.1,0.1,-0.4,0.1,0.5,0.2,-0.7,-0.7,-0.2,-0.4,-0.1,0.2,0.4,-0.2,0.1,-0.4,-0.1,-1,0.2,-0.2,-0.1,0,0.6,-0.8,-0.1,-1,0,0.6,-0.1,0,0.2,-0.1,0.3,0.2,0.4,-1.1,-0.4,-0.3,0,0.4,-0.4,-0.2,-0.1,-0.2,0,-0.3,0,0.3,-0.6,-0.4,0,-0.1,-0.5,0.7,-0.1,-0.1,-0.4,0.2,-0.1,0.2,-0.3,0,-0.2,0.4,-0.7,0.2,0.1,-0.3,-0.2,0.2,0.2,0.3,-0.5,0,0.9,-0.2,0.6,0.3,0.1,0.6,0.2,-0.1,0.7,-0.6,0.8,1.4,-0.6,0.6,-0.2,0,0.2,-0.2,-0.4,0.3,-1.1,-0.1,-0.5,0.4,0.1,0.2,-0.2,-0.2,-0.2,0.3,-0.2,-0.2,-0.2,-0.2,0.8,-0.2,-0.6,0,0.1,0.1,0.1,-0.4,0.2,-0.2,-0.2,0,0.8,-0.2,-0.1,-0.1,-0.2,0.1,-0.3,-0.6,0.3,-0.4,0,-0.2,-0.9,-0.3,-0.1,0.9,0,-0.2,0.3,-0.1,-0.5,0.6,0.3,0.4,0.1,0.2,-0.4,-0.4,0.2,0,0.3,-0.2,-0.6,-1.1,3.6,-0.1,-0.3,-0.2,0,0.5,-0.5,-0.5,0.4,0,0,-0.2,0.2,-0.2,-0.3,0.1,-0.1,-0.4,-0.3,0.1,-0.1,-0.5,-0.4,0.3,0.2,-0.5,-0.3,-0.4,0,1.7,0.2,-0.2,-0.4,0.7,-0.2,0.6,-0.1,-0.2,0.3,-0.5,-1,0.2,-0.2,-0.6,0.7,0.2,-0.5,-0.1,2.5,1.6,0.7,-0.2,-0.1,-0.2,-0.5,-0.5,0.3,-0.4,-0.2,-0.5,0.1,0,0.1,0,0.3,-0.1,0.1,-0.2,-0.3,-1,-0.5,-0.7,0,1.3,0.3,-0.5,0.2,-0.1,-0.3,-0.4,0,-0.1,-0.4,-0.1,0.1,-0.3,-0.3,-0.1,-0.7,-1.1,-1.1,-0.3,0.1,0.3,-0.4,-0.1,0.1,-0.4,-0.3,-0.4,0.3,-0.1,-0.6,-0.5,0.2,-0.2,0.3,0.1,0.1,0.3,0.1,0.3,-0.1,0.7,-0.5,-0.3,0.4
HA1E,BRD-K81709173,CC1(C)O[C@@H]2C[C@H]3[C@@H]4CCC5=CC(=O)CC[C@]5(C)[C@@]4(F)[C@@H](O)C[C@]3(C)[C@@]2(O1)C(=O)CCl,0.2,0.2,0.1,0.1,-0.1,-0.3,0.4,-0.3,0,0.1,-0.2,0.1,0.2,-0.6,0.1,0.2,-0.3,0.9,0,0,-0.4,0,0.1,-0.2,-0.1,-0.2,0,0,0.5,0,0.5,0.6,-0.4,0.2,0,0.8,-0.1,0.2,0.7,0.2,-0.1,-0.6,-0.1,0.1,0.2,0.1,0.3,0.4,-0.1,0.1,0.2,-0.1,-0.1,0.1,0.7,0.2,-0.3,-0.2,-0.4,-0.2,0.1,0.5,-0.3,-0.2,-0.2,0.2,-0.2,-0.1,0,0,0,0.1,0.1,0.1,0.3,0,0.3,0,0,0.5,-0.2,0,0.1,1.1,0,-0.4,0,0.2,0.2,0,0,0.1,0,0.8,-0.5,0.1,-0.4,0.1,-0.3,-0.1,0.3,0,0.4,0.5,0,0.3,-0.2,-0.2,-0.4,0.2,0.2,0.3,-0.2,0,0.1,0.1,0,-0.2,0.2,0.3,0.1,0.1,2.1,-0.2,-0.7,-0.1,0,0.1,0.5,-0.2,-0.7,-0.1,-0.1,-0.1,-0.1,-0.1,0.1,0.1,-0.1,-0.7,-0.2,0.1,0.1,0.3,-0.1,-0.5,0,0,0.8,0,0.5,0.4,0.1,-1,0.3,0,0,0.4,0.3,0.1,-0.1,0.3,0,0.1,0.1,0.2,-0.2,0,0.2,0.5,0.4,-0.1,0.1,-0.4,-0.1,0.5,-0.1,0.1,0,-0.4,0.4,0.1,0.6,-0.3,1.1,0,0.2,0.1,0.1,0,0,-0.2,-0.1,-0.1,-0.2,0.1,-0.1,0.2,0.6,-0.4,-0.6,-0.3,-0.7,-0.3,-0.9,-0.9,-0.2,-0.4,0.1,-0.1,0,-0.2,-0.2,0.8,-0.3,-1.3,-0.1,1,-0.5,0.3,-1.1,0,-0.1,0,0.4,0.4,-0.1,-0.1,-0.7,0.1,0.5,-0.3,-0.1,0,0.1,0,-0.2,-0.5,-0.3,0.2,-0.3,-0.2,-0.7,-0.2,-0.1,0,0.1,0.2,0.7,0.1,-0.2,0,0,0.5,0,0.1,-0.2,-0.2,0.1,0,0.5,0.3,0,0.6,0.2,-0.5,-0.2,0.3,-0.1,0.1,0.5,0.1,0.7,0.1,0.4,0,0.1,0.1,0.1,0.2,-0.7,0.3,0.4,-0.1,0,-0.2,0.7,0.6,-0.1,-0.1,0.6,-0.3,0.7,0.1,0,-0.9,0.3,-0.3,0,-0.2,-0.7,-0.1,0,0.2,0.2,-0.1,0.2,0.6,-0.2,0.4,0,0.9,0.3,0.1,0.3,-0.4,-0.1,0,1.1,0.1,-0.6,-0.1,-0.3,-0.1,-0.1,0.1,0.2,-0.1,0,0,0.2,0.3,0.1,0.1,0.1,-0.2,0,0.2,-0.1,-0.5,0.1,-0.1,-0.1,-0.1,-0.1,-0.1,-0.7,-0.1,0.1,-0.1,-0.3,0.2,0.2,0,-0.2,0.3,0.1,-0.2,0.3,0.1,0,0,0.1,-0.1,0,-0.4,-0.6,-0.3,-0.3,0.1,0,-0.2,-0.3,-0.1,0.3,-0.4,0.1,0.1,0.1,0.6,0.1,0.1,0.1,0.3,-0.7,0,0,0.6,0,0.2,0.3,0.3,0.1,0,-0.1,-0.2,0.3,0,0,0.7,1.2,0,-0.5,0.6,0.1,-0.9,-0.1,0.2,0,0.2,-0.1,0.6,0,0.3,-0.2,-0.4,-0.2,-0.1,0,-0.3,-0.1,-0.5,0.4,-0.6,-0.3,0.5,0.1,0.1,0,0.1,0,-0.2,0.5,0.3,0.3,0,0,0.1,0.5,0,0,0,1.2,0.2,-0.3,0,-0.1,0.8,-0.2,0.1,0.2,-0.4,-0.1,-0.2,0.3,-0.2,-0.1,0.1,0,-0.3,0.2,-0.1,0,-0.4,0,0.3,0,0.7,-0.1,-0.5,-0.1,0.7,0.2,-0.1,0.1,0.1,0.2,0.2,-0.1,-0.5,-0.2,0.1,-0.2,-0.3,-0.4,0,0.3,0.1,0.4,0.1,-0.1,-0.1,0,-0.1,0,0.1,-0.2,0.5,-0.5,-0.3,-0.2,0.4,0,-0.1,-0.3,-0.2,-0.1,-0.2,-0.1,-0.4,-0.3,-0.1,-0.2,-0.4,-0.2,0,0,0.2,-0.3,-0.9,-0.1,0,0,0,0.3,0.3,0.2,0,-0.7,0.2,0.2,0.9,0.1,-0.2,-0.1,0.1,0,-0.1,-0.2,0.4,-0.1,0,-0.1,0,0,0.1,-0.1,0.4,-0.1,0.3,-0.1,0.2,-1,0.2,0.6,-0.2,-0.9,0.2,0.3,-0.1,-0.3,0.6,-0.1,-0.1,-0.2,0.2,0.4,0.3,1,0.2,-0.3,-0.3,0.1,-0.2,0.2,0.1,0.1,-0.1,-0.1,0.1,0,-0.1,0.2,-0.1,0,0,-0.1,0.5,-0.1,0.1,0.1,-0.1,0.1,-0.2,0.8,0.1,-0.1,0,0.2,0,0.2,0.2,-0.2,-0.2,-0.1,-0.1,-0.3,0.4,-0.1,-0.1,0,0.2,-0.4,-0.1,-0.4,-0.2,0.1,0,0.4,0.6,0.1,0.2,-0.3,0.3,0.4,-0.2,0,0.1,0,-0.2,-0.8,0,-0.1,0.3,0,-0.3,0,0.1,-0.4,-0.4,0,0.5,0,-0.3,0.2,0,-0.1,0.2,0,0.2,-0.1,0,0.2,-0.3,0.2,0,0.1,-0.2,0,0,-0.2,0.1,0,-0.3,0,0,-0.1,0.1,0,-0.4,0.2,-0.1,0.2,-0.3,-0.1,0.1,0.1,-0.2,0.1,-0.4,-0.3,-0.4,-0.1,-0.3,0.1,0.3,0,-0.3,0.4,0,-0.1,-0.4,0.1,-0.3,0.1,-0.1,-0.2,0.2,-0.3,0.7,-0.2,-0.1,0.2,0.2,-0.3,-0.4,-0.3,-0.1,0,0,0.1,0,0.1,0.6,0.2,-0.2,0,0,0.2,0.1,0,-0.2,-0.1,-0.1,0.2,-0.3,0.3,0.1,0,-0.3,-0.2,0.4,0,0.4,0.2,0,0,0.1,-0.2,0.3,0.3,0.1,0,0.4,0.6,0,0.4,0,0.5,0,-0.1,0.2,0.3,0,0.3,0.1,-0.2,0,0.2,-0.2,-0.2,-0.3,-0.3,-0.1,0,-0.1,0,-0.1,0.2,-0.5,0.1,-0.1,0.1,0.1,0.4,-0.1,0.2,0.5,-0.6,-0.1,0,0,-0.2,0.8,-0.1,0.3,0,0.2,0.1,0.2,-0.1,0,-0.5,-0.4,0.4,0.2,-0.1,0.2,-0.1,-0.8,0.5,0.2,0.3,-0.1,0.8,0.1,0.1,0,0,0.2,0.1,-0.1,0,-0.3,0.1,-0.1,0,0,-0.1,0,-0.7,0.6,0.1,0.2,0.4,-0.3,0.1,0.3,0.1,0,-0.1,-0.2,-0.3,-0.4,0.3,0.1,0.9,0.1,-0.1,0.1,0,0,0.2,0.1,0.2,-0.2,-0.9,-0.1,-0.2,0.1,0.1,-0.2,0.2,0.1,0,0,0.2,0.1,-0.1,-0.3,-0.1,0.8,-0.3,0.2,0,-0.3,-0.1,-0.2,0.4,0.1,0.2,-0.2,-0.1,-0.3,-0.1,0.2,0.2,-0.3,-0.4,0.5,-0.7,0.3,-0.9,-0.9,0.2,5.4,-0.1,-0.4,0.2,-0.2,0,0,-0.2,-0.2,0.7,0.2,-0.4,0.3,0,-0.3,-0.3,0,0.5,0.2,-0.3,0.3,0.1,0.3,0.1,0.9,-0.1,0.4,-0.1,0,-0.3,-0.1,0.2,-0.2,-0.5,-0.2,-0.6,0.4,0.1,0.2,-0.1,0.4,-0.2,-0.2,0,-0.3,-0.2,0.1,0.6,0.4,-0.1,0,0.7,-0.2,0.3,0.2,-0.3,0.1,0.1,0.1,0.8,0.4,0.2,0.1,0.2,0,0,0.1,-0.1,0,-0.2,-0.3,0.4,-0.1,0,-0.2,-0.2,-0.1,0.1,-0.2,-0.1,0.2,-0.1,0.1,-0.1,-0.5,0,0.1,0.4,0,0,0,0.2,0.2
HA1E,BRD-K87932577,Nc1n[nH]c2nc3ccccc3nc12,-0.1,0.1,-0.1,0.1,0.2,0.1,0,-0.1,0,-0.2,-0.1,-0.2,0.2,-0.8,-0.2,0.1,-0.3,-0.1,0.4,0.1,-0.1,-0.1,0.3,0.1,0.1,0.2,-0.1,0,0.6,0.1,0.1,0.5,0.1,0.1,0,0.2,0,0.2,0.3,-0.4,-0.2,0,-0.2,0.1,0,0.2,0.1,0.1,0.2,0.3,-0.1,-0.2,-0.1,-0.1,0.2,-0.1,0.1,0.5,-0.2,-0.4,-0.1,0.2,0.2,0,0.2,0.2,-0.1,-0.2,-0.1,-0.4,-0.1,0.1,-0.2,-0.9,0,0.1,-0.1,-0.1,0.1,-0.2,-0.2,0,0.1,0.2,-0.5,-0.2,-0.2,0,-0.2,0,0,0,0,0,-0.4,-0.4,-0.2,0,-0.1,0,0.4,0,0.3,0.2,-0.1,0.2,-0.1,-0.3,0.1,0.1,0.2,0.1,-0.1,0,0.1,0,0.1,0,0.2,0.4,0.2,0,0.6,0.1,0.3,0.2,0,0.1,0,0.9,0.4,-0.2,-0.3,-0.1,0,-0.2,-0.1,0.1,-0.1,0.4,-0.1,-0.2,0.3,-0.4,0,0.4,0,0.1,0.2,0.1,-0.2,0.4,-0.1,-0.9,0,0.1,0.1,-0.1,0.3,-0.1,-0.3,0.3,-0.2,-0.1,0.2,-0.4,-0.2,0,0.1,0.1,-0.2,0,0.2,-0.1,-0.5,-0.1,-0.1,-0.2,-0.2,-0.1,0.1,-0.1,0.2,-0.2,0.7,0.1,-0.3,0.2,0.2,-0.1,-0.1,0,0,0,-0.3,0.3,0,0,0.9,-0.2,0.1,-0.3,0.2,0.5,0,-0.4,0.2,-0.6,-0.1,0,-0.2,-0.1,0,-0.1,-0.1,0,0,0.1,0.1,0,0,0,0,0.1,0,0,0.3,0,0.4,0.2,-0.1,-0.1,0.1,0.3,0.1,-0.1,0,-0.2,-0.1,0,-0.2,-0.2,-0.2,-0.1,0.1,0,0.2,0.1,0,0.1,-0.1,0,-0.2,0,0,0,0.1,0.5,-0.3,-0.1,0.1,0,-0.1,-0.1,0.1,-0.2,-0.4,0.1,-0.1,0,-0.3,0.1,0,0.1,0.1,0,-0.1,-0.1,0.1,0.1,0,-0.1,0.2,-0.2,-0.1,-0.2,0,0.2,0,0,0,-0.2,-0.2,-0.1,0,-0.1,0.4,-0.2,-0.1,-0.1,0,0,0.1,0,0.3,0,0.2,0.2,0,-0.2,0,0.1,0.1,-0.4,0.2,-0.3,0,-0.5,0.4,-0.3,-0.4,0,-0.3,-0.3,0.1,0.3,0,-0.2,0,0,0.2,0.1,0,-0.2,-0.1,0,-0.3,0.1,-0.1,-0.1,0.3,0.6,-0.1,0.1,-0.1,-0.2,-0.2,-0.1,0.1,0,0.1,0.1,0.1,-0.1,0.3,0.2,0.1,-0.1,0,0,0.1,-0.3,0,-0.2,0.1,0,0,0,0,0,0.3,-0.3,-0.4,0,0.1,0.1,-0.1,0.6,0.3,0.7,0,-0.2,-0.1,0.1,-1.2,-0.1,0,0,0,-0.4,0.2,0.1,0.3,0,-0.2,-0.1,1.7,0,-0.3,0,0,0.2,-0.2,0,0,-0.5,-0.3,0.1,0.9,0.2,-0.1,-0.4,-0.1,0.1,-0.7,-0.2,0.5,0.3,0,-0.1,0,0.1,0.3,-0.4,0.1,0.3,0,0.2,-0.1,-0.1,0,0,0.1,0.1,0.1,-0.1,-0.1,0.2,0.1,0.2,0,0.1,0,0,0.1,-0.3,-0.2,0,-0.2,-0.1,0,-0.6,0,0,0,-0.1,0,0.1,-0.1,0,0,-0.2,0,-0.1,0,-0.1,-0.1,0.2,0,0.1,0.2,0.2,0,-0.1,0,0,0,0.1,-0.4,0.4,-0.2,0.1,0,0.4,-0.2,-0.1,0,0.2,0.2,0,-0.1,-0.1,0,0.2,0,0.1,-0.2,0.1,-0.1,-0.3,0,0.4,-0.3,0.1,-0.1,-0.4,0.1,-0.1,0.2,-0.4,-0.1,-0.1,-0.1,-0.1,-0.3,0.5,-0.6,0,-0.2,0.4,0.1,0,0.1,0,0.2,-0.1,0,0.6,-0.4,0.1,0,0.2,0,-0.4,-0.1,0,-0.1,-0.2,-0.4,-0.1,-0.1,-0.3,0,0,0,0,-0.3,0.3,1,-0.1,-0.3,0,0,-0.1,-0.2,0.1,-0.3,-0.1,0.1,-0.1,0.1,0,-0.3,-0.1,-0.3,0,0.1,0.1,0.6,0.1,-0.1,-0.5,-0.1,0.2,0.2,0.5,-1,-0.1,-0.1,0,0.3,0,-0.1,0.2,0.2,0,-0.1,0.7,-0.1,0.1,0.1,0.1,0.1,0.1,0.1,0,-0.1,-0.5,0,-0.6,0,0,-0.3,0,0,-0.2,0,0.1,0,0,0.2,-0.2,0.1,-0.3,0.2,0,0.1,-0.2,0.1,0.3,0.1,0,0,0.6,0,-0.1,0,0.2,0.2,0.2,0,0,-0.3,0.1,0.1,-0.1,0.1,0,-0.2,-0.3,0.3,0,0.2,0.1,0.2,0.2,0,0.7,-0.1,0,0.1,-0.2,0.1,0.1,0.2,-0.4,0,0.1,-0.3,0.1,0,-0.2,-0.2,-0.2,-0.1,0,0,0.1,-0.3,-0.2,0.2,0,-0.2,0,0,-0.2,0,-0.2,0,-0.4,-0.2,-0.3,0,0,0,0.3,-0.3,-0.1,-0.3,0,-0.1,0,0,-0.3,0.2,0.1,0.1,0,-0.2,0.3,0,0,0.2,0.1,-0.2,0,-0.1,-0.1,0.3,-0.2,0,-0.5,-0.8,0.1,0.1,-0.1,-0.1,0,0.3,0.1,0.2,-0.1,0,-0.1,0.2,-0.4,-0.1,0,0,0,-0.5,0,0.2,0,0,0,0.1,-0.4,0,0,0.2,0,-0.1,0.4,0,0.2,0.1,0,0.3,-0.1,-0.1,0.1,-0.1,0.2,0.3,0,-0.2,0.3,0,0.5,-0.1,-0.3,-0.3,0,0,0.1,-0.1,-0.3,0.1,-0.3,0.1,0.1,0.5,0,0,-0.1,0.3,0.4,0.1,0.1,-0.1,0,0,1,0,0.1,0.1,0,0,0,0,-0.1,-0.4,0,-0.9,0,-0.2,-0.1,-0.1,-1,0.2,-0.3,0.1,0.2,0.7,-0.1,0,-0.1,0.2,0.1,-0.1,-0.1,0.3,-0.2,0,-0.2,0,0,0,-0.9,0.1,0,-0.1,-0.3,0,-0.1,0.2,0,0.1,-0.1,0,-0.1,-0.2,-0.3,-0.3,0.3,-0.5,-0.1,0,0,-0.3,0.5,-0.1,0.3,-0.2,0.1,0.3,0,0,0.2,0.1,0.2,0.4,-0.1,0,-0.2,0.4,0,-0.1,-0.1,0.1,-0.9,-0.2,0.7,0,-0.1,0.3,0.1,0.4,0.3,0,0.1,-0.3,-0.2,0,0.3,0,0.7,0.1,0.1,0,0.2,-0.1,0,0.5,-0.1,-0.1,0,0.2,-0.3,-0.3,-0.2,-0.3,0,0.2,-0.4,0,0.1,0,-0.4,-0.3,0.1,0.6,0.1,-0.1,0.5,0.1,0.1,0.2,-0.2,-0.2,0.2,-0.2,0,-0.2,-0.2,0.2,0.2,-0.2,0.1,0.3,0.4,0,0.1,0,0,0.1,-0.5,0,-0.2,-0.1,0.1,0,0.5,-0.1,0.2,0.2,0.2,0.3,0.4,0,0.2,0.4,0,0,0,0.2,0.3,-0.3,0.1,0.4,0,0.1,0.1,0.7,0.1,0.7,-0.1,0.1,0.1,0.2,-0.1,0.2,0,-0.3,-0.1,-0.1,-0.1,-0.3,-0.4,0.1,-0.3,0.2,0.1,0.4,0.1,-0.1,-0.2
HA1E,BRD-K81807412,CNc1ncnc2n(cnc12)[C@@H]1O[C@H](CO)[C@@H](O)[C@H]1O,-0.1,0.2,0.1,0.1,0.3,-0.1,0,0,-0.1,-0.1,-0.3,0.1,0.2,-0.3,-0.2,0.2,-0.3,0.4,0.3,0,0.3,-0.1,-0.3,0.2,0.1,-0.3,-0.2,-0.1,0.5,-0.1,0.6,0.1,-0.4,-0.1,-0.2,0.1,-0.1,0.1,0.1,-0.3,0,-0.4,-0.4,0,0.1,-0.1,0.1,0.4,-0.1,-0.1,0,-0.3,-0.1,-0.2,0.3,0,-0.1,0,-1.1,-0.1,-0.1,-0.1,0,-0.3,-0.2,0.3,0,-0.2,-0.2,-0.4,0,-0.1,0.1,0.2,-0.4,0,-0.2,-0.4,0,-0.1,-0.1,0,-0.3,0.1,0.5,-0.2,0.2,0.1,-0.5,-0.1,0,0.1,0,-0.5,-0.5,-0.5,-0.1,0.1,-0.3,-0.2,0.2,0,0.3,0.2,0,-0.1,-0.2,0,-0.1,-0.1,0.2,0,-0.7,-0.3,0.2,-0.2,0,0.2,0.1,0.7,-0.1,-0.2,0.4,-0.1,-0.3,-0.3,-0.1,0,0.2,-0.3,0,-0.4,-0.6,0,-0.1,-0.2,-0.2,-0.2,0,-0.1,0.3,0,0.2,0.2,-0.2,0.1,-0.5,0.1,0.4,-0.1,-0.1,0.2,-0.1,-0.2,0.3,0.4,-0.1,0,-0.1,-0.7,0.3,0,0.1,-0.1,-0.2,-0.1,-0.7,0,0,-0.3,0.1,-0.2,0,0,0,0.1,-0.2,0,0,-0.1,0.1,0,0.5,-0.1,1,-0.1,-0.1,0,-0.2,0.1,-0.1,0,-0.1,0.1,-0.3,0.1,0,-0.1,-0.1,0.5,0.2,-0.6,0,0.3,-0.4,-0.2,0,-1,0,-0.1,-0.1,-0.4,-0.2,-0.1,-0.4,-0.4,-0.4,0.5,0,0,-0.1,0,0,-0.1,-0.1,0.3,0,-0.1,0.3,0.2,0.2,-0.3,-0.1,-0.1,-0.1,0,-0.1,-0.1,-0.1,-0.1,0.2,-0.1,-0.2,0.1,-0.2,-0.4,-0.1,0,-0.1,0.2,-0.3,-0.1,-0.3,0.3,-0.1,0.1,-0.2,0.3,-0.7,-0.2,0.8,0.1,-0.2,-0.1,-0.1,-0.1,0,0.2,0,0,0,-0.3,-0.2,-0.5,0,0.3,-0.5,-0.2,0.1,0.3,-0.9,0.1,-0.1,0,-0.2,0,-0.8,0.5,-0.1,-0.2,0.3,0.2,-0.3,0,0.1,0.1,0.7,-0.3,0,-0.1,-0.3,-0.1,-0.1,-0.1,0.1,0,0,0.4,0,0.2,0,0.6,0.1,-0.2,-0.1,0.5,-0.1,-0.2,0.6,-0.1,-0.5,0,-0.2,0.1,-0.4,-0.5,0.2,-0.1,0.1,0.1,0.2,0,0.1,-0.1,0,-0.1,-0.3,0,-0.1,0.1,0,-0.1,-0.1,0.2,-0.3,-0.2,0.6,0.1,0.1,-0.2,-0.2,0,-0.1,-0.2,0,0.3,0,-0.2,0.1,0,0.1,-0.4,-0.1,0,-0.2,-0.1,-0.3,-0.1,-0.1,0,-0.2,-0.1,-0.1,-0.2,-0.3,-0.3,0,0.6,0.1,-0.5,0,0,0,0,-0.2,0,-0.1,0.3,0,0.2,0.3,0.4,-0.3,0.1,-0.2,-0.2,0.4,0,0,0.2,1.2,0,-0.4,-0.2,-0.1,-0.9,-0.3,-0.1,0.4,0.1,-0.5,0.5,0.2,0.1,-0.5,-0.4,-0.1,-0.2,-0.2,-0.3,0.1,-0.2,0.3,-0.7,-0.2,0.5,0,-0.2,-0.2,-0.1,-0.1,0,0.3,0.1,0.3,0.1,0.2,-0.3,0.5,0,-0.3,0.2,0,0.1,0.1,-0.3,0,0.1,0,0,0,-0.2,0,0.1,-0.1,-0.1,-0.5,0.1,-0.1,-1.1,0.3,-0.1,0,0,-0.3,0,-0.2,0.1,-0.1,0.4,0.1,0.2,0,-0.4,-0.3,0,-0.1,-0.2,-0.1,-0.2,-0.1,0,0.1,0.3,-0.3,0,0,0.1,0,0,-0.2,-0.2,1,0.2,-0.1,0,-0.1,-0.2,-0.1,0.2,0.3,0.4,-0.1,0,0,-0.1,-1,0.1,-0.2,0.3,0,-0.3,0.1,-0.2,0.2,-0.5,0.7,-0.2,-0.1,-0.2,-0.1,-0.2,-0.1,0.4,0.3,-0.1,0,0.1,0.4,0,0.2,0.4,-0.4,0.1,0,0.3,0,0.1,-0.6,-0.2,0.1,0,-0.1,0.1,-0.1,-0.2,-0.4,-0.1,0.1,0.1,-0.1,0,0.3,-0.1,-0.5,0.2,0.1,0.2,0.3,-0.3,-0.2,0.1,0.1,0.2,-0.4,-0.1,0,-0.1,0.4,0,-0.3,0,0,-0.1,0.5,0.4,0,-0.3,-0.2,-0.2,0,-0.2,0.1,0.1,0,0.1,-0.2,0.2,0,-0.1,-0.2,-0.1,0.1,-0.3,0.3,0.1,-0.1,-0.2,-0.2,0.1,0,0.2,0.3,-0.1,0,0,-0.3,0.1,-0.2,-0.2,0.1,0,-0.1,0.1,0.1,-0.3,0,0.1,-0.1,0.8,0,0.1,-0.1,-0.1,0.2,-1,-0.3,0,0.4,0.1,-0.2,-0.1,0.1,0,-0.5,-0.1,0.1,-0.2,-0.3,0,-0.3,0.2,0,0.3,0.1,0.1,0,0.3,-0.3,0.1,0,-0.2,-0.2,-0.3,0.1,-0.2,0,0.3,0,-0.1,-0.1,-0.1,-0.2,-0.2,-0.1,-0.1,-0.1,0.1,-0.2,0.5,-0.1,0.1,-0.1,0,-0.3,-0.1,0.1,0,-0.3,-0.4,-0.8,0.1,0,-0.1,-0.4,0.5,-0.1,0.2,0.4,0,-0.1,-0.2,0.3,-0.3,-0.5,0.1,0,-0.2,0.6,0.3,-0.4,0.1,-0.1,0.2,-0.1,0,-0.1,-0.4,0.3,-0.2,-0.2,0,0,0.2,0,-0.4,-0.1,-0.1,0.1,-0.5,0,-0.1,0,-0.1,0,0,-0.2,0.1,0,-0.3,0.3,-0.1,-0.1,-0.2,0,0,0,0,-0.2,0.1,-0.2,-0.2,-0.1,0.1,0,0,0.3,-0.2,0.7,-0.1,-0.2,0.1,-0.1,0.2,0.1,-0.2,-0.3,0.1,0,-0.1,0.2,0.2,0.3,0,0,0,0.1,-0.1,0,-0.3,0.1,-0.3,0.1,-0.1,-0.3,0,0,0,-0.8,-0.1,0.3,0.1,-0.2,0,-0.3,0.2,0.2,0,0,0.1,-0.1,0,0.1,-0.4,0.1,-0.1,-0.2,0.1,-0.2,0.6,0.6,0,0.1,0.2,-0.2,0,-0.2,0.1,-0.2,0,0,-0.1,-0.1,-0.1,-0.1,-0.6,0,-0.4,-0.1,-0.2,0.5,0.3,0.2,-0.2,0.5,-0.1,0.2,-0.1,0,-0.1,0,0,-0.1,-0.2,0.3,0,-0.6,-0.1,0,0.1,-0.1,0.4,0.1,0.2,-0.1,0,-0.1,0.2,-0.2,-0.2,0.5,0,0.1,0.1,-0.1,-0.1,0.2,-0.1,-0.1,-0.2,-0.2,-0.8,-0.3,0.6,-0.4,-0.1,0.2,-0.1,0.6,0,0.1,-0.2,-0.1,-0.5,-0.3,0.1,-0.6,-0.2,-0.2,-0.1,0.2,-0.3,-0.8,0.1,-0.2,0,-0.1,0,-0.1,-0.1,-0.1,-0.1,0.1,0,0.3,0.8,-0.1,-0.9,-0.1,-0.3,-0.2,0.3,-0.1,0,-0.4,-0.1,-0.1,-0.7,0.2,0.7,0.2,-0.1,0.1,-0.3,0,0.1,0.1,-0.1,-0.3,-0.2,0,0.1,0.2,-0.5,0,0.2,-0.4,0,0.1,-0.2,0,-0.1,0.1,0.1,0,0.3,0,-0.3,0.6,0.1,-0.3,0.1,-0.1,-0.2,-0.2,0,-0.4,-0.3,0.5,0,0,-0.3,-0.3,0.2,-0.1,0.2,0,-0.2,0.1,-0.1,0.4,-0.2,0.4,0,-0.1,-0.2,-0.1,-0.1,-0.3,-0.2,0,-0.1,0,-0.1,0.2,-0.2,-0.2,-0.3
HA1E,BRD-K51276371,CCCCc1c([nH]c2nccnc12)c3ccc(OC)cc3,0.1,-0.2,-0.2,0.4,-0.2,0.2,0.2,0.2,0.1,0,-0.1,0.3,-0.2,0,0,0.1,0.2,1.4,-0.1,0,0,-0.1,0.3,0.1,-0.1,0.2,0.1,-0.3,-0.3,0.2,0.5,-0.3,0.5,0.1,0.3,0.6,0.1,0.4,0,-0.2,-0.2,-0.6,0.2,0.1,0,-0.1,0.1,-0.1,-0.1,0.3,0.2,-0.1,0,0.2,-0.2,0.3,-0.4,0,0,-0.6,-0.2,0.2,0.3,0.1,-0.3,-0.5,-0.2,0,0.5,0.1,0,0.3,0,-0.2,-0.2,0.2,0,-0.1,0.1,-0.6,-0.5,0.1,0.3,0.3,-0.3,-0.2,-0.1,0,-0.3,0.1,0.1,0,0,-0.1,-0.2,0.2,0.1,0.3,-0.1,-0.4,0.2,0,0,-0.3,-0.2,0.3,0.4,-0.1,-0.4,-0.1,-0.5,0,-0.1,-0.1,0,-0.3,0.1,-0.2,0,0.2,0.3,0.3,-0.5,0.4,0.3,0.1,-0.1,0,0,0.6,0.6,0.3,-0.3,-0.1,-0.1,-0.7,0.1,0.2,0.2,-1,0.1,-0.1,0.2,0,0.1,0.5,-0.3,-0.1,0.1,-0.3,0.3,0.1,0.2,0,0.1,0.3,0.1,-0.2,0.2,0.1,-0.3,-0.2,-0.4,0.1,0.3,-0.5,-0.6,0,0.3,0.2,0.2,-0.1,-0.4,0,-0.5,0.2,0,0,-1,0.3,0.8,0.2,0.7,-0.3,0.8,0.1,0.1,0,-0.1,0,0,-0.2,-0.7,0.2,-0.1,-0.1,0.4,0,0,-0.1,-0.1,-0.3,-0.6,-0.1,0.2,-0.5,-0.1,-1,-0.1,-0.1,-0.2,0.2,0.1,0.2,0.1,-1.9,0.1,0,-0.2,0.2,-1,1.4,0.3,-0.1,-0.1,-0.2,0.2,0.1,-0.3,-0.1,-0.3,-0.1,0.1,-0.1,0.2,-0.2,-0.3,-0.4,0,-0.2,-0.3,0.3,0.2,0.1,-0.2,-0.1,0.2,0,0.1,0,0.6,-0.1,-0.2,0.1,-0.2,-0.5,0,-0.5,-0.8,-0.2,0.2,0.4,-0.2,-0.5,0.6,0.1,0,-0.2,-0.4,-0.1,-0.2,0,-0.1,-0.2,-0.1,0,-0.3,0.1,0.3,0,0.3,0.3,0.1,-0.2,0.1,-0.4,0.1,-0.1,0.3,0.1,0,0,-0.7,0,0.2,-0.1,0.9,0,0.2,-0.1,-0.6,0.1,0,0.5,0.8,0.2,0.1,0.3,-0.2,-0.2,-0.1,-0.1,0.3,-0.2,0.2,0.8,0.4,0,-0.1,-0.1,-0.8,0.3,-0.1,0.3,0.2,0.6,-0.3,0.1,-0.3,-0.1,0,0.2,0.1,1,0.1,-0.1,-0.3,0,0,-0.2,0,0.4,0.2,-0.1,0,-0.2,0.4,0.1,0.2,0,0,0.1,0.1,0,-0.3,0.1,-0.7,-0.1,-0.1,0.2,-0.1,0,0,0.1,0.3,0.4,-0.6,0.1,-0.2,0,-0.1,-0.2,-0.1,-0.2,0.3,-0.3,0.1,0,0.5,-0.3,-0.1,-0.4,0.1,0,-0.1,0,0,0.1,0,-0.2,0.1,-0.1,0.2,-0.2,0.2,0.1,1.7,0,0.3,-0.2,0.2,0.1,-0.2,-0.1,-0.1,-0.4,-0.4,0.1,-0.1,0.1,-0.4,0.7,0.6,0.3,0,-0.1,0.3,0,-0.1,0,0,0,0.3,-0.1,0.2,-0.1,0.1,-0.3,-0.2,0.1,0,-0.3,0.1,-0.1,0.3,0.5,-0.2,-0.1,0,0.1,-0.2,-0.4,2.7,0.1,-0.2,-0.5,-0.4,1,0,0.4,0,-0.3,0.1,0,0,-0.4,0.5,0.1,0,-0.1,-0.2,-0.2,0.2,0.8,0,0,0.1,0,-0.2,0.1,1,-0.1,0,-0.4,0.1,0.1,-0.1,-0.3,-0.1,0.2,0,-0.3,-0.6,-0.1,-0.2,0,-0.1,-0.1,-0.7,-0.1,0.1,-0.2,0,0,0.1,0,0,0.2,0,-0.1,0.4,0.4,0.2,0.1,0.3,0.1,0.1,-0.3,0,0.1,-0.1,0.1,-0.2,0,0.2,0.4,-0.2,-0.1,-0.3,-1.2,0,0.1,0.1,0,0,0.2,0.2,-0.4,-0.1,0.2,0.2,0.3,-0.2,0,0.3,-0.2,-0.1,-0.2,-0.4,0,0,-0.2,0.1,0,0,0.1,0,0.3,-0.8,0.2,-0.2,-0.2,-0.6,-0.2,0.9,0.3,-0.2,0.4,-0.2,0,-0.6,0,-0.2,-0.2,0.1,0.1,0,0.5,-0.2,0.3,0.2,0,0.2,0.6,0.1,0.2,0,-0.3,0.3,0,0.2,0,0.1,-0.2,0.3,-0.1,0.2,-0.1,-0.1,0,-0.1,0,0.1,1,0,-0.2,-0.4,0,-0.1,0.2,0.1,0.4,0.6,0.1,-0.5,0.1,-0.1,0,-0.3,0.2,0,-0.2,0.5,-0.2,0.5,0.1,0,-1,0.1,0.7,0.2,0,0.1,0,0.2,0.3,0,0.2,0.6,0.3,-0.3,-0.3,-0.3,0.1,-0.1,-0.3,0.1,0,0,-0.4,-0.1,-0.7,0.5,-1.1,0.1,0,0,0.4,0.1,-0.1,-0.1,0.1,0.2,0.4,0.1,-0.1,0.4,0.3,-0.4,0.1,0.1,-0.1,-0.1,0.2,-0.2,0.2,0.1,0,-0.4,-0.3,0,-0.5,-0.1,0,-0.1,-0.1,0.4,0,0,0,0.1,-0.7,0.1,0,0,-0.4,0,-0.3,-0.2,0,-0.2,0.3,-0.6,0,-0.9,-0.1,0.1,0,-0.2,0.1,-0.1,0,0.8,0.3,0.2,0,0.3,-0.1,0.5,0.3,0,-0.4,-0.5,0,-0.6,0.5,-0.1,-0.1,0.4,-0.2,-0.1,0,0,-0.1,0.1,-0.2,-0.1,-0.3,-0.1,-0.5,-0.3,0.3,0.3,0.1,-0.2,0.1,0.2,0.2,-0.8,0.1,-0.4,-0.2,0,0,0.1,0.1,-0.3,0,0.3,-0.3,0,-0.2,0.3,-0.1,-0.2,0.2,0.1,-0.1,0.1,0.2,0.4,-0.1,1,0.1,-0.4,-0.1,-0.5,0.3,0.1,0.1,0.1,0.3,0.2,0.3,0.1,0,0,0.3,-0.5,0.2,0.2,0.2,0.3,-0.6,-0.1,-1.8,0.3,0.4,-0.2,0.1,-0.2,-0.3,-0.3,0.1,-0.3,0,0,0.5,0.1,-0.3,0,-0.1,0,0.3,0.5,-0.1,-0.3,0.1,0,0.1,0.3,0.2,-0.4,-0.1,-0.3,0.2,0.1,0.1,-0.3,-0.2,0,0.5,0,-0.1,-0.2,0.1,-0.8,0,0.2,-0.1,0.1,0,-0.1,0.2,0.5,-0.1,0.1,-0.2,-0.7,0,1.3,-0.9,-5.8,0,-0.3,-0.3,0.2,-0.1,0.1,0,0.3,-0.1,0.1,0,-0.2,0,0.2,-0.1,0,-0.2,0.2,0.3,0,-0.2,0.3,-0.2,0.1,0.1,0.6,0.7,-0.1,0.2,-0.1,0.9,-0.4,0.6,-0.1,0.4,0.2,-0.3,-0.4,0,-0.7,-0.2,0.6,0.2,-0.1,0,0.4,0,-0.4,0.2,-0.3,0.2,0.1,0.4,0.2,-0.9,0,0.1,-0.2,-0.1,0.2,0,0.3,-0.1,0.3,0,0.1,0.2,-0.4,1.6,0.1,-0.1,0.1,0.2,0.1,-0.1,-0.2,0.1,-0.1,0.1,0,0.4,-0.3,-0.2,-0.2,-0.4,0.3,-0.4,0.3,-0.1,0.2,0.6,-0.6,0.5,0,0,0.3,0.2,-0.1,0.3,-0.1,-0.1,0.2,0.1,0.2,-0.1,-0.5,0.4,0.1,0.1,0.2,0,0,-0.2,0.5,0.2,-0.3,0.3,-0.1,0.2,0.3,0.1,-0.1,-0.9,0.6,-0.1,-0.7,0,0,-0.1,0.3,-0.2,-0.4,-0.2,-0.1,0.1
MCF10A,BRD-K07691486,CC[C@H](CO)Nc1nc(NCc2ccccc2)c2ncn(C(C)C)c2n1,0,0.1,0.1,0.8,0.3,0.3,0.1,-0.1,0.1,0.1,-0.1,0,0.1,-0.4,-0.2,-0.2,-0.2,0.1,0,-0.3,-0.1,0.1,0,-0.2,0.1,0,-0.4,-0.5,0.3,0.1,0.1,0.1,-0.3,-0.2,0.3,0,0.1,0.2,0,-0.2,-0.5,0.5,0.3,-0.2,-0.1,0,0.1,-0.1,0,0.2,0,-0.2,-0.3,0.2,0,-0.1,-0.2,0,0.1,-0.5,-0.2,0.2,-0.5,0,0.3,0.1,0.1,-0.4,0,-0.2,-0.5,0.2,-0.2,-0.1,0.2,0.2,0.1,-0.1,-0.1,0.2,-0.1,-0.5,-0.1,-0.2,-0.5,-0.4,0,0.3,0.3,-0.1,0.1,0.2,-0.3,-0.2,-0.3,-0.3,-0.3,0.1,-0.1,-0.2,0.2,0.1,0,0.1,-0.3,0.2,0.2,0.1,0,-0.1,0.2,-0.2,-0.6,0.1,0.2,-0.1,0.3,0.1,0,-0.1,0.4,0.1,0.1,0.2,-0.1,-0.6,0.3,0,0.2,0.1,0,-0.1,-0.8,-0.3,0,-0.5,0,0,-0.6,0.1,-0.1,0.1,0,-0.1,0.1,0.4,-0.6,-0.4,-0.2,0,0.2,-0.3,0,0,0.2,0.2,-0.2,0.2,0.2,0,0,0.2,-0.2,-0.2,0.6,-0.1,-0.6,0,0,0,-0.1,-0.1,0,-0.5,-0.1,-0.1,0.1,-0.6,0.1,0.1,0.1,0,0.6,-0.1,0.1,0,0.4,0.1,0.2,0.2,-0.2,-0.1,0,0.3,-0.1,0.1,-0.1,-0.1,0,0.2,0.2,-0.3,-0.2,0.1,-0.3,-0.2,-0.3,0.4,0.1,-0.2,0.1,0.1,0.2,0,-0.1,-0.1,0.1,0.2,0.1,0.2,-0.3,0.1,0.2,0.1,-0.3,0,-0.4,-0.1,0,0,0.1,-0.5,0.1,0,0.1,-0.1,0,-0.5,-0.2,-0.1,0,0.1,0.1,0.2,-0.1,-0.4,0.1,0,-0.2,0.3,0.3,0,-0.1,0.1,-0.2,-0.4,-0.1,0,-0.4,-0.7,0.2,0,0.5,-0.4,-0.1,0.1,0,0,0.1,-0.1,0.2,-0.1,0.4,-0.2,-0.2,0.1,-0.1,-0.1,-0.1,0,0,0.2,0,-0.4,-0.1,-0.2,0.3,0.1,0.4,-0.3,0.1,0,-0.8,0,0.1,0.1,0,-0.1,0.1,0.1,-0.3,0.2,-0.1,0.2,0,0.4,0.2,0.3,0.1,0.2,-0.4,0.1,0.3,-0.6,-0.2,-0.2,-0.2,-0.3,0,-0.6,-0.4,0,0.1,-0.2,-0.2,0,0.1,-0.2,-0.1,0.1,0.1,-0.2,0,0,0.1,-0.4,0,0.2,-0.2,0.2,0.4,0.5,0.1,0,-0.3,-0.1,-0.3,0,0.1,-0.4,0.1,0,-0.1,-0.2,0.1,0.2,0.1,0.4,0,0.3,0.1,0.3,0.2,-0.4,0,0,0.1,-0.2,-0.2,0,0,-0.3,-0.1,-0.1,0,0.1,0.3,0.1,0.2,-0.5,0,0.1,0.3,0.1,0.1,-0.1,0.2,-0.3,0,0.4,-0.2,0.1,0,-0.2,0,0,0.1,0.2,-0.1,-0.4,0.2,0,-0.5,0,0.3,0.1,0.1,0.2,0.3,0.1,-0.1,0,0,0,-0.2,-0.2,0.6,0.1,-0.2,-0.5,-0.1,-0.6,0,0.1,0.2,0.4,-0.2,0,0.1,0.1,0.1,0.1,0.2,0.4,0,0.3,0,0.1,0,0.1,0.4,0,-0.2,-0.2,-0.1,0,-0.1,-0.2,-0.1,0,-0.5,0.2,0.1,0.1,0.4,-0.1,0.3,0.1,-0.2,0.5,0,0.2,0.1,0.1,-0.1,-0.1,0.2,0.2,0.1,0.5,-0.1,-0.2,0.1,0,0,-0.2,-0.1,0,0.1,-0.4,-0.7,0.1,-0.3,0.1,-0.1,0,0.4,0.1,-0.1,0.1,0,0,0.1,-0.2,0,0,0.6,0,-0.2,0,-0.2,-0.1,0.1,0,0.1,-0.1,0.2,0.2,-0.1,-0.4,-0.2,-0.2,0.4,-0.2,0.1,-0.2,-0.4,-0.2,-0.2,-0.6,-0.1,0.1,0.2,-0.3,0,-0.1,0.1,-0.2,0,0.4,0.2,0.3,0.1,0.2,0.2,-0.2,0.2,-0.3,0.3,0,-0.1,-0.5,-0.3,-0.3,0.2,0.5,0.4,0,-0.1,0.4,0,-0.2,0.1,0.3,-0.7,0,0,0.1,-0.1,-0.1,-0.3,0.1,-0.2,-0.1,-0.1,-0.2,0,0.1,0.2,0.2,0,0,0.1,0,0.2,0.1,-0.2,-0.1,0,0,0.4,0.2,0,-0.1,0.3,-0.2,-0.1,0.4,-0.1,0,0,0.1,0,0,0.2,-0.1,-0.4,0.1,0.1,-0.3,0.1,-0.2,0,0,-0.3,0,0.1,0.6,-0.5,0.4,0.5,0,0.3,-0.7,-0.1,0,-0.1,0,-0.1,0.2,0.1,0,-0.1,0.1,-0.1,0,-0.1,0.1,-0.2,0.2,-0.3,-0.1,-0.4,-0.1,0,-0.1,-0.1,-0.2,0,-0.1,-0.1,0.1,-0.1,-0.2,0.4,0.2,0,0.3,-0.1,-0.2,-0.3,0,0.4,0.1,-0.4,-0.4,-0.3,0,-0.2,0.1,0,-0.1,0,0.2,-0.3,0,0,0,0,0.6,-0.1,-0.1,-0.1,0.1,-0.2,0,0.1,-0.2,0,-0.1,0.1,-0.2,-0.1,0.1,0,0.1,-0.3,-0.3,-0.4,0,-0.2,0.2,0.1,-0.4,-0.2,0.1,-0.1,0.2,0.1,0,0.1,0.2,0,0.1,0.2,0.3,-0.1,0,0.2,0.1,0.1,-0.6,-0.5,0.1,-0.6,-0.2,-0.1,0,-0.4,0.4,0,-0.1,0.1,-0.2,0.3,0.4,0.3,-0.1,0,0,0.2,0.2,0.3,0.4,-0.2,0.1,0.3,0.1,0.1,0.1,-0.4,-0.2,0.1,0,-0.1,0.1,0,0,0.4,0.1,0,0.4,-0.1,-0.2,0.1,0.2,0.1,0,0.1,0.3,0.2,0.1,-0.1,0.3,0.2,-0.1,0,0,0.1,0,0.2,0.2,0.2,-0.2,-0.1,0,0,0.1,-0.3,0,-0.1,-0.2,0.1,-0.3,-0.2,-0.3,-0.1,0.4,-0.1,0.5,-0.4,0.1,-0.2,0.1,-0.7,0.3,0.1,0.3,0.3,0,-0.4,0.4,0,0.8,0.1,-0.3,-0.3,-0.4,-0.2,0,0.6,-0.1,0.4,0,-0.3,0.1,0.1,0.2,-0.2,-0.4,0.1,0.1,0,-0.1,-0.1,0.2,0,0.1,0.3,0.2,0,0,0,0.4,0.2,0,0.3,-0.3,-0.2,-0.1,0.4,0,-0.1,0.1,0.3,0,0.1,0.2,0.1,-0.2,0.1,-0.2,0.1,0,0,0.1,0.2,-0.1,0.1,-0.2,0.2,-0.1,-0.2,0.5,0.3,-0.2,0.5,0,-0.3,0,0,0.1,-0.3,-0.1,-0.1,0.3,0.1,0.1,0.3,-0.3,-0.4,-0.2,0.2,0.1,0.2,0.2,0.2,0,0.1,0,-0.7,-0.1,-0.1,0.1,0.2,-0.1,0.4,0.5,-0.1,0.6,0,0.1,0,0.6,-0.1,-0.4,0.1,-0.3,0.2,-0.2,-0.6,0,0.1,-0.1,-0.2,0.3,0.2,-0.1,0,0.4,-0.2,0.3,0,-0.1,0.1,-0.1,0.1,-0.2,0.1,0.2,0,0.1,0.1,0.5,0.3,0.2,0.5,0,0.2,0.3,-0.2,0.2,0.5,0.2,0,0,0.1,0.1,-0.1,0.5,0.1,-0.1,0.4,0,0,-0.1,0.3,0,-0.5,0.4,1.1,0,0.1,0.2,-0.1,0.3,0,0,0.2,0,0.1,0,0.1,0,0.3,0,0,0
MCF10A,BRD-K68191783,Cc1cn(cn1)-c1cc(cc(c1)C(F)(F)F)C(=O)Nc1ccc(C)c(NC(=O)c2ccno2)c1,-0.2,-0.3,0.2,0.1,0.5,0.1,0.1,-0.1,0,0,0.1,0.1,0.2,-0.1,-0.3,0,0.1,0.1,-0.1,0,0,0.1,-0.1,-0.1,0.1,0,0.1,-0.1,0,-0.2,0.1,0.1,0.2,0,-0.1,-0.6,-0.3,-0.1,-0.2,-0.3,-0.1,-0.2,-0.2,0.1,-0.4,0.1,-0.2,-0.2,0,-0.2,0.1,-0.2,0.2,-0.2,-0.3,0.3,0.1,0.3,0.5,-0.2,0,0.1,0.2,-0.1,-0.3,-0.2,0.2,0.2,0.1,0.1,0.1,-0.3,0,0.1,-0.1,-0.4,-0.5,-0.3,0.1,-0.4,-0.1,0.6,0.1,-0.3,0.1,0.5,0,-0.1,-0.2,0.3,0,0.4,0.2,0.3,0.2,-0.2,0.2,0.1,-0.2,0.5,0,0.4,0,0.2,0.3,0.1,-0.1,0.1,0.2,-0.2,0.8,0.3,0,0.1,0,-0.1,-0.1,-0.1,-0.2,-0.1,-0.1,0.3,-0.3,0.1,0.4,0.7,0.2,0.1,0.1,0.4,0.1,-0.1,0.7,-0.2,-0.6,0.2,-0.2,0,0.1,-0.1,0.1,-0.2,0.1,0,0.1,-0.1,0.1,0,0.3,0.1,0.2,0.5,0,-0.4,-0.1,0,0.2,-0.2,-0.1,0.2,-0.1,0,0.1,0.1,0.1,0,0.2,-0.1,0.1,0.1,0.3,0.1,0,0.6,-0.4,0.1,0.1,0.3,0.1,0.1,0.1,0.3,0.2,0.2,0.1,0.2,0.4,0.2,-0.1,-0.2,-0.1,0.1,-0.2,-0.2,-0.1,0.2,0.1,0.2,-0.3,0.1,0.6,-0.2,0.2,-0.4,0.4,0.5,0.2,-0.2,-0.2,0,-0.1,-0.2,0,0.2,0.1,-0.1,-0.1,0.3,0.4,0,0.3,0.1,-0.2,0.2,0.3,-0.1,0.2,0,0.3,0.1,0.4,0.2,-0.1,-0.1,0.2,0,0.4,-0.2,0,0.2,0.1,-0.4,0.2,-0.4,-0.1,0.5,0.1,0.1,0.1,-0.2,0,0,-0.2,-0.1,-0.2,0,0.7,0.1,-0.5,0.2,-0.1,-0.2,0,0.2,0,-0.2,-0.3,0,0.2,-0.4,-0.4,0.1,0.3,-0.1,0.3,0,0.3,0,0.1,0.2,0,0.4,-0.2,0.3,0.1,-0.1,0.2,-0.2,0.1,-0.1,0.1,0.1,0.3,0.1,-0.3,-0.3,0,0.1,0.2,0.1,0.2,0.1,0,-0.1,0.1,-0.2,-0.1,-0.2,0.1,-0.5,-0.2,-0.1,0.2,0.2,0,-0.1,-0.1,-0.2,-0.3,0,-0.3,0,-0.1,0.2,0,-0.2,0.1,0.1,0.2,-0.1,-0.5,0.3,-0.1,-0.1,0.2,-0.4,-0.1,-0.1,0.2,-0.1,0.3,-0.5,-0.4,0,0,0.2,-0.2,-0.2,-0.4,0,0.3,0.1,0,0.3,-0.4,-0.2,0.2,0.1,0.3,-0.3,-0.5,-0.4,-0.3,0.8,0.1,-0.1,0.2,0.1,0,0.2,0.2,0.5,0,0,0.1,0.2,0.1,-0.2,-0.3,0.5,0,-0.1,-0.3,-0.1,0.4,-0.1,0,0.2,-0.1,-0.2,0,0.2,0.5,0.2,0.5,0.1,0.1,0,0.1,-0.2,0.4,0.1,0.3,-0.1,-0.2,-0.1,-0.1,-0.1,-0.1,0.2,-0.2,-0.1,0.1,-0.1,0.3,0.2,0,0.2,0,0,0.2,0.6,0.2,0.6,0.6,0.3,-0.2,-0.1,-0.1,-0.1,0,-0.2,0,-0.2,0.2,-0.2,0.1,-0.1,0,0,-0.1,0.3,0.3,0.4,0.3,0.1,0,-0.2,0.2,0.4,-0.1,-0.4,0.1,0.2,0.3,0,-0.3,0.1,0,0.4,0.2,-0.1,0,0,-0.2,-0.2,0.4,0.3,0.1,-0.5,0.4,-0.4,0,0.1,-0.1,-0.4,0.1,-0.1,-0.1,0.6,0.6,0.2,0.2,0,-0.1,0.1,0.1,-0.3,0,-0.2,0,-0.1,-0.1,0,-0.1,-0.1,-0.1,-0.3,0,0,0.4,-0.2,-0.1,0.2,-0.1,-0.3,-0.2,0,0.3,0.3,-0.1,-0.1,-0.2,-0.2,-0.1,0.2,0.5,0.1,0.3,0.3,0.1,-0.7,0,0.4,-0.2,0.2,0,0.1,0.1,0,-0.1,0.2,-0.3,-0.1,-0.1,-0.3,-0.2,0,-0.3,0.1,0.1,0.7,0,-0.1,-0.1,-0.1,0,-0.4,0,0,0.2,-0.1,-0.1,0,0.6,-0.2,0,0.2,0.4,0.2,0.2,0.1,-0.7,0.2,0.9,0.2,0,0.5,-0.3,0,0,0.1,0,0.4,-0.3,0.1,0.1,0.2,0.1,0.1,-0.1,0,-0.2,0.3,-0.1,0,0.1,0,-0.2,-0.2,0.2,0.3,0.1,0.2,-0.3,-0.1,-0.2,0.1,-0.1,0.1,-0.1,0.3,0.1,-0.2,-0.1,-0.2,0.2,-0.2,0.1,0.1,-0.6,0.1,0.1,-0.1,-0.1,-0.3,-0.1,0,0.2,-0.2,0.2,0,0.1,0.1,0.5,0.1,0.1,-0.1,-0.2,0.2,0.3,-0.1,-0.1,0.4,0,-0.3,0,-0.3,0.4,-0.1,-0.1,-0.2,-0.2,0.2,0.1,0,0,0,0.1,-0.3,0.4,-0.3,0.2,0.2,0.3,0.9,0.1,0.3,0.1,0.1,0.2,-0.2,-0.1,0.1,0.5,-0.2,-0.2,0,0,0,-0.2,0.2,-0.4,-0.1,0.2,0.2,-0.3,-0.2,0.3,-0.1,0.1,-0.2,0,-0.1,-0.2,0.4,-0.2,0,-0.1,-0.2,0.1,-0.1,0.2,0.4,-0.1,0,0.3,0.2,0.4,0.1,-0.2,0.1,0.1,-0.3,-0.1,0.1,-0.1,0,0.5,0,0.1,0.2,-0.2,0,-0.3,0,0,0.1,0.2,0.1,-0.1,0.2,-0.1,-0.2,-0.3,0.2,0,-0.2,0,0.1,-0.4,0.3,-0.2,0.1,0,0,0.1,-0.1,0.1,-0.1,0,0.3,-0.3,0.2,-0.2,-0.1,0,0.1,-0.1,0.2,0.1,-0.4,0,0.3,0.3,-0.4,0.3,0.2,0.1,0,-0.1,-0.2,-0.1,-0.3,-0.1,0,0,0.4,-0.2,0.1,0.1,-0.1,0.1,0.1,0.5,0.2,0,-0.2,0,0.1,-0.1,0.3,0,0.2,0,0.3,0.2,0,0.1,-0.1,0.5,0.2,0.4,-0.2,0.1,-0.2,0,-0.1,0.1,-0.2,-0.5,-0.6,-0.2,-0.3,0.2,-0.1,0,-0.1,-0.2,0,0,0,0.2,0.1,-0.1,0,0,0.1,0.5,-0.7,0.3,0.4,0,-0.2,-0.1,0.1,-0.8,0.2,0,-0.1,-0.1,0,0.1,0.4,0,0.1,0,-0.2,0.1,-0.2,-0.2,0,0.1,0.2,-0.3,0.2,-0.2,-0.2,0,-0.2,0,0.3,-0.1,-0.2,-0.2,0.2,-0.1,0.3,-0.1,0,-0.3,-0.4,0.1,-0.1,0.2,-0.4,-0.1,0,-0.1,-0.3,-0.4,-0.3,0.1,0.1,0.4,0.1,-0.1,0,0.9,0,-0.2,0.1,0,-0.1,0.1,0,0,0.1,-0.2,0.1,0.2,0,0,-0.2,-0.4,0.1,0.2,-0.1,0.1,0,-0.3,-0.2,0.3,0.1,0.1,0.2,0.2,0,0.1,0.1,0.4,0.1,0,-0.1,0.3,-0.1,-0.3,0.2,0.1,-0.1,-0.4,0,-0.1,-0.2,0.1,-0.2,0,0.2,0.1,-0.1,-0.2,-0.2,-0.2,0,0.4,0,-0.3,0,-0.1,0.2,0.1,0.1,0.2,0.1,0.2,-0.1,-0.3,-0.1,0.2,-0.2,-0.2,0,-0.1,-0.1,0.2,0,0.5,0.1,0.1,0.1,-0.3,0,-0.1,-0.2,0.1,-0.1,-0.2,0,-0.3,0.1,0,0.2,0.1,-0.3,-0.1,0,0,0
MCF10A,BRD-K22096725,Cc1ccc(cc1Nc1cncc(c1)C(N)=O)C(=O)Nc1cccc(c1)C(F)(F)F,0,-0.3,0.2,0.2,0,-0.4,0.1,-0.3,-0.1,-0.7,0.1,0,0.2,-0.4,-0.5,0,0,0.4,0.1,-0.1,-0.1,0.2,-0.3,-0.1,0.3,-0.2,-0.4,0,-0.1,-0.4,-0.2,-0.1,-0.3,0.1,-0.6,0.3,-0.4,0.2,0.6,-0.1,-0.2,-0.1,-0.2,-0.1,0.4,0.2,0.1,0.1,0,-0.1,0.2,-0.2,0.2,-0.6,0.4,-0.4,0,-0.3,0.2,-0.2,0,0.1,-0.4,-0.1,-0.3,1,0.5,-0.2,0.1,-0.4,0,0,0,-0.1,0.2,0.1,-0.6,-0.3,0,0.1,-0.4,-0.1,-0.2,-0.3,0,-0.3,0,0.1,-0.3,-0.3,0.2,0.1,0.7,0.1,0.1,0.2,-0.2,0,-0.2,0.5,0.2,-0.1,0.4,-0.5,0.5,0,-0.4,0.2,-0.1,0,-0.7,0.7,0.9,-0.3,-0.1,0,-0.2,0.2,0.3,0.2,-0.4,0.2,-0.6,0,0.7,1,0.4,-0.2,-0.1,0,0.1,-0.1,1.3,-0.3,0.2,0.1,-0.3,-0.2,-0.2,0,0.2,0.1,0,0.2,0.1,0,0.4,0,0.4,-0.1,-0.1,0.4,-0.1,-0.2,-0.1,0.2,0.5,0.3,0,0.7,0,0.7,0.2,-0.5,-0.2,0,0,0,0.1,-0.1,0.3,0.1,0.1,0.8,-0.1,0.2,-0.2,0.2,0.1,-0.3,0.2,0.2,0.7,0.4,-0.1,0,-0.1,0,-0.6,0.3,-0.1,0,-0.5,-0.3,-0.1,0.2,-0.1,0,0.2,0,-0.2,-0.3,0,0.1,-0.2,0.4,0.2,0,0.4,-0.2,-0.3,-0.2,0.1,0.2,0,-0.2,-0.1,0.3,-0.5,0.5,0.5,0,-0.1,0.8,0,0.1,0,0,0.1,-0.2,0.4,0.4,0.2,0.1,0.1,0.2,1,-0.3,0,0.1,-0.4,-0.9,-0.1,-0.3,0,0.7,-0.1,0,-0.1,-0.2,-0.2,0,0.2,0.2,-0.2,-0.3,0.8,0.3,-0.5,0.1,-0.3,0.1,-0.3,-0.3,0,0.3,0,0,0.1,0.3,-0.3,0.2,0.2,-0.2,0.3,0.4,-0.1,-0.1,-0.2,-0.1,-0.2,0.2,-0.1,-0.2,-0.1,-0.1,0.5,0.7,0,-0.2,0.3,-0.2,0.5,0.1,-0.2,-0.3,-0.1,-0.1,0,-0.1,-0.3,-0.4,-0.3,-0.1,0.8,-0.1,-0.3,-0.7,0.1,0.3,0.1,0.3,0.1,-0.3,0.1,-0.1,-0.4,-0.3,0.4,-0.4,-0.4,-0.3,-0.3,-0.1,-0.3,-0.4,0.8,0.2,0.1,-0.4,0.4,0.1,-0.1,0.2,0.6,-0.4,-0.2,0.2,-0.3,0.3,0,-0.8,-0.3,0.3,-0.1,0,-0.2,-0.5,-0.2,0.2,0.5,0.3,-0.2,0.4,0,0.6,0.5,-0.5,0.3,-0.7,-0.1,0.2,0.2,0.4,-0.2,-0.2,-0.5,-0.4,0.4,-0.3,0,-0.1,0,-0.1,0,-0.3,-0.1,0.4,-0.4,0.3,-0.2,0.5,-0.1,-0.1,-0.7,-0.3,0.1,-0.3,0,0.5,-0.1,1.3,-0.1,0.1,0,-0.4,0.1,-0.1,-0.4,-0.9,0.1,-0.4,-1,-0.1,-0.2,-0.1,-0.3,0.1,-0.3,0.2,-0.3,0,-0.1,-0.6,0.3,-0.3,0.1,-0.4,0,-0.4,0.2,1,0.5,0,-0.2,0.3,-0.3,0.2,-0.1,-0.1,-0.2,0,0.2,0.2,0.2,0.4,0,0.1,0.4,0.2,-0.1,0,0.2,0.2,0.1,0.1,-0.3,-0.1,-0.3,-0.5,-0.1,-0.9,0.2,0.1,0.1,-0.5,-0.3,0.4,-0.1,0,-0.1,0.1,0,0.4,-0.1,0.2,0,0.2,-0.1,-0.1,-0.2,0.4,-0.2,0.1,0.4,-0.7,-0.1,-0.2,-0.1,0.9,0.6,0.1,0.9,0.1,-0.7,0,-0.2,1.1,0.1,0.3,0,0.1,0.1,0.2,-0.5,0,-0.6,0.2,-0.4,-0.1,0.3,0.2,0.1,-0.3,-0.2,-0.3,-0.3,0.1,-0.3,0,-0.1,-0.2,-0.4,-0.2,0.1,0.2,0.1,0.2,0.2,0.9,-0.2,-0.4,-0.3,0.5,0,0.2,0,0,0,-0.2,0.1,0.5,0.2,-0.1,-0.6,0.4,-0.2,-0.3,0,0.2,-0.2,0.3,-0.1,0,0,-0.3,0.3,0.1,-0.2,-0.1,-0.2,0.4,0.3,0.3,1.4,0,0.2,-0.3,0.1,0.1,0,0.1,-0.2,-0.1,-0.1,0.2,0.3,-0.2,-0.1,-0.2,-0.1,0.2,0.5,0.2,0,-0.1,0.5,-0.1,-0.1,-0.3,0.1,0,-0.1,0.1,0.2,-0.2,0.1,0.3,-0.2,0.4,0.1,-0.1,0.1,0.1,0.3,0.2,0,-0.2,0.3,0.3,0,0,-0.3,-0.6,-0.2,-0.1,0.1,0.6,-0.2,0.1,-0.6,0,-1.1,-0.2,0.3,-0.2,-0.1,-0.1,0.1,-0.4,0,-0.1,-0.1,0.4,1.2,-0.6,-0.2,-0.4,0,-0.1,0.2,0.1,-0.1,-0.1,-0.2,-0.3,-0.1,0.1,-0.5,0,-0.4,0.1,-0.2,0.2,0,0.2,-0.5,0.4,-0.2,0.1,0.4,-0.6,-0.1,0.1,0.4,0.3,-0.4,-0.2,0,0.2,-0.4,0,0,-0.3,0.5,-0.2,-0.2,-0.6,-0.2,-0.1,-0.1,0,0.3,-0.1,0.1,0.1,-0.3,-0.1,0.1,-0.2,0.3,0.7,-0.4,0,-0.1,0.4,0.1,-0.4,0.5,-0.1,0.2,-0.3,0.5,-0.2,-0.6,0.4,-0.2,0.3,-0.2,0.6,0,-0.1,0,0,-0.5,0.1,-0.3,-0.2,0.2,0,-0.1,0.4,0,-0.3,-0.5,0,-0.1,0,0.5,-0.1,-0.2,0.8,0.2,0,-0.1,0.2,0,0.1,0,-0.2,-0.4,0,-0.1,0.3,0.4,0.2,0.1,-0.3,0.3,0.2,-0.1,0.1,-0.2,0.2,0.1,0.2,0.5,0,0.1,0.2,-0.1,0.2,0,-0.2,0.4,-0.3,-0.4,-0.1,-0.2,0.1,0.3,-0.1,0.4,-0.1,0.1,-0.2,0.2,-0.2,0,-0.3,-0.3,-0.3,0,0.1,0.5,-0.4,0.2,-0.4,-0.1,0,-0.3,0.3,0,0.3,-0.6,-0.3,0.1,-0.1,0,0.7,0.3,0.2,-0.4,-0.3,0.2,-0.2,0.2,0.3,-0.2,-0.9,0.4,-0.7,0.3,-0.5,-0.4,-0.3,0.1,-0.2,0,0.2,-0.2,-0.3,-0.5,-0.5,0.1,-0.2,-0.2,-0.2,-0.1,-0.1,0.3,-0.1,0.2,-0.2,0.2,-0.6,0,-0.1,0.1,0.1,0,-0.3,-0.3,-0.1,0,0.3,0,-0.2,0.1,-0.5,0,0.2,0.1,-0.1,-0.9,0.4,0,0,-0.4,0,0.2,0.4,0,-0.2,-0.2,0,0,0,-0.2,-0.1,-0.2,-0.5,-0.2,-0.6,-0.2,0.2,0.1,-0.1,-0.2,0.2,0,-0.4,-0.4,-0.2,0,0.2,-0.1,-0.1,0.2,-0.7,-0.5,-0.2,-0.5,-0.3,0.1,0,0.3,-0.2,-0.4,-0.1,0.4,-0.3,-0.5,-0.3,0.5,0,0.2,0.2,0,0.3,-0.5,-0.2,0.2,-0.2,-0.7,0.4,-0.1,-0.2,0.2,0.6,0.3,0,-0.3,-0.1,-0.4,0,0,0.1,-0.5,0,-0.2,0.3,-0.2,0,-0.1,-0.4,-0.2,0,0.1,-0.3,0,-0.1,0,-0.1,0,-0.3,0.2,0.3,0.2,-0.4,-0.3,0.2,0,0,-0.6,0.1,0.2,-0.2,0,-0.3,-0.3,-0.3,-0.3,0.1,-0.1,-0.3,0.2,0.3,0.1,-0.3,-0.5,0.1,0.1,-0.3,-0.2,0.2,0,0.3,0.6,-0.2,0,0,0.2,-0.1,0,0,0.2,-0.3
MCF10A,BRD-K53414658,COc1cc2nccc(Oc3ccc(NC(=O)Nc4cc(C)on4)c(Cl)c3)c2cc1OC,0.1,0.2,0.1,0,0.2,0,-0.2,0.1,-0.2,-0.5,0,-0.1,0.2,0,-0.2,0,0.2,0,0.1,0,0.4,0,0.1,-0.1,0.1,-0.3,-0.1,0.1,-0.1,0.1,-0.2,-0.1,0.2,0,-0.2,-0.6,0.2,-0.1,-0.2,-0.1,-0.2,-0.5,0,0.1,-0.1,0,-0.3,0.1,0.3,-0.3,0.1,-0.1,0,-0.1,-0.3,-0.1,0.1,-0.2,0.5,0,0,0,0.3,0,-0.2,-0.1,0,0,0.2,-0.1,0.2,0.2,-0.1,0.1,-0.1,-0.1,-0.2,0.1,0,-0.1,0,-0.2,0.1,-0.3,-0.1,0.4,0,0.3,-0.1,-0.1,0.1,0.3,0.6,0.2,0.2,-0.1,0.2,0.1,0.1,0.4,-0.3,0.3,-0.2,-0.1,0.3,0.2,0.1,0,0.2,-0.1,-0.1,0.2,0.8,-0.1,0,-0.1,-0.1,0.1,0,-0.1,-0.2,0.2,-0.3,0.3,0.5,0.8,0,0,-0.1,0,0,-0.2,0.9,0.2,0,0.2,-0.1,0.2,0.1,0.3,0.3,-0.1,0.1,-0.1,-0.1,-0.2,0.4,0.2,0,-0.3,0,0.4,0,0.2,-0.1,0.2,0.2,-0.1,0,0.4,-0.1,-0.2,0.1,0,0.2,0.2,0.1,0,0.1,0,0.1,0,0.1,0.4,-0.4,0.2,0.2,0.3,0.1,0.2,0.2,0.1,0.1,0.6,-0.2,0.2,0.6,0.4,-0.3,-0.3,-0.2,0.1,-0.1,-0.3,0,0.2,-0.1,0,-0.1,0.1,0.3,0.3,0.3,-0.1,0,0,0.1,-0.2,-0.1,0,-0.2,-0.1,0.1,0.2,0.2,0,0.1,-0.1,0.2,-0.1,0.3,0.3,0,0.3,0.3,0.1,0.1,0.4,0.4,-0.1,0.4,-0.1,0.1,0.1,0.1,0,0.6,-0.1,0.1,-0.1,-0.2,-0.2,0,0.1,0.2,0.5,0,0,-0.2,-0.2,-0.2,0,0,-0.2,0,0.2,0.6,0.1,0.4,0.3,-0.3,-0.1,-0.3,-0.2,0.1,0.1,-0.2,0,0,-0.3,-0.1,0,0.1,0.1,0.2,0.2,0.2,0.1,0.1,-0.2,0.1,0.4,-0.2,0.3,0.1,0,-0.1,-0.4,-0.2,0,-0.1,0.1,0.5,0.1,-0.3,-0.2,-0.1,0.1,0.2,-0.2,0.1,0.1,-0.1,-0.1,-0.1,-0.1,-0.1,-0.4,0,0.2,0,-0.4,0.1,0.3,0.1,0.1,-0.2,0,-0.1,0.1,-0.2,-0.3,-0.1,0.3,0.2,-0.1,0,0.1,0,-0.2,-0.2,0.2,0.3,-0.1,0,-0.3,0.1,0,0.1,0.3,0.1,-0.2,-0.1,0.1,0,0.2,0.1,-0.4,-0.3,0.3,0,0.4,0.1,0.5,0.1,0,-0.3,0.1,0,-0.1,-0.1,-0.2,0,0.5,0.2,-0.4,0,0.2,0.3,0.2,0.1,0.6,0.2,0.2,0.3,-0.3,0.1,0.1,-0.3,0.9,-0.1,-0.1,-0.1,-0.1,0.1,0,0.1,-0.4,-0.1,0,-0.1,0,-0.1,0.1,-0.3,0.2,0,0,0.2,0.3,0.1,0.3,0,-0.1,0,0,0,0.1,-0.2,0,0.3,0.1,0.2,-0.1,0.5,0.2,-0.3,0.1,0.1,0.3,0.1,0.8,0.4,0.7,0.3,-0.1,0.2,0,-0.2,-0.3,0,-0.2,-0.1,-0.7,0.4,-0.3,0.1,-0.2,0,0,-0.1,0.3,0.2,0.2,0.1,-0.2,-0.3,-0.1,-0.2,0.1,-0.1,-0.7,-0.1,0.2,0.4,-0.1,-0.2,0,0.1,0.1,-0.1,0,0,0.3,0,0.3,-0.1,0.2,-0.3,0.3,0.3,-0.4,0.1,-0.2,-0.1,0.1,0.1,0.1,-0.1,0.7,0.8,0.2,0.7,0.1,0,-0.1,-0.1,-0.4,0,0,0,0.2,0.3,0.1,-0.1,-0.1,-0.1,-0.3,0,0,0.5,-0.1,0,0,0,-0.3,0,-0.2,0,-0.1,0.1,-0.1,-0.4,-0.1,0.4,0.1,-0.2,0.1,0,0.6,-0.1,-0.3,-0.1,0.2,-0.2,0.5,0.3,0.1,0,-0.1,0,0.1,-0.1,0,0.1,-0.2,0,-0.1,-0.2,0,0,0.8,-0.1,0.2,0,-0.1,-0.2,0,0.1,-0.1,0.4,0.1,-0.3,0.1,1.2,0,0.1,-0.1,0.1,0.2,0.3,0.1,-0.2,0.1,0.5,0,0,-0.2,-0.3,-0.1,0.1,-0.1,-0.1,0.3,-0.1,0,0,0,0,0.1,0.1,0.2,-0.1,0.1,-0.2,0.1,-0.2,-0.1,-0.2,-0.2,0.1,0,0.1,0.5,-0.2,-0.1,-0.3,0.1,0,0.4,0.1,0,0.1,-0.2,0,0,0.2,0.3,0.1,0,-0.1,0,-0.1,-0.2,-0.1,-0.2,-0.1,0,0,-0.2,0.1,0,0.1,0,0.5,0.4,0.1,0,0,0.1,0.4,-0.1,0.1,0.2,0.1,-0.1,0,-0.1,0.1,0,-0.4,-0.3,0,0.3,0,0.2,0.2,0.1,0.1,0,0.5,-0.1,0.1,0.3,0.3,0.8,0.4,-0.1,0.3,0.1,0.2,-0.1,0,0,0.2,-0.1,-0.1,-0.5,0,-0.1,-0.2,0.1,-0.1,-0.2,0.3,-0.1,-0.3,0.2,0.1,0.4,0.4,0.5,0.2,0.1,0,0,0.1,0,-0.4,0,0.2,-0.3,0.3,0.2,-0.3,-0.2,0,0,-0.3,0,0,-0.2,-0.1,-0.2,0,0,-0.2,-0.1,0.3,0.1,0,0.5,-0.1,-0.1,-0.5,-0.1,0.1,0.2,0.1,0.1,0,0.2,-0.1,0.1,0,0.1,-0.1,-0.3,0.1,0.1,-0.2,-0.1,-0.1,-0.2,0,0,0.1,0,0.2,0.1,-0.1,0.5,-0.2,-0.3,-0.5,0.1,0,0.2,-0.4,0.1,0.2,-0.1,-0.1,0.1,0,-0.1,0,0.2,0.1,0,0.1,0,-0.2,-0.1,-0.3,0,-0.1,0.4,-0.3,0.1,0,-0.1,0.1,0.2,0.1,0.3,0.2,-0.2,0,0.1,-0.2,0.2,0,0,0.1,0.1,0.3,0,0.1,-0.2,0.3,0.1,0.1,0,0.4,0,0.2,0,0,-0.4,-0.1,-0.6,-0.1,-0.4,-0.2,-0.1,-0.2,-0.3,0.1,0,-0.3,0.2,-0.3,-0.1,0,0.1,0.1,0.4,0.1,0,0.1,-0.3,-0.1,0.1,-0.1,-0.1,-0.1,0.2,0.1,-0.2,-0.2,-0.1,-0.1,0.1,-0.1,-0.1,-0.4,-0.2,0,-0.1,0,-0.5,-0.1,0.3,-0.3,-0.2,0.1,-0.1,0,0,-0.1,0.4,0,-0.2,-0.2,0.1,0.1,0.5,0,0.1,-0.1,-0.2,0.3,-0.5,0.3,-0.1,0,0,-0.2,-0.2,-0.3,-0.1,0,0.3,0.2,0,-0.1,0.3,0.1,-0.4,-0.4,0.1,0.1,0,-0.6,0.1,0,-0.3,0,0.1,-0.1,0,-0.2,-0.2,0.2,-0.1,0.1,-0.1,0.1,0.4,0,-0.5,0.2,0.1,0.1,0.1,0.2,-0.2,-0.1,0.5,0.3,0,-0.1,-0.1,0.1,0,0,0.2,-0.2,0.1,-0.2,-0.1,0,0.2,0.1,-0.2,0.1,0.2,0.3,-0.1,-0.2,0.1,-0.2,-0.2,-0.3,0.2,-0.4,0.4,-0.2,-0.1,0.1,-0.2,0,0.1,0,0,0.1,0,0.1,0,-0.5,-0.1,0.1,-0.1,0.1,-0.2,-0.2,0.1,0.1,0.1,-0.1,0.2,0,-0.1,0,-0.5,0.1,0.2,-0.3,0.3,0,0.1,0.3,0.2,0.3,0.1,-0.1,-0.2
YAPC,BRD-K44844162,CC(C)n1nc(C)nc1-c1cn2CCOc3cc(ccc3-c2n1)-c1cnn(c1)C(C)(C)C(N)=O,-0.6,-0.2,0.1,0,-0.1,-0.2,0.4,-0.2,-0.1,0.3,0.4,-0.3,-0.1,-0.3,0,-0.5,-0.4,-0.2,0.3,-0.9,0,0.1,0.3,-0.1,-0.2,0.2,0.1,-0.1,0.6,-0.2,0.2,0,0.1,0.1,-0.1,-0.1,-0.2,0.2,0.1,-0.3,0.3,0.3,-0.1,0.1,0,0.2,0.2,-0.2,-0.3,0.6,0.5,0.2,-0.2,0,1.7,0.5,0.2,-0.6,-0.3,-0.7,-0.8,-0.4,-0.4,-0.5,-0.1,0,0.7,-0.7,0,-0.5,-1.8,-0.2,-0.4,-0.5,-0.1,0,-0.5,0.1,0,0.1,0.7,0.4,0.1,0.6,0,0.3,-0.2,0,-0.1,-0.3,-0.3,0.2,-0.4,0.2,-0.1,0.2,0,-0.4,-0.2,-0.2,0.6,-0.3,0.4,0.2,0.2,0.5,-0.1,0.1,0,-0.4,0.4,0.2,0.2,0.1,-0.2,0,-0.3,0,0.4,0.2,-0.7,-0.1,0.1,0.1,0.4,0.2,0.1,-0.5,0.4,0.1,-3,-0.5,0,-0.7,-0.3,-0.7,-0.3,-0.4,-0.2,-0.2,-0.2,-0.4,0.1,1,0.6,-0.3,-0.3,-0.1,0.2,-0.4,-0.8,0.1,0.4,0.5,0.1,0.6,0.5,0.5,0.3,0.3,-0.5,0.3,0,-0.4,1.1,-0.6,-1.2,0.1,0,0,-0.2,0.6,0,-0.2,-0.1,-0.3,0.2,-0.2,0.3,-0.6,-0.3,0,0.3,-1,0.9,0.3,0.3,0.1,0.2,0.3,-0.7,-0.5,-0.6,0.4,-0.3,-0.6,-0.5,0.1,0.1,0.2,0.2,-0.2,0.1,-0.4,-0.6,-0.5,0.2,0.1,-0.5,0,-0.4,-0.3,-0.5,0.1,-0.3,-0.5,-0.3,0,1,0.1,0.5,-0.2,0.4,-3.2,-0.2,0.2,-0.3,-0.3,-0.2,-0.2,0.5,-0.3,0.5,0,0.2,0.2,-0.6,0.1,-0.1,0.1,0.6,0,0.2,-0.3,0.1,0.6,0.2,0.3,0.1,0.2,-0.4,0,-0.2,0.2,-0.7,1.7,-0.1,0.1,0,0.2,0.5,-0.7,0.8,-0.2,-2.3,-0.3,0.2,0.1,-2.3,0.5,-0.5,-0.5,0.2,-0.3,-0.6,0.4,-0.1,0.1,-0.1,0,-1,-0.2,-0.1,-0.2,0,-0.2,0.3,0.1,0.6,-0.1,0.3,-0.2,0.1,-0.2,0.1,-0.5,-0.5,0.3,0,-0.2,0.6,0,-1.2,-0.4,-0.1,-0.2,-0.1,0.2,0.2,0.3,0.4,0,-0.2,-0.5,-0.1,0.3,0.6,0.5,0.2,-0.2,-0.5,-0.3,-0.3,0,0,-1.1,0.5,0.3,-0.1,0.3,-0.2,0.1,-0.3,2.9,-0.1,-0.5,0.5,0,0.1,0.3,0.4,-0.3,0.7,-0.9,-0.1,-0.3,-0.5,0.2,-0.3,0.6,0.1,0.2,0.1,-0.2,0,0.1,-0.2,0.4,-0.2,-1.1,-0.4,0.1,-0.3,-0.3,0.4,-0.3,0.1,-0.4,-0.9,0.6,-0.1,-1,0,0.3,0.2,-0.4,-0.2,0.7,0.2,0.6,-0.3,0.2,-0.1,-0.3,-0.1,-0.9,-0.1,-0.4,0.1,-0.3,-0.3,0.5,0.2,0.1,0.1,0.3,0.1,-0.3,-0.4,0.4,0.1,0,0,0,-0.1,0.3,0.1,-0.3,0.5,0.4,0.5,-0.7,0.1,0.1,-0.3,0,-0.3,-3,0,-0.4,0,-0.2,0.2,0.5,-0.2,0.5,-0.2,0,0.1,0,-0.1,-0.1,0.1,0.7,0,-0.1,-0.1,0,0.9,0,-0.1,0.4,0,-0.2,0.3,0.1,1,0,0,-0.4,-0.1,0,0.2,-0.1,0.1,-0.2,-0.7,0.3,0.2,0.4,0.2,-0.1,0,0.4,0.1,-0.4,-0.8,0.2,0,0.1,0.4,0.2,-0.5,-0.5,0,-0.2,-0.3,0.4,-0.1,-1.4,-0.1,0.5,-0.5,0,-0.5,0.1,-0.1,-0.2,0.2,0.3,-0.1,-0.1,0.4,0.1,-0.5,-0.6,0,-0.1,-0.1,0.1,-0.4,0,0.1,0.1,-0.4,-0.8,0.3,1,-0.5,-0.3,0.6,0.3,0.4,0.3,0.4,0.2,-0.3,-0.1,0.3,-0.2,0.1,-0.6,0.2,0,-0.1,-0.9,-0.7,0.2,0,0.2,0,3,0.1,0.4,0.7,0.3,-0.5,-0.3,-0.2,0,0.2,-0.2,0,-0.7,-0.5,-0.4,0.5,-0.3,0.2,-0.7,-0.4,-0.3,0.1,0.2,-0.5,-0.2,-0.2,0.4,0,0.2,-0.2,-0.3,-0.2,0.4,-0.2,0,0,0.2,0.4,0.1,-0.5,-0.3,0.1,-0.2,0.8,-0.1,0.3,0,0.3,0.1,0.1,-0.2,-0.6,0.1,0.5,0.2,0.3,0.6,0.5,0.1,0.1,-0.1,0.3,0,0.4,0.5,0.3,2.5,0.1,-0.1,-0.3,0.8,0.4,-0.2,0.4,-0.2,-0.2,-0.1,-0.1,0.4,-0.1,-0.3,0.3,-0.5,0.4,-0.1,-0.2,0.8,0.3,-0.4,0,0.3,-0.4,0.1,0.1,0.6,-0.4,0.2,0.5,0,0.8,0,-0.4,-0.1,0.2,-0.5,0.5,-0.3,-0.2,0.1,0.2,0.4,0.2,0.4,0.2,1,-0.4,-0.4,-0.3,0.1,-0.2,-0.7,0.7,-0.2,0.2,0.1,-0.4,-0.7,-0.1,0.1,-0.4,0.4,-0.5,0,0,-0.6,0.1,-0.5,-0.4,0.5,0.1,0.1,0.2,0.1,-0.4,-0.4,0.5,-0.1,0,-0.8,-0.1,-0.5,-0.4,0,-0.3,0.1,0.1,-0.2,-0.3,-0.4,0,0.1,0.1,-0.6,-0.4,0.1,0.6,-0.2,-0.1,0,-0.5,0.6,-0.8,0,0.1,0.1,0.9,-0.1,0.2,-0.5,0.3,-0.6,-0.3,-0.1,-0.3,0.1,-0.3,0.1,-0.1,0.4,0.6,0,-0.2,-0.1,-0.1,0.3,0,0.1,3.1,1.2,0,0.3,-0.1,0,0.7,-0.2,-0.1,-0.1,0.2,0.3,0.4,-0.7,-0.5,-0.6,1,0,0.5,-0.1,0.9,0.3,0,0.6,0.2,-0.1,-0.1,-0.4,0,-2.8,0.2,-0.1,0.4,-0.2,0,0.2,0.3,0.6,0.7,2.7,0.2,0,-0.5,-0.1,0.1,0.1,0.2,0.1,0.1,-0.3,0.1,0.1,0,-0.1,0.1,0.8,0.1,-0.1,0.6,0.3,0.1,0,-0.1,0,-0.5,-0.1,0.2,0.1,0.2,-0.3,-0.1,0.3,0.5,0.3,0.5,0.4,-0.1,0,-0.2,-0.1,0.2,-0.1,0,-0.5,-0.2,0.3,0.4,-0.1,-0.2,0.1,-0.3,0.2,0.2,-0.6,-0.8,0,0,-0.2,0.1,-0.3,0.1,-0.5,0,-0.2,0,0.2,-0.1,-0.2,1.1,0,-0.3,-0.6,-0.3,0,-0.3,0,-0.4,0.3,0,0.1,0,0.2,0.1,0,0.4,-0.1,-1.4,0.4,0.3,-0.3,-0.1,-0.2,-0.6,-1.1,0.1,1.2,-0.7,0.4,0.3,0.2,-0.1,0,0,0.5,-0.4,-0.3,-0.4,-0.1,0.6,-0.3,0,-0.2,0.7,-0.4,-0.2,0,1.1,-0.5,0,0.1,-0.1,0.2,0.1,0.2,0.3,-0.1,0.5,0.8,0.5,0.3,-0.2,0.2,0.5,-0.6,-0.2,-0.4,0.2,-0.6,0,0.1,-0.3,0.1,0.4,-0.4,-0.3,0.2,0.1,-0.2,-0.1,0.8,-0.4,0,-0.2,0.4,-0.2,-0.4,0.4,-0.3,-0.2,-0.1,0.2,-0.1,0.1,-0.1,-0.6,0.8,-0.5,0,0.2,0,0.3,0.7,-0.3,0.3,-0.4,0,0.3,-0.1,0.1,0,0.5,-0.1,-0.7,-0.3,-0.2,0,-0.6,-0.1,0.8,-0.7,-0.3,0.3,0.8,-0.2,1.1,-0.3,-0.8,-0.2,0.1,0.1,0.4,-0.1,0,0.1,0.1,-0.3,0.4,0.1,0,0
YAPC,BRD-A11990600,OC1N=C(c2ccccc2Cl)c2cc(Cl)ccc2NC1=O,0,-0.4,0.2,0.2,0,0.1,-0.1,0,0.1,0.1,0.1,0,-0.2,0,0.3,0.2,0.1,-0.1,0.1,0.2,0.7,0.1,0.9,0.3,0,0,0,0,0.2,0.3,-0.1,-0.2,0.2,-0.2,-0.1,-0.1,0.1,0,-0.1,0,0,0,-0.1,0.1,0.1,-0.1,0,-0.2,0,0.2,-0.2,0.2,0,0,-0.4,0,0,0.1,0,0.1,0.1,-0.1,0.5,0,-0.1,-0.6,0,-0.8,0.3,0.1,0.2,0,0.3,0.2,-0.3,0,0,-0.1,0.1,0.1,0,-0.1,0.3,-0.3,0,0,-0.1,-0.2,0,0.3,-0.1,0.4,0.1,-0.9,0.1,0,0.2,0.3,-0.1,-0.2,0,-0.5,-0.3,0.1,0.1,0.4,0.3,-0.3,0,0.2,0,-0.3,0.1,0.2,-0.3,0,0.1,-0.1,0,-0.1,0.3,0,0,0.3,-0.1,0.1,0.2,0,0.1,-0.2,0,0.1,0.2,0.2,-0.1,0,0,-0.2,-0.1,-0.1,0.1,0.2,-0.1,0.2,0,0.2,-0.4,-0.1,-0.2,0.1,0,0.1,0.1,0.1,-0.7,-0.1,0.1,-0.3,-0.1,0.1,0.1,-0.1,-0.2,0.1,0.1,0.2,0.2,0,-0.1,-0.1,0.1,0,0.1,0.1,-0.1,-0.1,0.7,0.1,0,0.4,0,0,-0.5,0.2,0.3,-0.1,0.1,-0.2,0,0,0.1,-0.1,0.1,0.1,0.1,0.1,0.1,-0.2,-0.1,-0.2,0.2,0.2,-0.2,-0.8,0.1,-0.1,0,-0.1,-0.2,0.5,0.3,0.1,0.7,-0.1,0.1,-0.2,-0.1,-0.2,-0.1,-0.1,0.3,0.1,-0.1,-0.2,-0.2,-0.1,0.1,0.2,0.1,0.1,0.2,0,0.2,-0.2,0.1,0.1,0.1,0,0.1,0.2,0,0.1,0,0.2,-0.2,-0.1,0.1,0,0.2,0,0.2,-0.2,0.2,-0.1,0.1,0,0.2,-0.3,0,0,0.2,-0.1,0,0,0,0,-0.3,0,0,-0.2,0.2,0.1,0.1,0.1,-0.1,-0.2,0.1,0.1,0.2,0,0,0,0.1,-0.2,-0.1,0.1,-0.1,-0.5,0,0.1,0,0.2,0.1,0,0,0,-0.1,0.1,0.1,0.1,0.1,-0.1,0,0.1,0,0.1,0.1,0.1,-0.1,-0.4,-0.2,-0.4,0.1,0.2,-0.1,0.1,-0.1,0,-0.1,0.3,0.6,0,-0.1,0,0.4,0.1,-0.2,0.2,-0.1,0.1,-0.1,0,0,0,0,0.2,0,-0.1,0.2,0,0.3,0.1,-0.1,0.4,0.1,0.2,-0.1,0.2,0.1,-0.1,0,0,0.1,0.1,-0.2,-0.2,-0.2,0,0,0.2,0.2,0.1,0,0.1,0.1,0.3,-0.1,-0.2,0.2,0,0,0,-0.1,0,-0.1,-0.2,0,-0.3,-0.1,0.1,0.2,-0.1,0,0.1,0.2,0,0.2,0.1,0.2,0.9,0.1,-0.1,0,0.1,0,0.1,-0.2,0.1,0.2,-0.4,-0.3,0,0,0.2,0.3,-0.1,-0.1,-0.2,0,-0.2,-0.2,0.1,0.5,0,0.2,0,-0.3,-1,0.1,0.3,0.7,0.1,-0.4,0.1,0,-0.1,0.2,-0.1,-0.1,0.1,0.2,0.2,-0.1,-0.2,-0.2,0.3,0,-0.2,-0.4,-0.2,-0.2,-0.2,0,0.1,0,0,-0.3,0.1,0,0,0,0.2,0.1,0,-0.1,0.1,0.1,0.1,0,0.1,-0.1,0.1,0.2,-0.1,0.1,0.3,-0.1,0.2,0.5,-0.1,0.2,-0.2,0.1,0,0.2,0.2,0.1,0,0,0.3,0,0.1,0,0.2,0,0,-0.2,-0.2,0.2,-0.2,0.3,0.2,-0.4,0.1,0.1,0,0.1,0.2,-0.1,0,-0.1,-0.2,0.2,0.2,0,0,-0.1,-0.5,0.1,0.2,0,0,0.5,-0.1,0,-0.2,0.1,0,0,0.2,0.2,0.1,0.2,-0.4,0.1,-0.1,0,-0.1,0.1,0.3,0,-0.5,-0.2,0.1,0.2,0,0,0,-0.1,0,0,0.1,-0.1,-0.1,0.1,0.1,-0.2,0.1,0,0.1,0,0,-0.4,0,-0.2,-0.1,-0.2,-0.1,-0.3,0.1,0.4,0,0,0.1,0.3,0.1,-0.1,-0.1,0.2,-0.1,0,-0.2,0,0.1,-0.2,0.1,0.4,0,0,-0.1,0.2,0.1,0.1,0.1,0,0,-0.2,-0.4,0.1,0.1,0.1,0.1,0,0.1,-0.4,0,0.1,0.4,0.1,0,0.3,0,0,0.1,0,0,0.2,0,0,0.2,0.2,0,0.2,0.1,0.1,-0.3,-0.3,-0.7,0.2,0.2,0.2,-0.1,0,-0.4,-0.1,-0.1,0.1,0,-0.3,0.3,-0.1,0,0.1,0.1,-0.1,0,0.2,-0.3,0.1,0.1,0.1,-0.1,0.2,0.2,0.1,-0.1,0.1,-0.1,0.1,0,0,0,0,0.1,-0.1,-0.1,0.1,0.3,0.2,-0.1,0.1,0,0.1,-0.2,-0.1,-0.1,0,0,0.2,-0.2,0.1,0.1,0,-0.1,0.1,-0.1,0,0,-0.1,0,0,-0.3,0.1,0,0.1,-0.2,0,0.2,0,0.2,-0.3,0,-0.2,0.1,-0.3,0.1,0,0,0.2,0.1,-0.2,0.2,0.1,-0.3,0.2,0.1,0.3,0.1,0.3,0,0,0,-0.1,0.3,0,0.1,0.2,0,0.1,0.2,0,0.1,0.1,0.1,0.3,0.3,0,0.1,0,0.1,-0.2,0.2,0.3,-0.1,0,0.1,0.2,0,0,-0.1,-0.3,0.1,0.1,0.1,0.1,-0.1,-0.4,0.2,0,0.1,0.2,-0.1,0.4,0.1,-0.1,0.2,0.1,-4.7,0.4,0,0,0.1,0.6,0,0,0.1,-0.2,-0.1,-0.2,0.4,0,0,0.1,0.2,-0.2,0.1,-0.1,0.1,0.3,0.2,0.2,0,0.2,0,0.1,0.1,0,0.2,0,0.5,-0.1,-0.1,0.1,0,0.2,0.1,0,0,0,0.1,-0.1,0.2,0,0.1,-0.1,-0.1,-0.1,0.1,0,0,0.2,-0.1,0,0.1,-0.3,0.1,-0.1,0.2,0.1,0.1,-0.1,-0.3,-0.2,0.1,-0.1,0,0,-0.1,0.1,-0.2,-0.1,0.1,0.1,0.1,0.1,0.1,0.1,-0.1,-0.1,0.4,0.1,-0.1,0,-0.2,-0.2,-0.5,0.1,0,0.1,0.1,0.1,0.1,0.1,0.1,0.2,0.1,-0.1,0,0.1,0.2,-0.2,0.1,-0.1,0,0.1,-0.2,-0.5,0.3,0.1,0.1,0.1,0.1,0.1,0.1,0.2,-0.1,0,-0.1,-0.1,-0.3,0.2,0.1,0.3,-0.1,0,0.5,0.3,0,0,0,0,0,0,0,-0.3,-0.1,-0.2,0,0,0.3,0.1,0,-0.1,0.2,0.1,-0.3,-0.1,0.2,0.1,-0.1,-0.1,-0.2,0.1,0.2,0.1,0.1,0.4,0.3,0.2,0.2,0.1,-0.4,0.1,0.3,-0.1,-0.8,0,0,0,0,0,0.1,0,0.1,-0.1,-0.2,-0.2,0,-0.3,-0.1,-0.1,0.1,0.3,0,-0.5,0,0.1,-0.1,-0.1,0.2,0,0,0.1,-0.1,0.2,-0.1,0,-0.1,-0.2,0,0.4,0.3,0.1,0.1,0.1,0,0.2,0,-0.1,-0.1,0.1,0.3,0,0.2,-0.1,0,0,-0.2
YAPC,BRD-A03506276,CC[C@@H](C)Nc1cc(C(=O)NC2CC3CCC(C2)N3c2ccc(cn2)C(=O)C2CC2)c(C)cc1C(N)=O,-0.4,0.6,0.1,0.2,-1.4,-0.5,0.7,-0.8,-1,-1.1,0.5,-0.8,0.1,-0.3,0,0.5,-0.4,0.2,0.3,-2.3,0.4,0.7,0.2,-0.1,-0.9,0,0.1,-0.3,0.1,0.1,0.5,-0.2,-0.4,0,0.1,0.3,-0.8,0.4,0.5,-0.3,1,0.8,-1,0,-0.3,-0.3,0.6,0,0.2,0.2,0.3,-0.4,0.2,0.3,0,0.4,0.4,-1.1,-2.4,-2,-0.7,0.6,-2.1,-0.2,0.5,0.2,0.9,-0.4,-1.1,-1.7,-1.8,-1.1,-0.9,-0.1,-0.4,-0.6,-1.2,-0.5,0.8,-0.1,0.3,0,0.6,1.5,-0.7,0.1,-1.1,0,-1.4,-0.1,0.5,0.2,-1,-0.6,-0.3,0.5,1.4,-0.3,0.1,-0.3,0.6,-1.1,0.7,0.7,0.4,-0.2,0.2,0.3,-1.1,-0.7,-1,0.1,-0.7,0.2,0.3,-0.1,0.1,-0.1,-0.1,0.3,-0.3,0.2,0.3,-0.1,-1.8,-4.8,0.4,-0.5,0.3,0,0,-0.7,-0.2,-1.3,-0.4,-1.4,0.4,0,-0.8,-0.3,-0.4,-0.2,0.6,1.5,0.5,-0.6,-0.8,-0.6,0.7,-2.6,-1.2,0.2,0.4,0,0.3,-0.1,0.4,0.9,0.5,0.3,-0.7,0.9,-0.3,-1.4,-0.1,-0.6,-1.2,0,-0.2,0.1,0.3,-0.1,-0.3,-1.3,-0.3,0,0,-0.2,0,-2,0.9,0.4,0.3,-0.7,1.1,0.7,5.9,0.5,0.3,-0.7,-0.7,-0.3,-0.2,-0.1,-0.2,-0.7,-0.5,-0.4,-0.8,0.7,0.4,-1.7,-0.6,-0.3,-0.6,-0.5,1.5,3.3,0.7,1.2,2.7,1.2,0.6,0.4,-0.9,-0.6,-0.7,0,0.6,0.4,1.5,0.2,0.5,-0.5,-0.2,0,-0.1,-0.4,0.3,-1,0.9,-1,0.5,-0.1,0.1,0.3,-1.4,-1.4,-0.6,1.7,-1.2,-0.3,0,-0.1,0.5,-0.3,-0.1,-1.6,-0.1,-2.4,-0.5,-0.1,-0.6,0.6,-0.3,1.8,-0.4,0.4,-0.7,-0.4,0.1,-1.2,-1,-0.1,0.1,-0.9,0.2,0.5,0,0.6,-0.6,-0.1,0,-0.2,-0.2,0.6,0.2,-0.2,0.2,0.1,-2.5,0,0.7,0.1,0,-0.4,0.6,-0.3,0.1,-0.9,0.8,-1.2,-0.5,-0.4,0.4,-0.6,-0.9,-0.4,0.1,-3.2,0.6,-0.1,-0.9,-0.3,0.3,0,0.1,1.3,0.3,0.7,-0.1,0.4,-0.4,-1,-0.3,0.3,-0.4,-0.6,0.2,-0.4,-3.4,-0.8,-0.4,-0.1,-1.1,0.7,1,0.3,0.1,0.5,0.2,0.8,0.1,-0.1,-0.3,-0.4,0.4,0,-0.1,0.4,0.1,-1.2,-0.3,-0.2,-0.1,-0.2,0.7,-0.2,-0.8,-0.2,0.1,0.8,0.3,-0.7,0.4,1.5,0.7,-2.1,0.3,-1.7,-1.2,0.6,-1.1,-0.8,0,-0.3,0,0.6,-0.4,0.2,-0.2,-0.4,-0.3,0.6,-0.6,-1.3,-1.4,0.6,-0.2,-1.1,0.1,0.2,-0.2,-0.6,-2.1,-1.2,-1,0.1,-0.2,-0.7,-0.5,1.2,0,-0.7,-0.4,0.6,-0.3,-0.1,-0.4,0.5,0.3,0.1,0,-0.3,-0.4,-0.5,0.4,0.5,0.4,0.3,-1,-0.3,-0.1,1.2,-0.1,0.3,0.1,1.6,-0.1,-0.6,-0.1,-0.6,0.9,-0.2,0,0.3,-1,-0.8,-0.4,-0.1,-0.4,0.4,0.1,0.5,0.5,-0.1,-0.3,-0.1,1.2,1,-0.8,3.1,0.5,-1.3,0.9,0.3,0.4,-0.6,0.3,-1,-1,0.2,0.2,0.3,0.2,-0.8,-0.9,0.7,-0.2,2.5,0.5,-1.3,-0.2,0.2,-0.4,1.1,-0.8,0,0.1,-0.2,0.1,0.3,-1.2,-0.5,-0.1,-0.3,-0.3,0.7,0.9,-3.6,0,1.3,-0.9,-0.7,-1,0,-2.5,0.1,0.5,1.1,-0.3,0.1,-0.1,0.5,-0.9,-0.8,0.1,0,-0.7,0.1,-0.9,-0.2,0.3,-1,-0.7,-2,0.3,0.7,-0.4,-1.3,0.6,1.1,0.2,0.7,0.5,0.5,0.3,-0.8,-0.1,-1.9,0.5,-0.1,0.3,0.2,-1.1,1.6,0.4,0.9,-0.1,0,0.1,0.9,0.1,0.5,1.6,-0.2,-1,-1,-0.5,-0.1,0,-0.6,-0.5,-1,-0.3,-1.2,0.3,-0.4,-0.2,-0.7,-0.9,0.2,0.4,0.6,-1.5,-0.1,0.5,0.2,-0.2,-0.1,-0.5,0.5,-0.6,1.1,-1.2,-0.5,0,0.3,0.1,-0.1,-1.2,-0.2,0.4,0.4,0.9,-0.2,-0.2,-0.2,0,-1.3,-0.1,-0.4,-0.3,0.5,1.1,0.2,-2.4,1.1,-0.7,0.3,-0.1,0.5,0.4,-0.5,0.9,0.7,0.7,-0.9,0,0.6,-0.3,0.6,-1,0.2,0.6,-1.3,-0.2,1.3,-1.3,1.1,0.1,-0.2,0.2,-2.2,0,-0.3,-0.9,1.4,-0.2,-0.8,-0.2,0.2,-0.8,0.8,-0.1,-0.4,-0.2,-0.1,0.3,0.1,-0.2,0.5,0.4,0,0.2,-1.8,0.8,0.5,-0.9,-0.3,0.8,1.3,0.7,-0.1,0,0.1,0,0.3,-0.3,0.4,-1.2,-1.5,0.8,0.4,-0.1,-0.1,-1.3,-0.1,0.2,-0.4,-1.2,0.9,0,-1.2,0.5,-0.7,0.3,-0.2,-1.4,-0.2,-0.7,-0.2,0.4,-0.8,0.1,-0.5,1.1,-0.4,-0.5,-0.2,-0.4,-0.1,-0.8,0.1,-0.3,-0.3,-0.1,-0.8,0.5,-0.2,0.6,0.1,0.7,-1.6,-0.4,-0.8,0.8,-0.1,0,0.4,-1.3,-0.8,-0.5,0.4,-0.6,0.1,0.2,0.3,-3.3,0.1,-0.7,-0.7,0.2,-0.1,0,-0.4,-0.3,0.5,0.5,0.5,0.2,0.6,0.6,-0.3,-0.9,0.4,0.2,-0.1,-0.2,1.1,0.3,0.3,-0.9,0,1.4,0.1,-0.2,0.4,0.6,1.2,0.6,0.8,-1.1,-0.5,-0.5,0,0.8,0,1,0,-0.3,0.2,-0.4,0.4,0,-0.1,-0.8,-0.1,-0.2,-0.8,-0.2,-0.5,-0.2,0.3,0.7,0.5,0.9,-0.4,0.1,-0.9,0.2,-0.9,0.8,0.7,0.7,0.1,0.3,0.2,-0.2,-0.5,0,-0.6,0.6,-0.7,0,0.7,0.4,0.7,0.2,0.8,-0.4,0,-1,-0.4,0.1,-0.4,0.6,0.6,-0.2,-1.1,0.4,1,0.6,0.4,-0.3,-0.6,0.1,0.1,0,0,0,-0.5,0.5,-0.2,0.7,-0.2,-0.1,-0.5,-0.4,0.4,0.3,0,-0.9,-0.4,-0.6,-0.9,0.5,-0.2,-0.1,-1.5,-0.3,-0.2,-0.5,-0.4,-2,-0.3,0.5,-0.8,-0.7,-1,-0.1,0.2,0.2,0,-0.4,0.4,-0.2,0.1,0.5,-0.3,0.1,-0.2,0.8,1.1,-1.1,0.6,0.2,-0.3,0,0,-0.1,1.9,0.2,0.7,-1.2,0.2,0.2,-0.7,-0.4,0.3,-0.2,-0.6,-1,0.3,-2.3,-0.1,0.1,-0.3,-1.1,-0.1,0.5,0.3,-0.8,0.1,-0.4,-0.5,-0.1,0.2,0.5,0.1,0.5,0.7,0.2,-0.5,0.9,0.6,0.2,0.7,-0.7,-0.5,0,-0.6,0.1,-0.3,-0.1,0.8,-0.1,-0.7,-0.2,0.3,-0.2,-0.8,-1.4,0.6,0.9,-0.1,-0.2,2.5,-0.7,0.2,-0.3,0.9,-0.5,0.4,0.9,-0.3,-0.5,-0.1,0.6,-0.1,-0.6,-1.2,-0.5,0.6,0.3,1.2,0.8,0.4,0.8,-0.3,-0.4,0.3,-1.3,-0.9,0,0,0.5,-0.6,0.3,0.6,-0.9,-0.9,-0.6,0.5,-0.4,-0.6,1.7,0,-0.4,-0.1,0.9,0.1,0.5,0.4,-0.2,0.3,0.2,-1.1,0.3,-1,0,0.6,-0.2,-0.6,0,0.1,-0.2,0.4
YAPC,BRD-K64925568,CC(C)[C@@H](CS(=O)(=O)C(C)C)N1[C@@H]([C@H](C[C@](C)(CC(O)=O)C1=O)c1cccc(Cl)c1)c1ccc(Cl)cc1,0.4,0,0.5,-0.3,-0.3,-0.1,-0.3,0.2,0.1,0.1,-0.2,0,0.1,0.3,-0.2,0.3,0,0,0.3,-0.2,-0.2,0.4,0,0,0,0.1,0,-0.2,-0.2,-0.2,0.1,0.1,-0.1,-0.2,-0.1,-0.1,0,0,-0.1,0,0.1,-0.5,0.2,-0.2,-0.3,-0.1,0,-0.2,0.2,-0.2,-0.2,-0.2,-0.3,0,-0.1,0.2,-0.2,0.2,-0.9,-0.2,0.1,0,0,0.4,-0.1,0,-0.1,0.1,0,-0.1,0,0,-0.1,-0.2,-0.1,-0.2,0.1,-0.2,0.1,1.6,-0.1,0.4,-0.1,-0.1,-0.4,-0.1,-0.1,-0.1,-0.3,-0.1,0.2,0.1,-0.1,0.2,-0.2,-0.2,0,0,0.2,0.3,0,0.4,-0.1,0.1,0.2,0.2,0.1,0.6,-0.6,0,0.2,0.2,-0.2,0.2,0.1,-0.1,0,-0.3,-0.3,0,0.1,0.2,0.2,0.6,-0.3,0.4,0.1,0,0.2,-0.1,-1.6,0.2,0,0.5,-0.1,0.1,0,0.2,-0.2,0,-0.2,0.2,0.1,-0.2,0.1,0.3,-0.2,-0.1,-0.4,-0.4,0.3,0.1,0,-0.2,0.1,2,0.1,-0.5,-0.2,-0.5,-0.1,-0.3,0,-0.2,0.2,-0.1,0.2,0,-0.5,-0.2,0.1,-0.3,0,-0.1,0.3,0.5,-0.1,0.1,0,0.6,0,-0.2,-0.4,-0.1,-0.4,-0.1,-0.3,0,-0.1,-0.2,0.1,0,0,0,-0.1,0.2,0,0.2,-0.3,0,-0.4,0,0.3,-0.3,0.2,-0.1,0.7,0.2,-0.2,-0.2,0.3,0,0.1,0,0.2,-0.1,-0.1,-0.1,-0.2,0.2,0.3,-0.1,-0.2,1.3,0.1,-0.4,0.1,0,-0.3,-2.4,0,0,0.1,-0.2,-0.1,0,0.3,-0.3,-0.1,-0.3,-0.1,-0.1,0.4,0.1,0.1,0.4,-0.1,0,-0.2,-0.1,-0.1,-0.1,0,-0.3,0.4,-0.2,0.3,-0.1,-0.2,-0.3,-0.2,-0.3,-0.2,-0.3,0.5,-0.5,-0.2,-0.1,-0.1,0,0.2,2.3,0.2,-0.1,-0.2,-0.1,-0.1,0.1,0.1,0.1,0,-0.2,0,0.1,-0.1,-0.1,-0.6,-0.2,-0.1,-0.1,-0.3,0,0.4,0.1,-0.1,-0.3,0.5,0.1,-0.1,-0.2,0.6,0.2,0,0.2,-0.2,-0.1,0,0.1,0.2,-0.2,-0.3,0,0.3,0.1,0.2,0.1,0,0.1,-0.7,-0.1,0,0.1,0.1,0.1,0.2,0.4,-0.2,0.1,-0.1,-0.2,0.1,-0.1,-0.2,3.1,-0.2,0.1,0,-0.1,0,-0.1,0.3,-0.1,0.1,0.1,0.3,0.5,0,0,-0.1,0,0,0,0,0.1,-0.1,0,-0.2,0.6,0,0.5,-0.1,0.1,-0.1,0.2,-0.1,-0.1,0.1,0.3,0.3,0.1,0.5,0.3,0,0.1,-0.1,-0.1,-0.3,0,0,-0.2,0.2,0.1,0.1,0,0,0.2,0,0.9,0.1,0,-0.2,-0.8,0.2,0,-0.2,0,-0.2,0.1,-0.2,-0.1,0,0.2,0.1,0.3,0,0,0,-0.4,0.1,0,-0.2,-0.3,0.3,0.1,-0.3,-0.3,0,-1.8,0.1,0,0.4,0.6,-0.1,0,-0.3,-0.7,0.2,0,-0.1,-0.1,0,-0.3,-0.1,0.2,-0.1,-0.4,0,0,-0.3,-0.2,-0.2,-0.1,0,0,0,0.1,0,-0.1,-0.1,0.2,0.1,0.5,-0.3,-0.1,-0.1,-0.1,-0.1,0.2,0,0.2,-0.3,0,0,-0.2,0.1,0.3,0.3,0.2,-0.2,0.1,-0.3,-0.4,0.1,0,0,0,-0.2,-0.1,-0.6,0.4,0.1,0.2,0.2,-0.1,0.2,-0.1,-0.1,0.1,0.1,0,0,0.1,-0.6,-0.1,0,0,0,-0.1,-0.2,-0.1,0.2,0,-0.2,0.1,0,-0.1,-0.2,-0.6,-0.2,0.2,-0.2,-0.7,0.2,0.2,0.1,0.5,0,-0.1,0.1,0.2,0.3,-0.1,-0.2,0.1,0,-0.1,0,-0.2,0,-0.1,0,-1.5,0,-0.3,0.2,0,0.1,-0.1,0.2,-0.1,-0.4,0,-0.3,0,-0.1,-0.2,-0.2,0.1,-0.3,-0.1,-0.1,-0.2,-0.2,0.1,0.2,0,-0.1,0.1,0.2,0,0,-0.1,-0.1,0.1,0.1,0,-0.2,-0.2,0.1,0.2,-0.2,0.2,0.2,-0.1,0.2,0.1,0.3,-0.1,0.2,-0.1,0,-0.1,0,-0.1,0,0,0.4,0,0,-0.1,-0.2,0,-0.3,-0.1,-0.9,0,-0.1,2.7,0.1,0.1,-0.2,0.1,-0.1,0.1,0,0,0,0.3,0,0,0.2,0.2,0.2,-0.3,-0.1,-0.2,0,0.2,-0.2,0,0.2,-0.1,0,0.1,0.6,0.3,0.1,0.1,-0.5,0.1,0.3,0,0.2,0.2,0,-0.1,0,0.1,0.2,0.2,0,0.1,0.5,0.3,0.1,-0.1,0.1,0,0.1,0,0.1,0,-0.2,0.1,0.5,0.1,-0.1,0.1,0.2,0,0,-0.1,0,-0.1,-0.1,-0.1,-0.1,-0.2,0.5,-0.3,0.3,-0.1,0,-0.1,0.1,0,-0.2,-0.5,-0.2,0.1,0,-0.1,0.1,0,0,0.1,0,0.1,-0.1,0.2,-0.2,-0.1,-0.3,0.1,0.2,0,-0.3,0,0.1,-0.2,0,0,0,-0.2,-0.1,0.1,-0.6,0.3,0.1,-0.2,0.1,0.1,0,-0.1,0,0.1,0,0.3,0,0.1,0,-0.1,-0.1,0,0.1,-0.1,-0.4,0,1.4,0.1,0,0,-0.4,-0.1,0,0,-0.1,-0.1,-0.4,-0.2,0.1,0,0.2,0.1,-0.1,0,-0.3,0.1,-0.5,-0.1,-0.5,-0.3,0.1,0.4,0,-0.1,0.3,0,0.3,-0.2,0,0.1,-0.3,0,0.3,0,-0.1,-0.1,-0.1,0.1,0,0.1,-0.2,0.2,0.2,0.2,-0.1,-0.4,-0.3,-0.2,0,0,0,0.3,0.5,-0.6,0.2,-0.1,0.1,-0.3,0,0,0.5,0.1,0.1,0.1,-0.4,0.1,0,0.1,-0.1,0,-0.1,-0.1,0,0.2,0,-0.1,-0.1,0.1,-0.2,0.1,0.2,0.1,0,-0.1,0,-0.3,0.2,0.2,0.2,0.1,-1,0.1,0,0.1,0.1,-0.2,0,-0.1,0,0,-0.1,0.2,0.1,-0.1,0.1,-0.2,0.1,-0.7,0,-0.2,0,0,0,-0.4,0,0,-0.3,0,0,-0.1,-0.1,0,0.1,-0.1,-0.2,0.2,-0.1,-0.1,-0.3,0.6,0.1,0.4,0,-0.3,0,-0.4,0.4,-0.1,0.3,-0.3,0,0.1,0.2,-0.1,0,-0.1,-0.1,-0.4,0.1,0,-0.1,0,0,0,0,0.2,0,0,0,-0.1,0,0.2,0.1,-0.1,0,0.1,0,0,0,-0.1,-0.1,0.2,0.4,-0.3,0,-0.1,0,0.3,0.3,0.4,0,-0.2,0.1,0,-0.2,0.3,0,0.3,-0.1,-0.2,0,0.3,0.1,0.1,-0.3,0.2,0.2,0.2,-0.1,-0.1,0,0.1,0.6,0.2,-0.1,-0.4,-0.2,0,0.1,0.1,-0.2,-0.3,0.3,-0.1,-0.3,0,0.1,0.2,-0.1,0.1,0.1,-0.3,-0.4,-0.2,0.2,-0.2,-0.2,0.1,0,0,0.2,-0.1,0,0,-0.1,-0.1,0,0,-0.1,0.1,-0.2,0.1,-0.2,-0.1,-0.2,-0.1
HELA,BRD-K81418486,ONC(=O)CCCCCCC(=O)Nc1ccccc1,0,0.5,-0.9,0.1,-1.1,-0.5,0.8,-0.8,-0.4,2,0.1,-1.3,0.9,-0.9,2.3,1.4,-1.1,0.4,0.7,-3.2,0,0.2,-1.2,0.3,-0.8,1.5,-2.9,0,0.7,0.4,-1.2,0.5,-0.3,-0.3,-1.2,0.1,-0.3,0.7,0.4,0.7,0.3,1.2,-0.4,0,-0.6,0.1,-0.2,0.5,0.6,-0.3,0.3,-0.1,0.2,-0.9,0,0.5,0.9,1.1,-1.6,-3.2,-1.3,0.8,-0.7,0.5,-0.7,0.4,-0.2,-1.2,-2.3,-1.4,-2,-0.1,-1.9,-0.4,-0.3,0.1,-1.4,-0.5,0.1,2.6,-2,-2.6,0.3,-0.5,-1.1,1.1,-0.1,-0.1,0,0.1,0.2,-0.5,-1.2,0.1,1,0.4,-0.1,-0.1,0.3,0,0.6,-0.1,0.5,0.5,-1.7,-0.2,-0.4,0.4,-1.4,-2.6,-0.1,0.9,0.6,-0.9,1,0,0.7,0.2,-0.2,0.1,-1.4,-1.4,-1.8,-0.9,0.7,1.7,-0.9,0.1,-0.7,0.2,0,-0.9,2,-0.8,-0.7,-1.4,-0.5,-0.3,1.1,2.4,0.2,-0.1,-0.5,-1.8,0.3,0.5,0.2,-0.2,0.5,0.5,0.1,0.7,0.5,0.2,0.6,0.5,-2.7,0.3,0.6,1,-1.4,0.6,0.8,-0.1,0.6,-1,1,0,-0.1,0.2,-0.2,0.5,-0.6,0.9,1.4,0.2,0.8,1.3,-1,-1.9,-0.5,0.1,0.9,-1.4,2.4,-1,-0.2,-0.4,0.1,0,0.7,0.4,0,-1,0,-0.4,0.6,0.1,-0.1,0.4,1.5,-0.4,0.8,-1.4,-0.9,1,0.5,1.4,0.7,-0.8,-1.9,-1.1,1.9,0.1,-1,3.6,-0.4,0.2,-1.2,1.2,2.5,-0.6,0.2,0,0,-0.7,-0.3,0.2,1.6,-1.3,-2.4,0.5,-1.9,0.6,1,0.3,-0.1,-0.9,-1.2,0.2,-0.9,2.9,-0.9,1,0.4,-1.1,1.2,0.2,-1.6,-0.8,0.4,0.7,-0.9,0.4,-0.9,-0.1,0,-0.4,-0.3,-0.4,0,-0.7,-1,1,0,1,-0.3,0.2,-0.4,0.3,1.3,0,-0.3,0.2,0.1,1.3,-0.4,0,0.1,0.4,-0.4,1.6,-0.6,-0.4,0.2,-0.8,0.5,-0.1,-0.3,-1.7,0.3,0.5,0.3,-0.1,-2.8,0,0.2,-0.5,1.4,-0.3,-1,-0.4,-0.4,-1.6,-0.9,-0.2,0.4,-1.4,0.7,0.8,1,0.2,-0.3,-3.1,-1.9,1.6,-0.2,0.2,0.2,0.5,-1.6,-0.3,0.3,0.4,-0.3,0.1,0.7,0.6,0.4,0.4,0.9,0.2,0.2,0.2,0.5,-0.1,0,0.1,-0.3,1.1,0.2,-3,-0.8,0.9,0.8,0,-1,0.8,0.1,0.4,0.2,1.6,-0.3,-0.3,0.3,0.2,0.4,-0.4,0.4,-0.6,-0.7,-0.1,-0.7,0.1,0.9,0.1,0.4,1,0.1,0.4,1.9,0.3,0,0.4,0.4,0.2,-0.1,-0.1,-0.8,0.3,0,0,0.4,-0.3,0.6,-1.6,-0.8,0.4,0,0.3,0.5,0.9,-1.7,-0.7,0.3,-0.5,-2.9,0,-1.2,0.4,0.6,1.2,0.7,0.2,-1.8,-0.7,0.5,-0.8,0.4,0.4,1.3,0.3,0,-1,-0.3,-0.1,2.3,0.8,-0.4,-2.2,0.1,0.9,0.4,0.9,-0.2,0.4,-1.9,-0.3,-0.7,0.2,0.3,-0.3,-0.1,1,-0.6,0.8,1.7,0.4,0.4,0.3,-1.2,-0.6,0.3,1.3,0.3,0.1,1.3,-1.5,-1.3,-1.3,-2.1,-2.4,0.5,0.2,-1.1,-2.2,-0.8,0.2,-0.1,-1.5,0,-1.4,-1.3,1.2,1.1,-1.7,0.1,1.6,-1.1,-1.4,0,-2.4,-2.3,-0.4,-1.2,-1.5,-2,0.7,-0.6,-0.8,0.1,1.4,-1,-0.4,-0.1,0,-0.4,0.4,1.4,1.1,-0.6,-0.4,1,0.3,-0.4,3,0.4,0.2,-0.1,-0.5,-2.4,1,-0.1,0.7,0.3,-0.8,0.2,0.2,-0.1,0.3,0.9,0.2,1.2,-0.6,-0.1,0.4,-1.4,-0.1,0.8,1.5,1,-0.5,0.9,1.3,-1.1,-0.4,-0.6,-0.7,0.4,0.2,-1.9,0.2,0.1,-1.1,0.1,0.2,0.7,-2.6,-0.3,-0.3,0.5,-0.7,0.1,-0.3,-0.2,-0.7,1.5,0.7,-1.1,-0.3,-0.3,0.9,-1.3,-0.1,-1.2,0.6,-0.9,-1.1,0.6,0.2,1.1,-0.2,0.1,-1,0.1,0,0.6,0.6,0.8,-0.4,0.5,1.1,0.4,0.2,0.1,0.1,-0.8,-0.1,0.1,-1.5,0.4,-0.8,-0.3,-1.5,0.6,-1.1,-1.3,0.4,0.2,-0.2,0.3,0.8,0.6,-0.2,0.3,-0.3,-0.4,-0.1,-1.8,-1.7,-0.1,0.4,0.8,-0.7,0.7,-0.9,-0.1,0.5,-2,0.2,-1.1,0.2,-0.2,-3.5,0.8,0.3,-0.8,-0.1,0.2,-0.9,-2.4,0.6,-0.6,0.1,0.2,-1,-0.7,0,-1.5,1.1,-0.6,-0.2,0.2,-0.9,0,-0.3,0.4,-0.7,-1.1,-0.1,0.3,-1.4,-2.2,1.5,-0.1,0.6,0.1,0.5,-0.7,0.7,1.4,-1.8,-0.1,0.4,0.8,0,-0.8,0.5,1.3,-0.3,-1.2,-0.5,-0.4,0.7,0.6,-0.2,-0.5,-0.8,0.2,0.6,0.1,0,-0.3,-1.1,1.1,0.3,0.1,-1.3,-0.4,0.2,-0.4,-3.2,0.5,0,0.1,0,0.4,-0.2,0.2,-1,-0.7,-0.6,0.3,-4.1,0.6,-0.2,-0.3,-0.2,-0.2,-0.1,-0.5,-0.2,0,-0.1,-0.9,1.1,1.2,1.5,0,0,-0.2,-1.1,-1,0.8,-0.8,0.9,-1.3,0,0,0.3,0.6,0.4,-0.2,-0.2,-0.1,0.1,0.2,0.3,0,1.9,-0.4,0,-0.2,0.7,0.8,-0.3,-0.5,0.2,0.3,0.4,-0.2,0.5,-0.7,-0.1,-0.3,-1,0.4,0.2,0.6,1.1,-0.9,0.4,-1.9,-0.1,0.3,-0.4,0.8,0.2,0.6,0.8,-0.7,0.4,-0.8,-2.2,0.4,1,0.1,-0.4,1.3,-1.2,0.6,-1.3,0.8,0.8,-0.1,-0.8,0.4,1.9,-1,-0.1,0.9,0.7,-0.1,1.5,-2.5,0.1,-0.2,-0.2,-1.7,0.2,0,0.8,-0.9,0.7,1.1,-0.9,0.5,0.5,0.7,0.7,0.7,-0.1,0.5,-0.7,-0.1,0.4,-0.2,-0.3,-0.9,-0.5,0.4,0.1,-0.1,0,-0.8,-0.5,0,1.3,-1.2,0.6,0.3,0.4,0.9,0.1,0,-1,-1.7,0.4,-0.8,0.3,0.2,0.9,-0.6,-1.4,-0.6,0.3,-0.4,-1.1,0.7,-0.7,-0.9,0.3,1.9,0.4,0.9,0.2,0,-0.1,0.6,0.1,-1,0.4,0.3,0.4,0.3,0.9,0.2,-0.2,0.7,0.1,-0.3,-2,0,-2,-1.7,0,0.4,-0.1,0,0.6,-0.2,-0.1,0.2,0.2,-1,0.1,-0.4,1,-0.7,-0.9,-2.9,0.7,-1.6,0.6,-0.9,0.1,0.6,0.5,-0.9,-0.5,0,0.1,-0.1,0.3,0.5,0.6,-0.4,-0.4,0,-0.3,0.1,-0.2,-0.7,-0.1,-0.2,-0.4,1.1,-0.5,0.7,-0.1,0.5,0.1,0.1,0,0.3,0.7,0.1,-0.8,-0.3,1.7,-0.4,0.4,0.1,1.5,-0.2,0.5,-0.1,-0.4,0.6,0.7,-1.3,-0.4,-1.2,0.9,0.6,-0.2,0.1,0.3,0.8,0.3,-0.3,-0.2,-1.7,-0.8,-0.6,0.6,-0.6,-0.5,0.8,-0.2,-0.1,-0.8,-0.1,0.3,0.9,-1.6,0.7,-1.8,-0.9,0,1.2,-1.2,-0.1,-1.3,0.4,0.7,-2,0.3,0.2,-1,0.8,0.7,-0.3,0.1,0.3,0.2,0.2,0.6
HELA,BRD-A61304759,COC1CC(C)CC2=C(NCC=C)C(=O)C=C(NC(=O)C(C)=CC=CC(OC)C(OC(N)=O)C(C)=CC(C)C1O)C2=O,0.1,0,0.3,-0.1,-0.1,-0.1,0.1,-0.6,-0.4,0.2,0.1,-0.2,0,-0.2,-0.1,1.5,-0.3,-0.1,-0.1,-0.3,0.1,0,0.3,-0.4,-0.2,-0.3,-0.2,0.2,0.1,-0.8,0.5,0.2,-0.3,0.3,-0.1,0,-0.4,0.2,0.3,0.2,0,-0.4,-1.8,0,-0.5,-0.2,-0.4,0.1,0.9,-0.2,-0.2,-0.3,0,0.8,0.3,0,0.3,-0.8,-0.7,-1.2,-0.1,-0.3,-1.7,-0.1,-0.4,0.2,0,-0.4,-1.2,-0.7,-0.7,-0.5,-0.3,-0.2,-0.2,-1.3,-1,0,1.8,-0.3,-0.5,-0.6,0,-0.1,-0.7,-0.9,-0.3,-0.1,-0.6,0.1,0.6,0.4,-0.3,-0.6,0.3,0.3,1.6,-0.2,0.4,0,0.2,0.2,0.3,0.2,0.9,0,-0.2,0.2,-1,-0.4,-1.9,0.3,-0.4,-0.1,0.2,0,-0.1,-1.2,-0.6,0.3,-0.3,0.2,0.7,0.4,-0.2,-0.8,0.1,-0.1,-0.2,0.1,0.1,-0.4,-0.3,-0.4,-0.1,-0.7,-0.5,0.2,-0.4,-0.2,0.1,0.3,-0.1,-0.6,-0.1,-0.4,-0.1,-0.2,0.2,-2,-0.6,0.4,0.4,0.3,0.4,0,1.1,0.1,-0.3,-0.1,-0.7,0.5,1.1,-1.4,0.1,0,-0.4,0,-0.9,0,1.2,0.4,-0.5,-0.7,0.3,0,-0.6,-0.2,-0.5,-2.2,-0.3,0.1,0.3,0.2,0.1,-0.2,-0.2,-0.3,0.3,-0.6,-0.3,0,-0.4,0,-0.3,-1.1,-0.6,-0.2,-0.3,0.4,0.9,0.4,0.7,-0.2,0.6,-0.7,-0.1,3.9,0.5,2.3,1.4,1.7,2,0.1,-0.1,-2,-0.1,0.3,-0.9,0.8,3.1,-0.1,-0.3,0,0,-0.1,0.5,-0.1,-0.1,-1.2,-1.5,0.2,-0.2,-0.3,0.4,-0.4,-0.4,-0.4,-0.4,0.3,-0.7,-0.4,-1,0.1,0.3,-0.3,-0.1,-0.3,-0.3,-1.1,0.8,0.2,-0.4,0.1,-0.3,0.3,0.1,0,-0.6,0,0,-0.7,-0.4,0.9,2.1,-1.7,0.4,0.2,0.3,-0.3,0.4,0.2,0.5,0.1,0,-0.1,0.2,0.1,0.2,0.4,-1.7,0.3,0.3,0,0.2,-0.5,0.1,-0.1,-0.2,-0.9,0,-1.1,-1,-0.1,1.9,0,-0.1,-0.2,0.2,-1.2,1.6,0,-0.2,0.1,0.2,0.1,-0.2,1.4,0.8,0.4,-0.9,-0.1,-0.3,-0.6,0,-0.7,-0.2,-0.1,0.2,-0.4,-2.3,-0.7,-0.5,0.3,-0.5,-0.2,0.1,-0.3,0.1,0.1,-0.3,0,-0.1,-0.2,-0.2,0.1,0.4,0.2,-0.6,-0.1,0.2,-1.7,-0.2,0.1,-0.1,0,0.2,-0.6,-0.4,-0.2,0.1,-0.1,-0.1,-0.8,0.4,0,-0.1,-1,0,0.4,-0.5,-0.2,-0.6,0.2,-0.3,-0.7,0.3,0.1,-0.2,0.3,-0.3,0.6,-0.2,0.7,-0.2,-0.7,-1.2,-0.2,-1,3.2,0.4,0.4,-0.1,-0.6,-1,-0.3,-0.1,0.1,-0.2,-1.1,-0.1,0.3,-0.4,-0.9,-0.3,0,-2.7,-0.1,-0.2,0.2,0.2,0.4,-0.4,-0.7,-0.6,0.1,0.2,1.4,-0.1,0.4,-0.4,-0.1,-0.1,2.1,0.4,-0.3,-0.6,-0.3,0.2,0.2,0,-0.1,0.3,-0.6,-0.6,0.1,-0.9,-0.1,-0.5,-0.1,-0.2,0,0.5,0.1,0,-0.1,0.1,0.2,0.1,0.1,-0.8,0,-0.2,-0.2,0.1,-0.3,-0.1,-1,-0.2,-0.6,-0.6,0.5,0.5,0,1.2,1.2,0.2,-1,-0.7,-0.1,0.4,-1.4,0.1,-0.2,-0.4,0.6,-0.5,0.5,-0.5,0.1,0.1,-0.5,-0.1,-0.1,0,0.1,0.5,0.5,0.8,-0.3,-0.2,0.6,-0.1,-0.2,-1.4,0.6,-1.4,0.1,-0.5,0.1,-0.3,0.1,0,0.3,-0.5,-0.3,0.4,1,-1,0.2,-2.6,0,-0.1,-0.6,-0.2,-0.4,0.2,0.2,-0.5,-0.6,0.1,0.1,0.3,-0.4,0.2,0.2,-0.1,-0.2,-0.1,-2.1,-0.2,-0.8,0.5,-0.1,-0.4,1.3,0.9,-0.1,-0.4,-0.1,1.2,-0.1,0.4,0.1,0.2,-0.2,-0.4,-0.5,-1.8,-0.2,0.4,0.3,0,-0.4,0.2,-0.2,0.5,1,-0.8,0.4,0.2,0.7,-0.6,0.6,-0.5,0.1,1,-0.1,0.2,-0.1,0.3,3,0,0.8,0.2,-0.6,0,0,0.6,-0.6,-0.3,0.8,0,-0.4,0.2,0,1.1,0.5,0.9,-0.5,0.1,-0.3,0,-0.9,0.6,-0.2,-1.4,0.2,-0.2,-0.1,0,0.8,0.3,-0.1,-0.2,0.2,-0.2,0,-1.3,-0.2,0.1,-0.2,-0.7,-0.4,-0.2,-1,1.5,0.9,-1.5,0.1,-0.9,0,-0.5,-0.7,0.5,0,-0.4,0.2,-0.1,0.2,0.2,-0.1,-0.9,0.3,0.7,0,0.2,-0.2,0.4,-0.1,-0.1,0.1,0.1,0.1,0,-0.7,1.8,2,-0.4,0.4,0.1,0.6,0.2,-0.3,-0.3,-0.5,0,0.6,-0.1,-0.4,-0.6,-0.5,-0.3,0.3,0.2,-0.2,-0.1,-0.6,-0.5,-0.1,-1.1,0.4,0.1,-0.8,0.8,-0.5,-0.1,-0.2,0.2,0,0.4,0.2,0,-0.8,0.4,0.1,0.2,0.2,-0.2,0.5,0,0.3,-0.3,0.1,-0.1,0,1,-0.1,0.5,0.5,0.3,0.2,0,-0.4,-0.6,-0.2,1.1,0,0,0,-0.3,-0.6,-0.9,0.1,-0.5,0,-0.4,0,0.5,-0.1,0,-0.7,0.1,0.1,0,0.5,-0.3,0.1,0.5,0.4,-0.3,-0.2,0.5,0.1,-0.5,0.1,0.1,0,0.1,0,0.4,0.2,0,-0.2,0.9,0.2,-0.3,-0.2,0,0.3,0.2,2,-0.5,0,0,0.3,0,-0.2,-0.2,-0.6,0.1,-0.1,0.7,-0.2,0,-0.1,-0.1,-0.2,0,-0.3,-0.2,-0.5,-0.3,0.5,0.1,-0.8,-0.4,0,-0.7,-1.1,1.1,-0.3,0,-0.2,0.3,0.3,0.3,-0.4,-0.1,-0.4,-0.3,-0.1,0,-1.3,0,-0.2,-0.4,0.9,0.3,-0.6,-0.2,-0.4,-0.2,-0.5,-0.3,0,0.3,0.6,-0.1,-0.7,-0.1,-0.1,-0.1,1,0.8,-0.3,-0.1,0.5,-0.2,-0.2,-0.3,-0.1,-0.2,-0.4,-0.1,0,-0.4,-0.3,-1,-0.3,0.1,-0.2,0.3,-1,-0.4,-0.7,-0.1,0.3,0.3,-0.1,0.4,-0.3,-0.7,-0.4,0,0.6,0.3,-1.1,-0.3,-0.5,0.3,-0.1,-0.3,-0.1,0.2,0.4,-0.1,-0.2,0.3,0,0.1,0.2,0.7,1.5,-0.6,0.3,-0.1,0,-0.4,0.1,-0.6,-1.2,0.1,0.1,-0.3,-0.3,0.1,-0.1,0.1,0.3,0,-0.2,-0.6,0.6,-1.8,0.1,-0.2,0,-1,0,1.3,0.2,-0.4,1,-1.7,0.1,0,0.6,1.4,-0.3,-0.2,0.1,-0.2,-0.5,0,-0.2,-0.1,0.4,-0.1,-0.4,0,0.2,-0.3,-0.2,-0.1,-0.4,-0.3,-1.1,-0.1,-0.1,-1.6,0.1,-0.5,0.3,0.8,0.7,-0.2,0.2,-0.4,-0.5,-0.3,0.1,-0.7,1.7,-0.5,-1.3,-0.5,0.1,-0.6,-0.4,-1.3,-0.4,-0.1,0.4,0.3,1.2,0,0.9,0.4,0.3,-0.3,0,-0.2,-0.7,-0.3,0.5,0.2,-0.6,0,0,-0.6,-1.3,-0.5,0.3,0.7,-1.2,-0.4,0.4,-0.7,-0.6,-0.3,-0.3,0.3,-0.8,-0.3,-0.2,-0.7,0.4,-0.1,-0.8,-0.1,0.2,0.1,0.3,0,-0.6,0.1,-0.2
HELA,BRD-K64857848,COc1cc(ccc1Nc1ncc2N(C)C(=O)c3ccccc3N(C)c2n1)N1CCN(C)CC1,0.1,0.5,-0.6,-0.4,0.3,-0.2,0,0.1,0.1,-0.4,0.1,-0.3,0.5,-0.3,0.4,0.5,0.1,0.4,0.2,-0.5,0.5,0.1,-0.4,0,-0.2,0.1,-1,-0.3,0,0.2,-1.1,0.2,-0.2,-0.2,-0.7,0.5,-0.4,-0.3,0.5,0.2,0.5,0.7,-0.1,0.1,0.1,0,-0.5,0.6,0.1,1.1,-0.1,-0.1,0.5,0.2,0.3,0.5,-0.3,0.1,-1.4,-0.7,-0.2,-0.3,-0.5,0.1,-0.1,0.1,0.3,-0.3,-0.7,0.2,-0.1,0.3,-0.3,-0.1,0,-0.3,-0.2,-0.2,0.1,0.7,-0.2,-0.3,0.3,0.3,0,0.5,0.1,0.5,0.5,0.5,-0.3,-1.5,-0.4,0.7,0.4,0.1,-0.4,-0.1,0.3,-0.1,0.9,-0.9,0.6,0.5,-0.8,-0.7,0.4,0.2,-0.6,-0.7,-0.8,0.7,-0.3,-0.4,0.6,0,0.2,-0.1,0.2,0.2,-0.2,0,-0.7,-0.5,0.2,0.6,0.2,0.4,0,0.3,0.2,-0.1,0.8,-0.2,-0.3,0,-0.5,0,-0.2,0.3,0.3,-0.3,-0.5,-0.3,0.3,-0.4,-0.2,-0.3,0.5,0.2,-0.2,0.8,0,0.7,0.6,0,-1.3,0.5,0.2,0.2,-0.4,0.7,0.1,-0.2,-0.2,0,-0.3,0,-0.5,-0.3,-0.3,0.6,-0.3,0.1,0.6,1,0,0.1,-0.2,-1.1,0.2,0.3,0.5,-0.5,-0.1,-0.2,0.3,-0.3,0.7,0.1,0.3,0.1,-0.3,0,0.2,0,-0.3,0,0.2,0.5,0.3,-1.8,-0.2,-0.2,0,0.1,-0.1,0.5,0.4,-0.4,-0.5,-0.3,0.2,0.4,-1.2,0.3,0.1,0.5,-0.5,0.1,0.2,-0.3,0.1,0.4,0.6,-0.4,-0.3,0.6,1.2,0.1,-0.4,0.3,-0.5,0.2,0.3,0,-0.2,-0.2,0.1,0.2,-0.2,0.7,0.1,0.2,0.5,0.3,0.3,0,-0.4,-0.4,-0.1,0.2,-0.5,0.3,-0.3,-2,0,0.6,-0.1,0.2,1.4,0.1,-0.2,0.5,-0.2,-0.1,0.1,0.2,0.1,0.3,0.1,0.3,-0.5,0.1,0.3,0.6,-0.2,0.2,0.1,0.5,0.2,0.3,-0.2,-0.2,-0.3,-0.1,0.5,0.5,-0.3,-0.9,0.2,-0.1,0.2,-0.2,-0.6,0.8,0.5,-0.1,0.1,0.1,-0.1,0.1,-0.3,0,-0.5,-0.1,0.4,-0.9,0.1,0.6,-0.4,0.1,-0.2,-1.9,-0.5,1.1,0.1,0.5,0.5,0.4,-0.5,-0.3,-0.1,0.4,0.1,0.2,0.5,-0.1,0.2,-0.1,0.3,-0.1,-0.2,0.3,0.2,0.4,0,0.7,-0.6,0.5,0.8,-1.3,-0.1,0.3,0.4,0.1,0.3,0.3,0,-0.3,0.2,0.2,0.1,-0.4,0.4,0.3,0.3,-0.1,0.5,-0.5,0.3,0.6,0,0.6,0,0,0.3,0.2,-0.2,-0.3,-0.4,0,0.1,-0.2,-0.1,-0.5,0.2,-0.1,0,0.4,0,0.7,0,-0.1,0.2,-0.6,-0.1,0,0,0.2,-0.1,0.5,-0.1,-0.3,0,0.4,-2.8,-0.2,-0.2,0.9,0,0.1,0.4,0,-0.8,-0.2,-0.1,-1.4,-0.1,0.4,0,0,0,0,0,-0.4,0.4,-0.1,-0.2,-0.5,0.3,-0.4,0.4,0.4,-0.2,0.4,-0.7,-0.2,0,0,0.1,-0.1,-0.4,-0.2,0.1,-0.5,0.1,0.6,0.5,0.3,0,-0.2,-0.3,0.6,0.4,-0.1,0,-0.8,-0.3,-1.2,-0.3,-0.1,-0.4,0.1,0,-0.8,-0.3,0.9,0.4,0,0.3,-0.3,-0.2,0.3,0.1,-0.5,-0.2,0.5,-0.2,-0.4,0.4,-1.8,-1,-0.4,-0.5,-0.9,-0.2,0.3,-0.3,-0.5,0.2,0.3,-0.1,-0.1,0.8,0,0.2,0.5,0.7,1.3,-0.5,-0.3,0.7,0.6,0.1,0.4,-0.2,-0.4,0.1,0,-0.5,0.9,0,0.9,0.1,0,0.1,0.3,-0.1,-0.4,0.2,0.4,0.2,-0.5,-0.1,0.5,-0.6,0.3,-0.1,-0.3,0.7,-1.3,0.8,0.4,0.5,-0.1,-0.9,-0.1,0.1,0.4,-1,0.3,0.2,-0.3,0.3,0.2,0.1,-0.1,0.3,-0.6,0.3,0,0.4,0.4,-0.3,-0.3,0.6,-0.3,-1.1,0.1,0.1,-0.1,-0.5,-0.1,-0.9,0,-0.2,-0.6,0.5,0.3,0.1,-0.1,0.3,0.2,0.2,-0.5,0.4,0.6,1,-0.1,0,0.2,-0.1,0,0.4,0,-0.2,-0.8,0,-0.1,-0.2,-0.4,-0.1,-0.3,0,-0.1,0,0.5,-0.2,0.2,0.5,0,0.4,-0.1,0.5,-0.1,-0.1,-0.2,-0.3,-0.2,-0.2,-0.2,-0.3,0.3,0.1,-0.6,0.3,0.8,-0.1,0.3,-0.3,0.1,0.2,-0.5,0.9,0.2,0.4,0.1,0.2,-0.5,-1.1,-0.2,0.1,0.5,0,-0.6,-0.8,-0.1,0,0.3,0.5,0.1,-0.1,0.3,0.1,0,-0.4,-0.9,-0.2,0.2,0.2,-0.4,0.1,0.3,0,0.6,-0.2,0.2,-0.3,0.5,0.3,-0.9,0.4,0.3,0.8,0,0.4,0,-0.1,0.4,-0.2,0.7,-0.1,0.4,0.2,0.2,-0.3,-0.3,0.2,0.4,0.2,0,0,-0.6,-0.2,0.5,0,-0.5,0.2,0.3,0,-1.3,-0.1,-0.3,-0.3,0.5,0.3,0.1,-0.6,-0.2,-0.1,-0.4,0.4,-1,-0.4,0.2,-0.3,-0.7,-1.6,0.4,0.4,0.2,0.1,0,-0.8,0.5,0.7,-0.6,0.4,0.1,-0.3,-1.1,-0.2,0.5,-0.1,0.3,-0.1,0.1,-0.3,-0.1,-0.1,0,-0.1,-0.1,0.2,0.3,-0.3,0.2,0,-0.1,0.1,0.1,-0.2,0,0.3,-0.3,-0.3,0.1,0.4,0.3,-0.5,-0.2,0,0.4,-0.3,-0.1,0.7,0,0.2,0.5,-0.5,0.2,-0.7,0.1,0.8,0.1,-0.2,0,0.1,-0.3,-0.1,0.4,0.8,-0.2,0.5,0.4,0.5,0.4,0.2,-0.4,0.1,-0.3,0.2,0.6,0.1,0.2,0.7,-0.3,-0.5,0.2,0.7,0.2,0.2,0.8,-1,-0.5,-0.4,0.5,-0.3,0.3,0.1,0.4,-0.1,0.3,0.4,0,-0.1,0.1,-0.1,1.1,0.7,0.1,0.2,0.4,0,0.2,0.1,-0.7,-0.5,-0.2,0.1,-0.3,0.3,-0.1,0.1,0.1,0.1,0,-0.5,0.1,0.1,0.3,1,-0.5,0.3,0,0,0.2,0.2,0.2,0.5,0.3,0.1,0,-1.1,-0.1,-0.6,-0.2,0.2,-0.2,-0.3,-0.2,0.2,0.4,0.2,0.2,0.2,0.2,0,0.3,-0.3,-0.3,0.4,-0.3,0.2,0.2,0.9,-0.1,0,0.2,0.1,-0.2,0.4,0,0.1,-0.2,0.5,0,0.4,0.1,0.1,0.2,0.1,-0.1,-0.3,0.7,-0.5,0.1,0,-0.3,1,-0.1,-0.4,-0.2,-0.5,0.2,0.2,-0.1,-0.2,-0.1,-1.1,0.2,0.1,0,1.2,-0.2,-0.2,0.2,-0.1,-0.2,-0.1,0.1,-0.4,0.2,0.3,-0.3,-0.2,-0.7,0.1,0.2,-0.1,0.3,0.3,0.1,0.1,-0.5,0.1,0,-0.8,0.1,-0.5,0.4,-0.5,0,0,0.1,-0.1,-0.9,0.2,-0.5,-0.6,-0.1,-0.3,1.1,0.7,0.4,0.3,0.2,0.4,0.5,0.1,0.2,-0.1,0,-0.1,-0.1,-0.1,-0.3,0.3,-0.2,-0.2,-0.2,0,0.1,0.6,-0.2,0.1,-0.2,0,0.3,1.5,-0.5,0,-0.4,0.1,0,-0.5,0.1,-0.1,-0.3,0.3,-0.3,-0.1,0.2,0.1,0.1,0.3,0.5
HELA,BRD-K66538826,S=C(NCc1ccc2OCOc2c1)N1CCN(CC1)c1ncnc2c3ccccc3oc12,0.6,-0.1,0,0,-0.1,0.2,-0.1,0,0.1,-0.1,-0.2,0,0.1,-0.2,-0.1,0.3,0.1,-0.1,0.1,0,0,-0.1,0,0,-0.2,0.2,0.2,-0.2,-0.2,0.1,0,0.2,-1,0,0.3,0,0.1,0,-0.1,0.2,0,0.5,0,0,-0.1,-0.1,-0.2,0.1,0.2,-0.2,0,-0.1,-0.2,-0.1,-0.1,0.1,-0.2,-0.1,-0.3,0,0,-0.1,-0.2,0.2,-0.1,0.2,-0.1,0,-0.2,0,0,0.2,-0.1,-0.1,-0.1,0,0,-0.2,-0.1,-0.1,0,-0.1,-0.1,0,-0.3,0.2,0,0.2,0.1,0.3,0.1,-0.1,0,-0.1,-0.2,-0.3,0.2,-0.2,0,0.3,0,0.1,-0.2,0.4,0,0.1,-0.2,0,0,0.2,-0.4,0.4,0.2,0,0.2,0,0.1,-0.2,-0.2,0,0.1,0.2,0.2,-0.3,0.1,0.2,-0.1,0.1,0,0.2,0,0,0.1,0.4,-0.3,0.1,-0.1,-0.1,0.2,0.1,-0.1,0.4,0.2,-0.4,0,-0.1,0,0,-0.5,-0.1,-0.1,0.1,0.1,-0.2,-0.1,0.2,0,-0.3,-0.1,-0.1,0,0.1,0.4,0.1,0,0.2,0.2,0.1,0.1,0.1,0.1,0.3,0,-0.1,0.2,-0.2,-0.4,-0.1,0,-0.4,0,-0.1,0.1,0.1,0.1,-0.3,-0.1,-0.2,0,0,0,0.3,0,0.2,0.1,0.2,0.1,-0.1,-0.1,-0.1,0,-0.2,0.1,0,0.2,-0.2,-0.1,0.1,-0.1,0,-0.3,-0.1,0.1,0.1,0.1,0.2,-0.1,0,-0.6,0,0,0,-0.1,0.1,0,-0.2,0,0.1,-0.6,0,0,0.3,-0.7,-0.1,0,-0.1,0.2,-0.1,0,-0.1,-0.1,0.1,-0.2,0.2,0.1,-0.1,0,0.2,-0.1,0,0.1,0,-0.2,0,0.1,0.3,0.1,-0.2,0.2,0.1,-0.1,-0.1,0,-0.2,-0.3,-0.2,0.3,-0.1,-0.1,-0.3,0.6,-0.2,0,0.2,-0.1,-0.1,-0.1,-0.1,-0.3,0.2,-0.1,-0.2,0,0.1,0.3,-0.1,0.3,-0.3,-0.1,-0.2,-0.3,0.1,-0.1,0,0.1,0,0.9,-0.1,0,0,0.2,0.1,0.2,0.1,0.1,-0.1,-0.1,0,-0.1,0.1,-0.1,-0.2,0,0,-0.1,0.3,0.1,0.3,-0.4,0.2,0.2,0.1,0,-0.1,0.1,0.1,-0.1,-0.1,0,0,-0.1,0.1,0,0.1,0.1,0,0.1,0.1,0.1,0.1,0.7,-0.1,0,0,0.1,0.2,0.2,0.2,0.1,-0.1,0,-0.1,0.1,0.2,0,-0.2,-0.2,0.2,0,0.7,0,0,0,0.2,-0.1,0,-0.1,0.1,0.2,-0.1,0,0.7,0.1,-0.2,-0.2,-0.4,0.1,0.1,-0.1,0.2,0.1,0,-0.1,-0.2,0,0.1,0,-0.2,0.1,-0.1,-0.1,-0.2,-0.1,-0.1,0.1,-0.1,-0.3,0.1,0,-0.1,0,0,-0.1,0.2,-0.2,-0.1,-0.1,-0.3,-0.2,0.1,-0.3,0,0.2,-0.1,0.1,0.1,0.1,-0.3,-0.1,-0.1,0.1,0,-0.1,0.2,0,-0.1,0.1,0,0,-0.2,0.1,-0.1,0.1,0.2,-0.3,0,0,0,-0.1,-0.5,0.1,-0.1,0.1,0,-0.1,0.1,-0.1,-0.1,-0.2,0.1,-0.1,-0.2,0.1,0,-0.1,-0.1,-0.2,-0.2,-0.1,-0.1,0.1,0.2,0.1,-0.1,0.2,0.4,0.2,0.2,-0.1,0.4,-0.1,0.1,0,-0.1,0,-0.2,-0.2,0,0.1,0,0,-0.2,0.1,0,0,0,0,0.1,0,-0.2,-0.1,0,-0.1,-0.2,-0.1,-0.2,0.2,-0.2,-0.1,0.1,-0.3,-0.2,0,-0.1,0.1,0.2,0,-0.5,0,0,-0.1,-0.2,0,0,0,-0.4,0,-0.1,0.1,-0.6,0,0,0,0.1,0,0.1,0.2,-0.2,0,0.1,0.2,0,0,0.4,0.1,0.1,0,-0.2,-0.2,-0.1,-0.1,0.3,-0.3,0.1,0,0.1,0.1,0,-0.5,0,0,0,-0.2,-0.2,-0.2,0.1,0,-0.1,0.1,-0.3,0.1,-0.3,0,-0.1,0,-0.2,0.1,0,0,0,0,0,0.1,-0.3,0.1,0,0.3,0.3,0,0.1,-0.3,0.1,0.1,0,0.2,-0.2,0,-0.2,-0.1,0.1,0,0,-0.2,-0.2,-0.8,-0.1,-0.1,-0.1,-0.1,0,0.1,-0.3,0.2,0,-0.2,0.1,0.2,-0.3,-0.1,0,0,0,0,-0.2,0,0.1,-0.1,-0.4,-0.1,0,0,0,0,-0.2,-0.3,0.2,0,0.1,-0.1,-0.1,0.1,0.1,0.1,-0.2,1.4,0.1,0,0,0.2,0.3,0,0,0.2,0.1,0,0,0,-0.2,0.2,0,-0.1,-0.1,-0.1,0,0.2,-0.1,0.1,0.2,-0.1,0.1,-0.3,0.1,0,0.2,-0.1,-0.1,0,-0.1,0.7,-0.3,0.2,0.1,0.1,-0.2,-0.1,0.2,-0.2,0,0,0,-0.1,0.1,0,0.1,0.1,-0.1,-0.1,0,0.1,0.1,0.1,0.1,-0.1,-0.1,0.1,0.1,0.2,0,-0.1,-0.3,0.3,0.1,-0.3,0.1,0.5,0.1,-0.1,0.4,-0.2,0,0,-0.1,0,-0.2,-0.3,-0.3,-0.2,0.1,-0.1,0,0,0,0,0.1,0.1,0.3,-0.1,-0.1,0,-0.2,0.1,0.1,0,0.1,-0.2,0.1,0,0.1,-0.2,-0.1,0,0.1,-0.1,-0.1,-0.1,0.1,-0.1,-0.2,-0.2,0.1,0.1,-0.3,0,-0.1,0,-0.1,0.1,-0.1,-0.1,0.1,-0.2,0.2,-0.2,0.2,-0.2,-0.2,0,0,-0.3,0,0,-0.1,-0.2,-0.2,0,0,-0.1,0.1,0,-0.1,0.1,0.2,0,-0.6,0.1,0.1,-0.1,0.2,0.1,0.1,0.4,-0.1,0.7,0,0.4,0.2,-0.2,0,0,0.3,0,-0.1,0,-0.2,-0.1,0,-0.1,0.1,0.2,0.3,0.1,0,0.1,-0.1,-0.1,0,-0.1,-0.1,0.2,-0.1,-0.3,-0.1,0.4,0,0,0.1,-0.1,0.2,0.2,0.3,-0.1,-0.1,0,0.1,0,0,0.2,-0.1,0,0.1,0.2,0.3,-0.1,-0.1,0,0.1,-0.1,0,0.1,-0.1,0.1,0,-0.1,0,0.4,0,0,0,-0.2,-0.1,-0.1,0.2,-0.3,0.2,0.4,-0.1,0.1,-0.2,0,0.1,-0.1,-0.1,0.2,-0.1,0.1,0.1,-0.2,0.1,0.3,-0.5,-0.2,0,0,0.1,-0.1,-0.2,0,-0.1,-0.1,0,0,0.1,-0.1,-0.2,-0.3,-0.1,0.1,-0.2,-0.1,-0.1,-0.1,-0.2,-0.2,-0.3,0.3,-0.4,0,0,0.1,0.2,-0.2,0,0.2,-0.1,0.3,-0.1,0,-0.4,0,-0.1,0.2,-0.1,-0.1,0.1,0,-0.1,0.2,-0.4,0,0,-0.1,-0.1,-0.1,0.1,0.8,-0.1,-0.1,-0.1,-0.7,0.2,0,0.1,0,-0.1,0.1,0.2,-0.2,0,0.1,0.1,0.1,0.1,0.4,-0.1,0.1,0.1,-0.2,-0.2,-0.5,0,-0.2,0,0.3,0,0.1,0,-0.2,0,0,0.1,-0.1,0.1,-0.1,0.1,-0.3,0.1,0,-0.2
MDAMB231,BRD-K07691486,CC[C@H](CO)Nc1nc(NCc2ccccc2)c2ncn(C(C)C)c2n1,0,0.1,0.2,0.2,-0.3,0,-0.1,0.1,-0.2,-0.1,0,-0.2,0,0.4,0.4,-0.2,-0.2,0,0.2,0.1,0.3,0.1,0,0.3,0.2,0.1,0,0.1,0.6,0,0.1,-0.1,-0.4,0,-0.2,0.4,0,0.6,0.4,0.7,0.4,0.1,-0.7,0,0.1,0.3,0.3,0.1,0.1,0,-0.2,-0.3,-0.2,0,0.1,0.5,0.3,0.3,-0.5,-0.3,0.1,0.1,0,0.2,-0.1,0.2,0.1,-0.1,-0.1,0,-0.4,-0.2,0.2,0.2,0.4,-0.1,-0.2,-0.2,-0.1,0.4,-0.7,0,-0.1,0,0.2,-0.2,-0.2,0.6,0,-0.2,0.2,0.4,-0.1,-0.5,0,0.3,-0.2,0,-0.5,0.1,0.2,0,0.3,0.4,0,0.8,0.1,0.2,-0.3,0.2,0.2,-0.1,-0.4,-0.1,0.3,-0.1,0.1,0.2,-0.2,0.2,0,-0.1,0.3,0.2,0.5,-0.2,-0.1,-0.2,0.2,0.2,-0.1,0,0,-0.3,0,-1.1,0.2,0.3,-0.3,0.2,-0.1,-0.2,0.2,0.2,0.1,0.3,-0.4,-0.3,0.3,0,0.2,0.2,0.2,0,-0.2,0.6,0.1,0,0,0.1,0.1,0.2,-0.4,-0.4,0.2,-0.3,-0.3,0,0.1,0,-0.1,0.1,0.1,0.1,0,0.1,-0.1,0.2,-0.1,0.2,0.5,0.4,0.3,0,0.2,0.1,-0.1,0,0,0,0,-0.2,-0.1,0,-0.2,0,0.3,0.5,0.4,0.1,0.4,0.2,0,0.2,-0.1,-0.3,0.1,-0.7,0,0,-0.1,-0.6,0,0.1,-0.1,0.1,-0.3,0.3,0,0.5,-0.4,-0.2,0.3,0,0.2,0.1,-0.1,-0.3,0,0,-0.2,0.1,-0.1,-0.2,0,0.1,0.1,-0.5,-0.2,0,-0.2,-0.1,0.3,0,0.2,0,0.5,0,-0.5,-0.1,-0.6,0.1,-0.3,0.1,0.1,0.2,-0.1,0,0.3,-0.2,0.4,-0.2,0,-0.7,-0.4,-0.1,-0.2,0,0.2,0,0,0,0.5,-0.4,-0.1,0.1,0,-0.1,0,0,-0.3,-0.1,-0.2,-0.1,0.3,-0.2,0.1,0.1,0,-0.3,0.1,0,0.2,0,0.1,-0.1,0.1,-0.6,-0.1,0.1,-0.3,0.7,0.1,0.5,-0.1,0.3,-0.1,1.2,0.2,-0.1,0,-0.1,0.4,-0.2,-0.2,-0.4,-0.3,-0.2,0.3,-0.3,-0.7,0,-0.2,0.1,-0.5,0.2,0.3,0,-0.1,-0.1,0.2,0,0.1,0.2,0.2,0.2,0.1,0,0,0,0.4,-0.2,0.2,0.1,-0.2,0,-0.3,-0.4,-0.2,-0.2,0,0.1,0.1,-0.3,-0.2,0.3,-0.1,0.7,0,0.3,-0.1,-0.2,0.2,0,0.3,-0.1,-0.3,-0.6,-0.6,0.5,0.2,-0.2,0,0.3,-0.1,0,-0.3,0.2,0.2,-0.2,-0.1,0.2,0.1,0.1,-0.6,-0.2,0.1,0,-0.1,0.1,-0.3,0,0,0,0,0.1,0.2,-0.2,-0.2,0.3,-0.1,0.3,-0.6,0,0.4,-0.2,-0.1,0,0.3,0,0.1,0.3,0,0,0.1,0.2,-0.4,0,0,-0.3,-0.3,-0.1,0.2,0,0.3,0.3,-0.2,0.1,0.1,0.6,-0.4,0.1,0.2,0.4,0.4,0,0.7,0.1,0.3,0.2,-0.6,0.1,-0.3,-0.4,0.1,0,-0.1,-0.3,0.2,0,-0.1,-0.3,0.4,-0.1,0.3,-0.3,0.1,0.1,0,-0.1,0.2,-0.6,0.1,0.3,-0.3,0.1,0.5,0.2,-0.1,-0.1,0.3,0.1,-0.4,-0.3,-0.1,0.2,-0.1,-0.1,0.3,-0.5,-0.8,0.2,-0.2,-0.2,-0.3,0,0,0.1,-0.5,0.2,0,0.1,0.2,0.1,-0.3,0,0.4,0.4,-0.4,0.1,0.2,0.2,-0.1,0.2,-0.4,-0.8,0.3,0,-0.3,-0.3,0.4,0,0,-0.1,0.1,-0.1,-0.1,-0.2,0.4,0.1,0.1,0.1,-0.1,-0.1,0.3,0.8,0.1,0.1,0,0,0,0.4,0.2,0,-0.3,-0.4,-0.4,0.1,0.3,0,0.2,0,0.4,-0.5,0,-0.3,0.2,0.2,-0.1,0,-0.2,0.3,-0.2,0.2,-0.3,0,-0.1,0.1,0.3,-0.4,-0.3,0.1,-0.2,-0.1,-0.1,-0.1,-0.1,-0.4,-0.2,0.2,-0.1,0.1,0.5,0,0.2,0,-0.2,0.2,-0.3,-0.4,0.3,-0.1,-0.1,0.1,0.2,0,-0.4,0.4,0,0.2,-0.3,-0.2,0.2,-0.1,0.1,0.2,-0.2,-0.1,-0.1,-0.3,0.2,0.3,0.3,-0.3,-0.1,-0.3,-0.1,0,-0.3,0.1,0.7,-0.1,0.2,0.3,0.4,0.1,-0.4,0,0.3,-0.3,0.2,0.1,-0.3,0,-0.1,0.1,0.1,0.1,0.3,0.1,-0.4,-0.3,-0.1,0.2,0.1,-0.7,0.1,-0.2,-0.4,-0.6,0.2,0.1,0.1,0.4,0.4,0.5,0.2,0.3,-0.1,-0.2,-0.1,-0.5,0.7,0.3,-0.2,-0.2,0,-0.3,0.2,0.4,0,-0.5,0.1,-0.3,0,0,-0.1,0.4,-0.5,0,0.2,0.1,0.1,0,-0.4,0,0.2,0,-0.2,-0.2,0.1,0.1,-0.3,0.1,-0.8,0.3,-0.2,0,0,0.3,0.3,0.6,0.4,-0.4,-0.3,0.1,0,0,0.4,0.1,-0.5,-0.3,0.1,0.5,-0.1,0.1,0,0.3,0.6,0,0.3,0,-0.1,0,-0.3,0.3,-0.1,-0.3,0.2,0.1,-0.1,0.1,0.2,-0.1,-0.8,-0.2,0.2,-0.1,-0.1,0.2,-0.2,0.1,-0.2,-0.2,0.1,0.1,-0.1,0.2,-0.1,-0.2,0.2,-0.1,-0.5,-0.2,-0.1,-0.2,-0.1,-0.4,-0.1,0.3,0,0.3,0.3,0,0.2,-0.1,0.3,0,-0.4,-0.1,0.1,-0.2,0.2,-0.1,-0.3,0,0.2,0.1,0,0,0.3,-0.1,0.5,-0.5,-0.2,0.1,0,-0.5,-0.4,0.2,0.1,0,0,0.5,0.5,-0.5,0.4,0.2,0.2,0.1,0.1,0,0.1,-0.1,-0.6,-0.3,0.4,0.2,0.2,-0.4,-0.2,0,0.2,-0.1,-0.4,-0.5,-0.3,0,0.1,-0.2,0.1,0,0.4,0.1,-0.1,0.1,0.2,-0.1,-0.3,-0.3,0.2,0.1,-0.3,-0.6,-0.1,0.1,0.2,0.1,0.2,-0.2,-0.2,0.3,-0.3,-0.1,-0.1,-0.3,-0.1,-0.3,-0.1,0.2,-0.1,0,0.1,-0.3,-0.2,0,0.2,-0.3,0.1,0.3,0.4,0,-0.1,0,-0.2,0.2,-0.6,-0.1,0,-0.2,-0.4,0.6,-0.4,0.6,-0.1,-0.2,0.3,-0.3,0.1,-0.3,-0.3,0.3,-0.2,-0.1,-0.4,0.2,0.2,0.2,0.1,0.3,-0.5,0.2,-0.1,0.3,0.3,-0.2,0,0.2,0,0.4,0.5,-0.1,-0.1,-0.1,0.4,-0.2,0.4,0.3,0.2,-0.2,-0.2,-0.3,0.1,-0.1,0,0.6,0.2,-0.6,0.2,0.1,0.2,-0.3,-0.2,0.1,0.2,0.3,-0.1,0.4,-0.3,-0.4,-0.5,0.1,-0.1,-0.1,0.2,0.2,-0.5,0.4,0.4,-0.8,-0.2,-0.2,-0.3,0.6,0.4,0.3,0.1,0.3,0.1,0.2,-0.2,1,0.4,0,0.1,0.1,0.2,-0.2,0.5,0.1,-0.2,-0.2,0.8,0,-0.1,0.1,-0.1,0,-0.2,0.5,0.8,0.3,-0.2,-0.3,-0.5,0.6,0.1,0.1,-0.4,-0.2,0.1,-0.1,0.1,-0.1,-0.3,0.2,-0.1,0.1
MDAMB231,BRD-K68191783,Cc1cn(cn1)-c1cc(cc(c1)C(F)(F)F)C(=O)Nc1ccc(C)c(NC(=O)c2ccno2)c1,0,-0.1,-0.1,0.2,0.2,-0.2,-0.2,-0.1,0.3,-0.6,-0.1,0.2,0,-0.2,-0.2,-0.2,-0.2,0.4,0.3,-0.3,-0.2,0.2,-0.3,-0.3,0.1,0.6,-0.7,0.1,0.6,-0.3,0.1,0.2,-0.3,-0.4,-0.4,-0.6,0,0.2,0.1,-0.4,-0.3,-1.1,-0.4,-0.1,0.4,-0.1,-0.2,0,0.1,-0.4,0.2,-0.5,-0.6,0.1,0.6,0.8,0.4,0.1,-0.1,-0.3,0.1,0.3,-0.2,-0.2,-0.5,0.6,0,-0.5,-0.2,0.1,-0.1,-0.9,0.1,-0.4,-0.1,-0.2,-0.1,-0.2,-0.2,-0.2,-2.6,-0.4,0.1,0.4,0.2,-0.1,0.2,0.9,0.4,-0.1,-0.1,0.1,0.2,-0.1,-0.1,0,0.4,-0.2,-0.7,0.4,-0.1,0.1,0.5,0.2,0,0.3,0.2,0.7,-0.3,0,0.1,0.7,-0.6,0.1,0.4,-0.1,-0.2,0.1,0,0.7,-0.5,1.1,0.1,0.2,-0.2,-0.7,0.3,0.1,0.5,1,0,-0.5,-0.4,-0.5,-0.2,-0.7,-0.3,-0.4,-0.1,-0.1,-0.1,-0.2,0.6,0.4,-0.1,-0.1,-0.5,-1.1,0.1,-0.1,-0.1,0.1,0.3,0.1,0.9,-0.3,0.2,0.6,0.2,-0.2,-0.3,0.9,0.2,0.2,0.2,-0.5,-0.1,0,0,-0.1,-0.6,-0.2,0,-0.1,-0.2,-0.1,0.2,0.2,-0.5,-0.4,0.5,0.3,0.6,0.1,0.4,0,-0.4,0.3,-0.1,0.1,-0.2,-0.4,-0.3,0.1,-0.1,-0.1,-0.3,-0.4,-1.3,0.2,0.3,0.1,0,-0.2,-0.1,-1,0.1,0.5,0,0.1,0.1,-0.3,-0.2,-0.2,-0.4,0,-0.4,0.5,0.2,0.4,0.2,-0.3,-0.4,-0.3,0,0.8,-0.2,-0.8,0.2,-0.1,0.1,0,-0.2,-0.2,0,-0.1,-0.4,-0.3,-0.2,-0.3,-0.1,0,-0.3,0.2,-0.3,-0.4,-0.2,0.2,-0.5,-0.2,-0.6,-0.2,-0.4,0.5,-0.1,0.4,-2.3,1,0,0,0.2,-0.3,0,1,0.1,0.1,-0.1,0.4,0.6,0.2,-0.3,-0.1,0.2,-0.7,-0.3,0.2,0.2,-0.1,-0.3,0.2,-0.7,-0.1,0,0,-0.5,-0.3,0.3,1.5,-0.3,-0.5,0.2,-0.1,0.5,-0.6,-0.2,0.2,-0.1,-0.2,0,-0.2,0.1,0,-0.1,-0.2,-0.3,-0.2,-0.1,0.6,0.1,0.4,-0.1,0.7,0.5,-0.1,-0.2,-0.4,-0.4,-0.3,0.3,-0.6,-0.3,-0.1,-0.3,-0.1,-0.2,0.1,1.4,-0.1,0.2,0,0.1,-0.5,-0.3,-0.2,0.2,-0.5,0,0.8,0.2,-0.2,0.7,-0.2,0.6,-0.1,0.1,-0.2,-1.6,-0.2,-0.2,2.7,-0.5,0.3,0.1,-0.4,0.4,0.3,0.1,0.1,-0.1,-0.4,0.1,1.3,-0.3,-0.9,-0.4,-0.8,-0.1,-0.1,-0.9,0.4,0.2,-0.1,0,0.1,-0.2,-0.3,-0.3,0,-0.1,-0.3,0.2,0.2,-0.3,-0.2,-0.7,-0.4,0,-0.1,-0.2,0.5,0.2,0.4,-0.1,0.1,0,-0.2,-0.3,0,0,0.5,0,0.3,-0.5,-0.2,0,-0.2,-0.3,-0.2,-0.1,0.2,0.4,-0.3,-0.1,0.3,0.4,-0.5,-0.5,-0.4,-0.3,-0.1,0.3,-1.1,0,0.2,0.3,0.6,-0.2,0.1,-0.4,0.3,-0.3,-0.4,0.2,0.1,0.5,-0.1,0,0.3,0.4,0,0,0.5,-0.8,-0.7,-0.1,0,0.2,-0.3,-0.4,-0.1,-0.1,0.1,-0.1,-0.1,0.7,0.9,-0.5,0.2,-0.2,-0.2,0,-0.5,-0.1,0.4,-0.4,-0.2,-0.1,0.3,0.4,-0.1,0,-0.5,-0.4,-0.4,-0.5,-0.6,-0.4,-0.2,-0.3,-0.6,-1.1,0.1,-0.4,0.1,0,-0.1,0.4,0.1,0.3,0.1,-0.3,-0.4,0.2,0.5,-0.2,-0.3,-0.2,-0.1,-0.2,0,0,0.1,-0.7,0.2,-0.2,-0.5,-0.1,-0.1,-0.6,-0.4,-0.1,-0.1,-0.3,0,-0.1,-0.3,-1.1,0,0.1,-0.6,0.1,-0.5,-0.1,0,-0.7,-0.1,-0.1,0.1,-0.4,0,-0.4,0.5,-0.4,0.2,0.8,0,-0.3,0,-0.9,-0.1,1,-0.5,0.1,-0.1,-0.4,-0.6,-0.1,0.3,-0.7,0,-0.5,-0.1,-0.4,-0.2,-0.8,-0.6,0.2,0,0.3,-0.2,-0.2,-0.1,0.2,0.1,-0.3,0,0.3,-0.1,0,0.4,-0.5,-0.2,0.1,0,0.5,-0.1,-0.7,-0.3,-0.2,-0.6,-0.1,-0.3,-0.2,-0.4,0.1,0,-0.1,0.9,0.2,-0.1,-0.3,0,0.8,-0.1,1,0,-0.1,0.7,-0.3,0,-0.1,0.1,0.3,-0.2,0.2,0,-0.1,-0.3,-0.1,-0.2,-0.3,-0.2,0,0,0.2,0,-0.1,0.5,0.3,-0.1,-1,0,-0.2,0.1,0.2,0.3,-0.1,0.3,0.1,-0.1,0,0,-0.3,-0.2,0,-0.6,0.1,0.5,-0.4,0.1,0.3,0.3,0.1,0.3,0.4,0,-0.1,0.6,-0.2,0.2,-0.3,-0.8,-0.1,0.1,-0.9,0.1,0,-0.4,0,0.2,-0.2,-0.5,-0.5,-0.2,-0.4,-0.3,0,-0.6,-0.2,-0.4,-0.9,-0.1,-0.1,0,-0.6,-0.2,-0.3,0,-0.1,-0.3,-0.2,-0.6,0,-0.4,-0.8,0.9,-0.4,0.4,-0.4,0,0.1,0.3,0.6,-0.5,-0.3,0,0.2,-0.4,0.1,0.5,-0.3,-0.4,0,-0.3,-0.4,-0.2,-0.6,-0.5,0.2,-0.5,0.2,0.2,-0.5,-0.1,0,-0.2,-0.2,0.2,0,-0.2,0,-0.2,0,-0.2,-0.9,0.1,-0.2,0.4,0.1,0.4,-0.3,0,-0.2,-0.2,0.4,-0.6,0.7,-0.7,0.3,0.3,1.3,-0.1,-0.6,0,-0.1,0.3,0.1,-0.2,-0.1,-2.5,-0.1,0.1,0.1,-0.2,0.6,-0.5,0,-0.2,0.5,-0.3,-0.4,-0.2,0,-0.5,0.3,0,0.1,0,-0.1,0.3,-0.1,-0.1,0.3,-0.3,0.2,0,-0.2,0.4,0,-0.1,0,-0.2,-0.1,0.3,0.1,-0.3,0,0,0,0.1,0.4,0.3,0.1,-0.4,0,-0.5,-0.3,0,-0.1,-0.3,0,-0.4,0.3,0.1,-0.2,0,-0.5,-0.3,-0.1,-0.1,-0.3,-0.3,0.8,0.1,1,-0.2,-0.1,-0.1,-0.2,0.4,-0.5,-0.7,0.1,-0.5,0.9,-0.1,-0.1,-0.4,0.4,-0.1,0.2,0,-0.4,0.1,-0.3,0.2,0,-0.3,-0.1,0.1,0,0.7,-0.2,0.7,-0.1,0.3,-0.2,-0.3,-0.8,-0.5,0.5,-0.1,0.2,-0.1,0,-0.3,0,-0.4,-0.5,-0.3,-0.7,-0.2,0.1,0.3,-0.1,-0.1,1.3,-0.3,-0.1,0,-0.9,-0.5,-0.2,-0.5,-0.7,0.2,0.3,-0.4,-0.8,0.2,0,-0.1,-0.3,0.2,-0.1,-0.3,0,0,0.2,-0.2,-0.2,-0.1,-0.1,0,0.7,0,0.3,0,-0.4,-0.3,-0.2,0.4,-0.2,-1,-0.3,-0.2,-0.1,-0.3,0.1,1.3,0.7,0.4,-0.1,0,-0.2,0.4,0,0.1,0.1,-0.5,-0.2,0.1,-0.6,0.1,0.4,0,-0.5,0.2,0.4,0.7,-0.3,-0.1,-0.5,0.3,0.7,0.1,0.3,0.9,0.3,0.3,-0.3,1,-0.2,-0.2,-0.2,-0.2,-0.1,-0.2,0.2,-0.4,-0.7,-0.3,-0.4,0,0.5,-0.2,0.7,0.1,-0.4,0.1,-0.7,-0.5,-1.2,0,-0.2,0.2,0,-0.2,0.7,-0.3,-0.1,0.7,-0.1,0,0.2,-0.2,-0.2,-0.1
MDAMB231,BRD-K22096725,Cc1ccc(cc1Nc1cncc(c1)C(N)=O)C(=O)Nc1cccc(c1)C(F)(F)F,-0.2,0.2,0.5,-0.1,0,0,0,0.1,-0.1,-0.3,0,-0.1,0.4,-0.2,0,0.1,0,0.1,-0.1,-0.2,0.3,0.3,-0.2,0,-0.1,0.5,0,0,0.4,-0.3,0.1,0,-0.5,-0.3,-0.2,0.2,-0.2,0.3,0.4,0.2,0.1,0.2,-0.4,0.1,0.2,0,-0.1,0,0,0.1,0.3,-0.3,-0.1,0.1,0.3,0.5,0.1,0.2,-0.2,-0.1,0.1,0.1,-0.2,-0.1,-0.1,0.2,0.1,0,0.1,0.1,0.1,0,0,-0.1,-0.5,-0.2,-0.1,-0.3,0,-0.3,0.6,-0.1,0.1,-0.1,0.2,-0.1,0.1,-0.6,0.1,-0.1,0,0.3,-0.4,-0.2,-0.1,-0.2,0.4,-0.1,-0.2,-0.3,0.2,0.1,0.4,0.4,0.1,0,0.1,0.1,-0.2,0.1,-0.1,0.5,-0.3,0,0.1,0,0,0,0,0.3,-0.5,0.1,0.3,0.2,-0.4,0,0,0.1,0.4,0.3,0,-0.5,-0.1,-0.1,-0.2,-0.1,0,-0.2,0.2,0.3,-0.3,0,0.2,0.1,0,0.2,-0.4,-0.3,0.2,-0.1,0.1,0.6,0,-0.1,0.1,-0.1,0,0.2,-0.1,-0.1,0,0.6,-0.1,-0.1,0,-0.2,-0.1,0,-0.1,0,0,0.1,0.1,0.3,-0.1,-0.1,-0.2,-0.1,0.1,0,-0.1,0.3,0.8,0,0.2,-0.2,-0.1,-0.1,-0.1,0,0.1,0,0,-0.2,-0.1,0.2,0,0.3,0,-0.1,-0.1,0.1,0.1,-0.3,-0.3,-0.4,0.6,0.3,0.2,-0.2,0,-0.3,-0.1,-0.1,-0.1,-0.2,-0.2,0.7,-0.3,0.3,-0.1,-0.3,0,0,-0.1,0,0,-0.4,0,0,-0.3,-0.2,-0.2,-0.3,0.1,0,-0.2,-0.2,-0.2,0,-0.3,-0.1,0.1,0,0,-0.1,0.4,0.1,-0.3,-0.1,-0.3,-0.1,-0.3,0.6,0,0.2,-1.1,0.4,-0.4,0,0.6,-0.3,-0.6,0,-0.3,-0.3,-0.1,0.1,0.2,0.2,0.1,-0.1,0.2,-0.1,-0.2,0.2,0,0,-0.1,0.3,-0.2,-0.4,-0.2,-0.2,0,-0.1,0.3,0.6,-0.1,-0.2,0.2,0,-0.3,-0.5,0,0.3,-0.2,-0.2,0.1,0,-0.2,0,0,0,-0.2,-0.1,-0.2,0.4,0,0.5,0,0.7,-0.1,-0.1,0,-0.1,-0.1,-0.2,0.3,-0.1,0.1,-0.2,0,0.2,-0.3,0.2,0.2,0.2,0.1,0,0.1,-0.3,0.1,0.1,0.2,-0.3,0,0.3,0.1,0.5,0.7,-0.2,0.1,-0.1,0.1,0.1,0,0,0,0,0.4,-0.1,0.3,-0.1,0.2,0.2,0.1,0.1,0.1,-0.1,-0.1,-0.3,-0.2,-0.1,0.3,-0.1,-0.5,-0.1,-0.7,-0.1,0.4,-0.2,-0.2,0,-0.4,0,-0.1,0.2,0.1,0,0.1,0.1,-0.1,0,0.4,-0.3,0,0.1,0.1,0.2,-0.1,0.6,0,0.2,-0.1,0.5,-0.2,0,-0.1,0.3,0.1,0.1,0.2,0,0,-0.3,-0.2,0,0.1,0.1,0,-0.2,-0.1,0.1,-0.2,-0.2,-0.1,-0.3,-0.1,-0.2,-0.1,-0.4,0.2,0,0.2,0.5,0,-0.2,-0.1,0.1,-0.3,0,0.1,0.4,0.5,0.2,-0.1,0.3,0.6,0.6,-0.2,0.2,-0.5,-0.2,0,-0.1,-0.3,-0.1,0.2,0,0,-0.2,0.1,0.3,0.2,-0.2,-0.6,0.2,0.4,-0.1,0,-0.4,0.1,0.1,-0.2,0.1,-0.3,0.2,0,0,0,-0.2,-0.3,-0.3,-0.3,0.3,-0.1,0,0.1,-0.3,-0.3,-0.1,-0.1,-0.1,0.1,0,-0.2,0,0.7,0.2,-0.1,-0.1,0,0.3,-0.2,-0.2,0.1,0.2,-0.2,0,-0.1,-0.1,-0.2,0.2,-0.2,-0.4,0,0,0,-0.3,0,0,0.2,0.2,0,0,-0.5,0,0.5,-0.1,0.1,-0.2,0.1,0.1,0.1,0.1,0.1,0.4,-0.1,0.1,0,0.4,-0.2,-0.4,-0.1,0,-0.1,0,-0.4,-0.1,-0.1,-0.1,0.3,-0.2,-0.2,-0.7,0.4,0,-0.1,0,-0.2,0.2,-0.2,0.1,-0.4,-0.3,0.1,0,0.2,-0.1,-0.1,-0.1,-0.3,0,0,-0.1,0,0.3,0,0,-0.2,0.1,0.2,-0.1,-0.1,-0.1,0.3,0,0,-0.2,-0.1,-0.3,-0.1,-0.1,0,0.1,0,0.5,0.2,0,-0.3,-0.1,0.6,-0.2,0.4,0,-0.5,0.1,-0.1,-0.4,0,0.1,-0.2,-0.1,-0.1,-0.2,-0.2,-0.4,-0.1,-0.1,0,0,0.2,0,0.5,-0.4,0,0.2,-0.1,-0.3,0.5,0.1,0,0.2,-0.1,0.1,-0.1,-0.3,0.2,0,0,0,-0.1,-0.2,0.1,-0.4,0.1,0,-0.1,-0.1,0.3,0.2,-0.2,0.3,0.1,0.3,0,0,-0.1,0,-0.1,-0.4,-0.1,0.1,0.1,-0.3,0,0.3,-0.1,-0.1,-0.1,-0.2,-0.1,-0.2,-0.1,0,0.1,0.2,-0.2,0.4,-0.2,0.1,0.2,0.1,-0.4,0.2,0.2,-0.5,0,-0.3,-0.2,-0.1,0,0.1,-0.2,0.5,-0.1,-0.1,-0.2,0.2,0.5,0.4,0.4,-0.3,-0.4,0.1,0,-0.3,-0.1,0,-0.5,-0.1,0.1,-0.2,-0.2,0.2,0.3,-0.3,-0.1,-0.2,-0.2,-0.1,-0.1,0.1,0.1,-0.1,-0.1,0,-0.1,0,-0.2,-0.1,0.2,-0.1,-0.2,0.3,0.3,0.1,0.1,0.4,-0.3,0.5,-0.2,0.1,0.3,-0.3,0,0.2,0.1,0.1,0.2,0.1,-0.2,-0.3,-0.3,0,0.4,-0.1,0.5,0.1,-0.2,0.2,-0.2,-0.1,0.2,-0.2,0,-0.1,0,0.1,-0.2,0,0.3,0,0.1,0.1,0.4,-0.2,0.1,-0.2,0,-0.1,-0.2,-0.2,0.1,0,0,1,0.3,0,0.4,0,-0.1,0.8,0.1,-0.1,0.3,0.2,0,0.2,0,0.2,-0.1,0,-0.2,-0.2,-0.2,0.1,0.1,-0.4,-0.1,-0.2,0.2,-0.1,-0.3,0.1,-0.1,0.1,0.1,0,-0.1,-0.1,0.2,0,0.1,0,0.2,-0.1,-0.3,-0.4,-0.6,-0.1,0,-0.5,0.3,-0.1,-0.3,-0.2,-0.1,0,0.2,0,0,0,-0.1,0,0,-0.1,-0.1,0,-0.1,0.4,0.1,-0.1,0,0.3,-0.1,-0.5,0,0.5,0.5,0,0,0.1,-0.1,0.2,-0.1,-0.3,-0.1,-0.1,-0.8,0.3,0.1,0.6,0,0,-0.2,-0.3,0,-0.1,-0.1,0,-0.2,-0.2,-0.7,0.1,-0.1,0.1,-0.2,0,0,0.1,-0.2,0.3,0.3,-0.2,-0.1,0.1,0.2,0.3,0,0.2,0.1,0.1,0.7,-0.3,0.2,-0.1,0.2,-0.1,-0.2,-0.2,-0.1,0.2,-0.1,0.3,-0.1,-0.6,0.2,0.5,0,0.1,-0.1,-0.1,0,0.2,-0.1,0.3,-0.1,-0.3,0.1,0.3,-0.1,-0.4,0,-1.1,0.1,0,-0.1,-0.4,0.1,-0.1,-0.2,0.5,0.4,0.1,0.1,0.2,0.1,0.1,-0.3,0.4,0,-0.1,-0.1,-0.1,-0.1,-0.2,0.1,-0.2,-0.4,0,0,-0.1,0.3,0.1,0.1,-0.2,-0.4,0,0.2,-0.2,0,-0.2,0.3,0.5,0,-0.2,-0.2,-0.1,0.1,0.2,-0.3,-0.1,0.3,-0.2,0.1,0.5
MDAMB231,BRD-K53414658,COc1cc2nccc(Oc3ccc(NC(=O)Nc4cc(C)on4)c(Cl)c3)c2cc1OC,0.3,0.1,0.3,0.3,0.2,-0.1,-0.1,-0.1,-0.3,-1,0.1,-0.2,0.2,0,0.6,0.1,0.1,0.2,0,-0.2,0.2,0.2,-0.1,-0.4,0.1,0.2,-0.3,0.2,0.3,-0.1,0.2,0.2,-0.6,-0.5,-0.3,0.6,-0.6,0.7,0.7,0.2,0.3,0.3,-0.2,-0.1,0.1,0.2,0,0.1,0.2,0.6,0.2,-0.2,-0.2,-0.1,0.3,0.9,0.6,0.2,-0.2,-0.4,0.1,0.1,-0.2,0.1,0,0,-0.3,-0.1,0.1,-0.2,-0.1,-0.8,0,-0.1,-0.2,-0.4,-0.4,-0.2,0.1,0,0.7,0,0.1,0.9,0.1,0,-0.4,0.5,0,-0.4,0,-0.1,-0.4,-0.4,-0.1,0.2,0.4,-0.2,-0.2,0.2,0.2,0,0.4,0.6,0.2,0.2,0.1,0.2,-0.7,-0.1,-0.2,0.4,-0.8,0.3,0.1,0,0,0.3,-0.3,0.6,-0.5,0.3,1.1,0.3,0.1,-0.5,0.1,0,1.1,0.1,0.2,-0.2,-0.3,-0.5,-0.3,-0.7,-0.5,-0.4,-0.2,0,-0.7,-0.1,0.5,0.5,0.2,0.1,-0.6,-0.8,0.3,-0.2,0.2,0.5,0.3,0.8,0.5,0.4,-0.4,0.7,0.2,0,-0.3,0.5,-0.3,-0.3,0.3,-0.3,0.1,0,0,0.1,0,0.1,0.2,0.3,-0.2,0.2,0.1,0.2,-0.1,0.1,0.1,0.5,0.3,0.1,0.6,0.2,0,0.2,0.5,-0.1,-0.2,-0.2,-0.1,0.3,-0.3,0.4,-0.3,0.6,0,0.5,1.6,0.4,0.1,0.1,-0.4,-0.8,0.3,1,-0.2,-0.4,0.3,-0.6,0,0,-0.2,0.5,-0.3,0.2,0.2,0.4,0.2,0,0.1,0.3,0.1,-0.1,-0.1,-0.3,1.3,0,0.2,-0.2,-0.2,-0.3,0.1,-0.1,0.3,-0.4,-0.1,-0.1,-0.7,-0.1,0,0.3,0,-0.1,-0.1,0.1,-0.4,-0.6,-0.9,0,-0.4,0,0.1,1.3,-0.8,0.5,0.7,-0.1,0.6,-0.6,-0.7,-0.1,0.1,-0.4,-0.2,0.5,0.5,0.2,0.2,0,0.6,-0.2,0.1,0.5,0,-0.1,0,0,-0.7,-0.2,0.1,0,0.5,-0.4,0.5,0.6,-0.2,-0.2,0.3,0,-1.2,-0.1,0,-0.1,0.3,-0.1,0.2,-0.3,-0.2,0.2,-0.1,0.2,-0.4,0.2,0,1.5,0.1,0.4,0,0.4,-0.1,-0.3,-0.1,-0.3,0,-0.1,-0.2,-0.1,-0.9,-0.1,-0.4,-0.2,-0.3,0.6,0.7,0.1,0.1,0.3,0.1,-0.3,-0.1,0,-0.2,-0.4,0.1,0.2,0.5,0.2,0.4,0.1,0.3,-0.3,0.1,0,0,0,-0.1,0.1,0.3,0.1,0.3,-0.3,0.4,0.4,0.5,-0.2,-0.1,0.1,-0.4,-0.3,-0.2,-0.1,-0.1,0,-0.4,0.2,-0.7,1.1,0.7,-0.3,-0.3,0.3,-0.5,-0.2,-0.7,0.2,-0.3,0.7,0.1,0.1,-0.2,-0.3,-0.1,-0.4,0.1,-0.5,0,-0.2,-0.2,-0.3,0,0.3,0.2,0.3,0.2,-0.1,-0.3,0.3,-0.3,0.5,-0.1,-0.1,-0.1,-0.3,-0.1,0,0.2,0.2,1,0.1,-0.2,0.1,-0.6,-0.4,-0.5,0,-0.2,-0.1,0,-1.1,0.5,0,0.3,0.4,-0.3,0,0,0.2,-0.4,-0.2,0.3,0.4,0.2,0,0.1,0.1,0.2,0.1,-0.7,0.3,-0.6,-0.4,0.1,0.1,-0.2,-0.5,0,0,-0.2,-0.6,0.3,0.2,0,-0.3,-0.3,0.4,0,0.5,0.1,-0.8,0,0.6,0.1,0.3,0.6,0.4,-0.1,0.3,0,-1.7,-0.8,-0.7,-0.4,0,-0.3,0,0,-1.6,-1,0.5,-0.5,-0.1,0.2,-0.2,-0.3,-0.2,0.8,0.2,-0.3,0,0.1,0.3,-0.2,0.1,0.7,0,-0.1,0,0,0.4,-0.2,0.3,-0.3,-0.9,0,0.2,-0.5,-0.5,-0.1,0.2,0.5,0.1,-0.3,0,-0.4,-0.5,0.8,-0.6,0.5,-0.8,0.4,0.2,-0.4,0.3,-0.1,0.7,-0.1,0,0,0.4,-0.2,-0.3,0,-0.3,-0.5,0.1,-1.2,-0.1,1,0,0,-0.3,-0.3,-0.7,0.4,0,-0.1,0,-0.3,0.2,0,0.1,-0.5,-0.2,0,0.1,0.6,-0.3,-0.1,0,-0.4,0.1,-0.5,0.1,0,-0.1,0.6,0.2,-0.3,-0.2,0.4,-0.6,0,-0.2,-0.2,-0.1,0,-0.4,-0.1,-0.3,0.1,-0.2,0.3,0.2,0,0.6,0.4,0.1,-0.4,-0.1,0.5,-0.1,0.7,0.1,0,0.5,0.1,-0.3,-0.1,0.7,-0.2,0.2,0.2,-0.3,-0.4,-0.5,-0.3,0.2,0.3,-0.1,-0.2,0,0.3,0,-0.4,0.6,-0.6,0,0.2,0.2,0.1,0,0,0.2,0.1,0.3,0.2,0.1,-0.1,0,-0.1,-0.3,0,-0.6,0.4,0.2,-0.2,-0.1,0.1,0.3,-0.1,0.4,0.3,0.6,-0.1,0.2,-0.2,0.2,-0.2,-1,0.3,0.4,0,-0.4,-0.1,0.1,0.2,0.1,0.1,0,-0.2,-0.3,0,-0.1,-0.2,-0.1,-0.3,0,-0.3,-0.1,0.2,0.1,-0.2,0,-0.1,-0.5,-0.2,-0.3,-0.2,0,-0.2,0,-0.4,0.5,0.3,0.2,-0.2,-0.2,0.2,0.3,0.1,-0.4,-0.4,-0.1,0.1,0.1,0.4,-0.5,-0.6,-0.2,0.3,0.2,0,0.5,-0.1,-0.1,0.2,-0.2,-0.3,0,-0.3,0.2,0.1,-0.3,-0.2,0,0,0.2,0.1,0,0.2,-0.1,-0.6,0.1,0,0.1,0.1,0.6,-0.6,0.5,-0.4,-0.2,-0.1,-0.4,0.2,0,0.4,0.5,0.5,0,-1.1,-0.4,-0.1,-0.1,0.1,0,0.8,0,0.1,0,-0.4,0.1,0.3,-0.5,0,0.1,0.3,-0.2,-0.2,-0.1,-0.2,-0.2,0,0.1,0.6,-0.2,0.4,-0.6,0.2,0.1,0.2,-0.3,0.2,0.1,0.2,0.5,0.2,0.2,0.2,-0.2,0,0.5,0.2,0.2,0.2,0,0.1,-0.2,0.1,0.4,0.6,0,-0.3,-0.4,0.1,-0.1,0.1,0,-0.1,0.1,0,-0.1,-0.6,0.1,0,0.2,0.1,-0.3,0.1,-0.2,0,0.2,0.3,-0.4,-0.2,-0.1,-0.5,-1,0.4,-0.3,0,-0.5,-0.1,-0.1,0.2,-0.1,0,-0.2,0,-0.1,0,-0.2,-0.4,-0.1,0.2,-0.5,0.3,0.2,-0.3,0.6,-0.1,0.2,-0.1,0.3,-0.3,-0.2,0,0,0.6,-0.1,0.4,0.1,-0.4,0.1,0.5,-0.4,0,-0.2,-0.2,0.8,0,0.6,-0.4,-0.1,0.6,-0.8,0.1,0.1,0.1,0,-0.1,0,-0.8,-0.1,0,-0.1,-0.1,0.1,-0.3,0.1,-0.2,0.1,0.1,-0.2,-0.1,0.3,0.1,0.5,0.2,0.2,0.1,-0.2,0.2,0,-0.1,0.2,0.1,-0.2,-0.1,-0.1,0.1,-0.2,0.1,0.4,0.1,-0.4,0.3,0.7,0.5,0.1,-0.4,0,0.2,0.1,0,0.7,-0.6,-0.1,-0.1,0.6,-0.4,0.2,0.2,-0.2,0,0.5,0.5,0.2,0.1,-0.2,-0.8,0.6,0.7,0.3,0.5,0.5,0.3,0.3,0,0.6,-0.3,-0.3,0.1,0.1,-0.1,-0.3,0.3,0.1,-0.3,-0.6,0.3,0.4,0,-0.3,0.5,-0.4,-0.1,0,-0.1,-0.4,-0.7,-0.3,-0.3,-0.1,0.1,0,-0.1,-0.2,0.2,0.4,-0.2,0.1,-0.1,0.2,-0.1,0.3
HEK293,BRD-K81418486,ONC(=O)CCCCCCC(=O)Nc1ccccc1,0.6,0.1,-0.8,0.2,-1.6,-0.7,0.8,-1.1,-0.1,4.2,-0.4,-0.9,1,-0.3,2.3,1,-0.6,0.6,0.1,-0.8,0.4,0.1,-1.9,0.8,-0.3,0.7,-1.9,1.4,0.6,0.7,-0.6,-0.4,-0.4,-0.7,-0.3,-0.2,-0.7,0.3,0.4,-0.2,0.7,1.4,-1.3,-0.1,0.1,0.2,-0.3,0.9,1,0.1,1,-0.3,0.5,-1.2,0.4,0,1,1,-1.7,-1.3,-0.1,1.4,0.4,1.1,-0.3,1,0.7,-0.6,-0.8,-0.3,0.6,-0.7,-0.5,0.2,-0.2,-0.2,-1.1,-0.6,0.2,1.4,-2.1,-0.6,-0.3,0.1,-0.2,0.6,-0.4,-0.4,-1.7,0.5,0.5,0.4,-2,-0.2,0.6,0.3,-0.1,-1.1,0.1,-0.3,0.8,1.2,0.7,0.4,-1.1,0.2,-0.2,0.3,-0.7,-1.9,-0.9,1.2,1,-1.2,0.6,-0.4,0.4,0.3,-0.5,0.7,-1,-1.2,-0.5,-1,0.3,1.1,-0.6,-0.1,-0.2,0.7,0.2,-0.6,1.4,0.1,-0.3,-0.5,0.3,-0.5,1.1,1,0.6,-0.5,-0.7,-1.5,0.3,0.1,0,0.4,1,0.6,0.2,1,0.1,0.3,0.5,0.5,-0.8,0.3,-0.6,0.8,-0.7,0.4,0.7,0,-0.4,0.1,-0.1,0,0.3,0,0.2,0.2,-0.4,1.9,0.9,0.4,0.1,0.7,-1,-0.6,0.3,-0.2,0.7,-0.9,1.2,-1,-0.2,0.1,-0.6,-0.8,0.7,0.5,0,0,0.2,0.1,1,0.9,0.1,0,0,3,-1.5,-1.9,-0.2,0,1.3,1.5,0.7,-0.5,0.4,-0.7,0.8,0.1,0.6,0,-0.4,0.3,1,1,1.6,-1.2,-0.9,-0.1,0.2,0,0.3,-0.4,0.3,-1.5,-1.4,0.6,-1.3,1.2,0,0,-1,-0.4,0.2,0.1,-1.7,1.9,-0.3,0.8,0.4,-0.6,0.7,-0.6,-0.8,-1.7,0.6,0.6,-1.1,0.9,-0.9,1,1,0.4,0.2,-0.6,0.2,-1.1,1.7,1.7,-0.1,1.3,0.2,0.1,0.3,0.8,0.9,0,-1.1,0.5,0.3,1.4,-0.9,-0.1,-0.4,0.9,1.2,1.9,-0.2,0.2,1.2,-1.1,0.4,0.6,-0.9,-1.2,-0.5,0.6,0.8,-0.4,-2.9,-0.5,0.4,-0.4,0.6,-0.3,-1.9,-1,-0.8,-1,-0.7,-0.5,0.3,-0.3,0.6,0.8,0.4,1,0.2,-0.8,-0.6,0,-0.2,0.1,0.8,0.9,-1.7,-0.8,0.4,0.5,-1,0.4,0.5,0.2,0.4,0.2,0.7,-0.4,-0.2,0.1,0.6,-2.6,0.1,0.1,-0.6,1.4,0.7,-0.2,-0.6,0.9,0.3,0.1,-0.4,0.9,0.2,-0.2,0.2,1.3,-0.6,-0.2,0.5,0.4,0.4,-0.7,0.8,0.5,-0.8,0.1,-0.5,0.1,0.6,-0.5,0,1.1,0.7,-1.1,1.7,0.2,0.2,0,0.1,0.3,-0.1,0.1,-1.1,2.3,0.2,-0.3,-0.3,-0.6,-0.1,-1.2,-0.3,-0.2,0,1.5,1.5,1.9,0.1,-0.6,-1.1,-0.7,-0.7,-0.5,-0.6,0.9,1.1,0.4,0.6,-0.2,-1.2,-1.1,-0.5,1.5,-0.3,0.9,0.6,0.1,0.8,-0.8,-0.1,-0.8,2.3,0.3,-0.5,-1.1,0,1.8,0.5,1.3,-0.9,0.8,-1.6,-1.2,-0.7,-0.7,0.2,-0.4,0.7,0.9,-0.7,-0.2,1.2,0.5,0.8,0,-2.2,-0.5,-0.1,1.3,0.8,-0.4,0.4,-0.6,-1,2.9,-0.7,-1.9,0,0.3,-0.3,-1,-0.3,2.1,0.3,-0.1,0.1,-0.6,-0.5,1.1,0.6,-0.8,-0.1,1.7,-0.7,-0.5,0,2.2,-1.7,-0.3,-1.3,-0.5,-1.4,0.4,-1.5,-0.6,-2.6,0.6,-1,-1.4,-0.1,-0.5,-1.2,0.5,0.9,0.5,-1,-0.8,1.1,0.1,0.1,0.7,-0.2,0,0.5,-0.9,-0.6,1.3,1,-0.1,0.4,-0.3,-0.3,-0.5,0,0.8,-0.4,-0.2,0.8,0.1,0.2,0.3,-0.9,-1.1,0.7,1.5,0,-0.9,0.3,2.6,-1.7,0.3,-0.9,0.5,0.3,0.7,-0.7,0.4,0.3,-1.6,-1.2,0,0.8,-1.2,-1,-0.6,-0.2,-0.7,-0.1,0,-0.2,0.7,1.2,0.4,0.5,0.1,-0.5,0.5,0.7,0.4,-1,-0.5,0.8,-0.6,0.3,0.7,1.3,0.9,-0.2,-0.8,-0.3,0,0.5,0.2,0.7,-0.7,0.8,0.2,-0.3,0.6,0,-0.6,1.8,-0.2,-0.1,-0.6,0.4,-1,-0.9,-1.6,-0.2,-1.9,-0.2,0.9,-1.3,-0.9,0.4,0.2,0.5,-0.6,1.1,-0.4,0.1,-1.3,-1.2,-0.8,-0.1,0.5,-0.1,-1.5,0.4,-1.7,-0.2,0.4,-0.6,-0.4,0.8,0.4,-0.9,-0.1,1.2,-0.1,-0.4,-0.2,0.7,-1.2,-1.8,0.3,-0.1,0.1,0.5,-0.2,-0.6,-0.7,-1.5,-0.1,-0.2,-0.1,0.5,-0.8,-0.3,-0.3,1.2,0.3,-0.8,-0.7,0.5,-2.2,-1.8,1.1,-0.5,0,0.4,1,-0.6,0.2,1.3,-0.7,-0.5,0,0.4,-1.6,0.1,0.7,1.2,-0.2,-0.8,-0.5,0,0.6,1.4,0,0.3,-0.9,-0.9,0.2,0.3,0.1,0,-0.1,1.2,0.4,-0.1,-1.8,-0.4,0,-0.3,-1.5,0.7,0.1,-2,0.5,-0.1,0,-1,0.1,-0.5,-1.3,0.6,-1.6,-0.3,-0.3,0.2,0.1,-0.8,1.3,-0.3,-1.2,0.7,-1.3,-0.1,0.6,0.6,1,0.2,0,-0.4,-0.4,-1.3,0.6,-1.5,0.6,-1.4,-0.4,-0.1,0,-0.3,0.1,-0.8,0,-0.5,0.7,-0.4,-0.4,-0.1,0.3,-2,-1.2,-0.3,0.6,0.2,-0.7,-0.3,0.2,0.4,0,-0.1,1.1,-0.5,0.1,-1.1,-1.3,0.6,-0.6,0.4,0.8,-1.3,0,-0.5,-0.4,0.5,-0.4,0.4,-0.4,-0.2,-0.4,-0.7,0.1,-1,-2.7,0,0.3,-0.3,0.4,1.2,-1.6,-0.5,-1.1,1.4,0.4,-0.8,-1.4,0.1,1.7,-1.3,0,0.9,1.2,-0.5,1.4,-1,0.5,-0.4,-0.5,-1.7,-0.4,-0.3,0.8,0,0.9,0.9,-1.4,0.1,-0.2,0.1,-0.4,1.2,-1.2,0.3,-1.2,0.9,0.2,0.1,0.2,-0.3,-0.4,0.3,0.2,-0.2,-0.4,-0.3,-0.7,0.4,0.9,-2,0.1,0.2,1.6,0.3,0,-0.1,-0.8,-1.5,0.3,-1.3,0.3,-0.1,1.4,-1.6,-1,-1.7,-0.8,-0.1,0.1,-1.6,-0.6,-0.7,0.3,1.1,-0.3,0.3,-0.5,-0.5,-0.2,0.6,0.8,-0.4,0.6,0.6,0.3,0.4,-0.3,0.4,-0.2,1.3,0.1,-0.3,0.1,-0.5,-2.2,-2.1,-0.2,0.2,0.2,0.5,0.3,-0.8,0.1,-0.9,0.3,-0.4,-0.2,-0.5,0.6,-0.4,-1.6,-3.3,0.4,-1.4,0.1,-1.1,0,0.1,-0.4,-0.7,-0.8,0.1,0,-0.3,0.3,0.5,0,0.2,-1.4,-0.3,-0.8,-0.4,-0.3,-0.2,-0.3,-0.5,-0.5,1.1,-0.7,1,0.5,0.4,0,0.2,-0.7,0.6,0.8,0,-0.6,-0.4,0.1,0.2,0.4,-0.4,0.1,-0.5,-0.5,0.3,-0.9,0.2,0.8,-0.2,-1.1,-0.9,0.9,1.6,0.7,0.4,0.2,0.8,-0.5,-0.8,0.5,-2.6,-0.8,-0.5,0.6,0,-0.8,-0.1,0.3,-0.1,-0.9,-0.1,0,1.4,-0.7,1.1,0,0.1,-0.3,0.1,-2.2,-0.3,-1.5,0,0,-1,0.5,0.9,-0.4,0.7,0.4,-0.3,-1.2,0.2,-0.3,0.4,0.4
HEK293,BRD-A61304759,COC1CC(C)CC2=C(NCC=C)C(=O)C=C(NC(=O)C(C)=CC=CC(OC)C(OC(N)=O)C(C)=CC(C)C1O)C2=O,-0.4,0.4,0.3,0.1,0.1,-0.3,0.3,-0.3,0.1,0.1,-0.1,-0.4,0.2,-0.1,0.1,-0.6,-0.4,0.2,-0.1,0,0.1,0,0.5,0,-0.2,-0.3,-0.1,-0.9,-0.4,-0.5,-0.4,0.4,-0.2,0.1,0.2,-0.4,-0.1,-0.1,0.2,0.1,0.4,-0.1,-0.4,0,0.1,-0.1,0.1,0.2,0.6,0.2,0,-0.1,-0.3,-0.1,0.2,0.3,0.3,-0.8,-0.4,0.2,0.4,-0.2,0.1,0,-0.3,0.5,0.2,-0.4,0.1,0,-0.3,-0.2,0,-0.2,-0.3,0.1,-0.1,0,0.5,0.4,0.1,0,-1.1,0.3,0.8,-1,-0.2,0,-0.4,-0.1,0.1,-0.6,-0.3,-0.1,0,0.3,0.7,-0.2,0.1,-0.4,0.3,-0.1,0.6,0.4,0.6,0.3,-0.1,0.4,-0.4,-0.5,0.1,0.2,-0.4,0.3,0,-0.2,-0.1,-0.4,-0.1,0.2,-0.6,0.3,-0.1,-0.5,0,-0.8,0,0.2,-0.2,-0.1,0.2,0,-0.9,-0.5,-0.5,-0.8,-0.3,0,0,0.4,-0.2,-0.3,-0.3,-0.4,0,-0.9,-0.3,-0.5,0.1,-0.6,-0.5,0.6,0.6,0,0.9,0,-0.3,0.2,0.1,-0.4,-0.6,0.2,0.2,-0.6,-0.4,-0.1,-0.4,0,-0.2,0.2,0,-0.1,0.1,-0.9,0.1,0.2,0.2,0.2,-0.3,-0.4,0.2,0.1,0.5,-0.1,0.2,0.3,0.2,0.5,0.1,-0.2,-0.5,-0.4,-0.1,0.1,-0.1,-0.1,-0.6,0,0,0.6,0,-0.6,0.5,-0.3,-0.2,-1.1,-0.3,2.4,0.4,2.3,0.6,0.8,1.4,0.1,-0.3,-2.4,-0.3,0.2,0.1,0.7,0.2,0.1,0.4,-0.1,0.2,0.3,0.1,-0.1,0,-0.4,-0.1,-1.4,-0.3,-0.5,0.4,0,-0.3,0.7,0.2,0.6,0.3,-0.2,-0.1,-0.3,0.2,-0.7,0,-0.2,0.1,0.1,-0.2,-0.2,-0.4,0.8,-0.4,0.6,0.3,0.3,-0.6,-0.1,0.1,-0.4,-1.3,-1.4,-0.1,0,-0.3,0.1,0.3,0,-0.4,0,-0.1,-0.1,-0.1,-0.1,0.3,0,0.1,0.6,-0.6,-0.1,0.2,0.3,-0.1,-0.8,0.4,0.4,0.1,-0.4,0.2,-0.5,-0.3,-0.1,0.5,-0.2,0,0.1,0.4,-0.1,0.2,-0.2,-0.1,-0.2,0,0.2,-0.1,0.2,0.6,0.4,-0.4,0.4,0.2,-0.2,0,-0.3,0,-0.5,0.4,-0.4,-0.7,-0.3,0,0.1,-0.4,-0.2,0.1,-0.1,0.1,0.3,-0.2,-0.2,0,0,-0.5,-0.2,0,0.2,0,-0.3,0.4,-0.1,0,0.1,0,-0.2,0.1,0.1,0.1,-0.2,0.3,0.2,0.1,-0.2,0.4,0.2,0.1,-0.8,0.2,-0.2,-0.6,0.3,-0.4,0.1,0,0.1,0.4,-0.1,0.5,0.1,0.1,0.4,0.1,0.4,-0.2,-0.2,-0.3,0.2,-0.8,1.3,-0.1,-0.1,0.2,-0.2,-0.9,-1,0.1,-0.2,0,-0.2,-0.3,0.5,0.5,-0.5,-0.1,0.2,-0.7,-0.3,-0.1,0.3,0.6,0.1,-0.2,-0.5,-0.3,0.2,0,0.4,-0.1,0.4,-0.5,-0.1,0,0.1,0.1,-0.1,-0.2,-0.1,-0.1,0.4,-0.3,-0.1,0.2,-0.1,0.2,0.4,-0.4,0.4,0,-0.4,0.2,-0.1,0,0.6,0.1,-0.2,-0.8,0.1,0.4,0.2,-0.6,-0.1,-0.1,0.2,0.2,0.1,0.4,-0.2,0.3,-0.5,0.2,0.3,0.7,0,0.4,0,-0.3,-0.4,-0.3,0.4,0.2,-0.1,0.1,0.5,-0.5,-0.1,-0.4,-0.1,-0.4,0.1,0.2,-0.2,-0.8,-0.2,-0.1,-0.6,0.2,0.1,0.2,-0.6,0,0.4,0.1,0.1,-0.9,0.1,-1.1,0.1,-0.3,0.5,-0.2,0.1,0.1,0.6,0.1,-0.4,0.1,0.1,-0.6,-0.1,-1.5,0.1,-0.3,-0.3,-0.5,-0.8,0.3,0.1,0.2,-0.4,0,0.1,-0.1,-0.4,0.7,0,0.1,-0.4,-0.4,-2,0.4,-0.7,0.2,0.2,0.2,-0.1,-0.1,0.3,-0.1,-0.1,0.1,0.2,0.1,0.3,0.3,0.2,-0.4,0.4,-0.2,-0.2,0.3,0,0.3,-0.2,-0.1,-0.1,0.7,-0.3,-0.1,-0.4,-0.3,0.1,0.1,0.5,-1,-0.8,0.4,0,0,0,0.2,1.1,0,0.4,-0.6,-0.3,-0.2,0.2,0.5,-0.2,-0.4,-0.3,-0.1,-0.6,0.6,-0.2,0.2,0.3,-0.1,0.4,0.3,-0.3,0,-0.3,0.9,-0.3,0.2,0.4,0.1,-0.2,-0.1,0.1,0.4,-0.4,0.6,0,0.7,0,-0.6,0.4,-0.1,0.1,-0.1,0.3,-0.5,-0.1,-0.3,0.8,-0.4,0.2,-0.3,-0.2,0,0.7,0.4,-0.3,-0.7,0.2,0.1,-0.5,0,0.2,-0.3,0.1,-0.3,0.1,0,0.1,0.3,-0.3,0.3,0.5,0.3,-0.3,-0.1,-1,0.5,0.3,-0.3,0,0.3,0.5,0.2,0,-0.2,-0.4,0.2,0.3,0.5,0,-0.6,-0.8,-0.1,0.1,0.4,-0.2,0.5,-0.1,-0.4,0.1,-0.4,0.1,0.1,-0.4,0.3,-0.1,0.2,-0.2,-0.4,-0.2,-0.1,0.4,-0.2,-0.3,0,0.4,0.3,-0.1,-0.2,-0.3,-0.2,0.2,-0.2,-0.1,0.1,0.2,0,0,0.4,-0.5,-1,0.3,0.4,0.2,-0.1,0.3,-0.7,-0.4,0.5,-0.1,0,0.3,-0.5,0.5,0.6,-0.1,-0.6,0,0.9,0.1,0.1,-0.4,0.1,0,-0.2,0.3,-0.4,0,0.2,0.6,0.4,0,0.3,-0.1,-0.6,0.6,-0.5,0.2,0.1,0.1,-0.1,0.3,-0.4,-0.1,0.7,0.2,0,0,0.1,0.6,0,0.3,-0.7,-0.3,0.5,0.2,0.2,-0.6,-0.5,0.1,0.1,0.2,0,0,0.2,-0.5,0.2,-0.3,0,-0.3,-0.1,-0.2,0.1,0.5,0,-0.2,0,-0.6,-0.3,0.2,-0.2,-0.1,0.3,0.3,0.1,-0.3,0.3,-0.5,-0.4,-0.4,0.1,0.1,0.1,-1.9,-0.5,0.3,0.1,0.5,0,-0.3,-0.2,0.1,0.3,-0.2,-0.3,-0.4,-0.1,0.4,-0.1,-0.9,0,1,0.1,0.6,-0.5,-0.6,0,0.4,-0.2,-0.1,0.1,-0.5,-0.1,-0.3,0.2,-0.3,-0.1,0.1,-0.4,-0.7,0,-0.4,-0.3,-0.4,-0.4,-0.9,-0.1,0.2,0.3,-0.5,0.2,0,-0.4,-0.5,0.1,0.1,0.4,0.3,-0.3,-0.9,0.3,0.1,0.3,-0.3,0,0.2,-0.3,0.5,0.6,0,0.1,-0.3,0.7,0.6,-0.7,-0.3,-0.3,0.1,0,-0.1,-0.2,-0.1,0,0.3,-0.1,0.2,0.4,0.1,0.3,0.5,-0.3,0.3,-0.2,-0.2,-0.4,0,-0.1,-0.1,-0.1,-0.7,0.4,-0.2,-0.1,0.2,-0.7,0.3,0,0.5,-0.1,-0.2,0.2,0.1,-0.2,-0.7,0.4,0.2,0.1,0.3,-0.1,-0.4,0.2,0,0,-0.6,-0.1,0.2,0.1,-0.3,-0.1,0.5,-0.8,0.1,-0.4,0.1,0.4,0.3,-0.3,0.5,-1,-0.3,-0.3,0.1,0,-0.1,0,-0.7,0.2,0.2,0.1,-0.3,-0.2,-0.1,-0.6,0.1,0.1,0.2,0.3,-0.3,0,-0.5,-0.4,0.1,-0.2,-0.1,-0.1,0.2,-0.1,-0.2,0,0.2,-0.1,-0.9,-0.3,0.3,-0.2,-0.6,0.5,0.3,0.1,-0.4,0.4,-0.7,0.4,-0.3,-0.4,-0.1,-0.6,-0.4,0.3,-0.2,0.3,0.2,-0.1,0.1,-0.4,-0.2,-0.1,0
HEK293,BRD-A79768653,COC1CC(CC(C)C2CC(=O)C(C)C=C(C)C(O)C(OC)C(=O)C(C)CC(C)C=CC=CC=C(C)C(CC3CCC(C)C(O)(O3)C(=O)C(=O)N3CCCCC3C(=O)O2)OC)CCC1O,-0.1,0.1,0,0,-1,-0.5,-0.1,0.1,-0.2,-0.3,-0.2,0,0.5,-0.7,-0.1,-0.2,-0.2,0.1,0,0,0.1,-0.2,-0.1,-0.3,0.1,-0.3,0.2,0.5,0,0,-0.3,0.1,-0.3,-0.3,0.1,-0.3,0,0.1,0.3,-0.9,0.4,0.3,0,0.1,0.1,0.1,0,0.1,0.5,0.3,0.4,0,-0.1,-0.5,0.4,0.1,0,-0.4,-0.6,-0.2,0.2,-0.1,0.1,0,-0.2,0.8,0.9,0.7,-0.1,0.1,0.1,-0.1,0.3,0,-0.1,-0.2,-0.4,-0.3,-0.3,1.2,0.2,0.1,0.1,0.4,-0.1,-0.1,-0.2,0.4,0.4,0.2,-0.4,-0.2,0.5,0,0.2,0.2,-0.6,0,-0.3,0.2,0.1,0.4,0.9,0.6,0.1,0.2,-0.2,0.4,0.1,-0.5,0.8,0.5,-0.7,0.1,0,-0.2,-0.1,-0.1,0,0.4,-0.5,0.2,-0.3,0.3,0,0.2,0.2,0.1,0.3,0.5,0.3,-0.2,0.5,-0.5,-0.6,-0.6,-0.5,-0.2,0.1,-0.3,-0.2,-0.6,-0.1,0.6,-0.1,-0.2,0.1,-0.2,0.9,0.2,-0.4,0.4,0.3,-0.2,0.6,0.1,0.4,0.6,-0.1,0.7,-0.4,0.6,-0.4,-0.2,0.3,0,-0.3,0,0.2,-0.1,-0.3,0,0,-0.4,-0.1,0.3,-0.4,-0.1,0.3,-0.3,0.3,0,0.6,-0.2,0.9,-0.1,0.1,0.1,0.4,0,-0.1,-0.2,-0.4,-0.2,-0.1,0.2,-0.6,0,0.3,-0.6,-0.5,-0.5,-0.1,0.2,0,0.2,0,-1.3,0.5,-0.3,0.3,-0.8,-0.2,0,-0.1,0.9,-0.4,0.4,0.2,0.3,0.2,-0.2,-0.1,0.3,0.4,0.4,0.1,-0.1,-1.2,0,0.1,0.4,0.1,-0.5,-0.5,0.2,0.4,0.2,0.1,-0.2,0.2,-0.1,0.2,-0.1,0.3,0.1,0.4,0.1,-0.2,-0.1,-0.5,-0.1,-0.3,0.7,0,0.5,0.3,0.5,-0.2,0.2,0.2,0.1,0.1,0.7,-0.1,-0.1,0.2,0,0.3,0.2,-0.1,0,-0.1,-0.4,0,0.4,0.1,0.1,-0.2,0.3,-0.7,-0.3,-0.3,0,0.3,-0.3,0.8,1.1,0.1,-0.2,0.2,-0.1,0.2,-0.2,-0.2,-0.2,0.3,-0.2,-0.1,0.2,0.5,-0.3,-0.3,-0.3,-0.2,0.1,0,-0.6,-0.1,0.8,0,0.9,-0.2,0.3,0,-0.3,0,0.9,0.6,-0.3,-0.1,-0.2,0.1,0.1,-0.2,0.2,0.6,-0.3,0.1,0.5,0.1,-0.2,-0.2,0.1,0.1,-0.2,-0.1,0.3,-0.1,-0.1,0.9,-0.2,0.2,-0.2,0,-0.1,-0.3,-0.2,-0.3,0.1,0.4,0,-0.1,-0.3,0.7,0.3,0,0.5,0.8,-0.4,-0.2,0,0,0.1,0.1,0,0.1,-0.1,0.1,0,0.1,0,0.1,0,-0.2,-0.4,0,0.6,-0.1,0,0.1,-0.2,-0.1,0.3,-0.2,-0.5,0.1,-0.4,0,0,-0.3,1.1,0.7,0.3,-0.3,0,0.2,-0.2,-0.3,0.5,0.8,0,-0.2,-0.3,-0.3,0,-0.5,-0.3,0.5,0.1,0.2,-0.2,0,0,-0.5,-0.3,-0.1,-0.2,-0.1,-0.1,0.1,-0.2,0.2,-0.1,-0.1,0.7,-0.1,-0.1,-0.1,0,-0.2,-0.3,0.2,0.5,0,0,0,0.3,0.8,0.3,-0.5,0,-0.1,0.1,0.5,-0.2,-0.1,-0.3,0.2,0,0.3,0.1,-0.3,0,0,0.3,-0.2,0,-0.2,-0.1,0.2,-0.3,-0.1,0.2,0,-0.2,-0.2,0.2,-0.1,-0.5,0,-0.1,-0.8,-0.1,-0.5,-0.5,-0.3,-0.1,-0.3,-0.4,-0.1,-0.1,0,0.1,-0.5,0,0.2,0.4,-0.1,0.5,-0.2,-0.1,0,0.3,-0.4,-0.5,0.1,-0.4,0,-0.5,0,0.2,-0.3,0.2,-0.4,-0.7,0,0.1,0,-0.1,-0.3,0,0,-0.4,0.2,0.2,-0.2,-0.1,-0.2,0.2,0.1,-0.9,-0.1,0.3,0.3,0.4,0.1,0.6,-0.1,0,-0.3,0.6,-0.2,-0.2,0.1,0,-0.6,0.2,-0.1,-0.2,0.2,-0.1,-0.8,0.1,-0.3,-0.4,0.6,0.2,0,-0.2,-0.4,-0.5,0.6,-0.1,-0.7,-0.7,0,-0.1,0.1,-0.1,-0.5,-0.1,-0.2,0,-0.4,0,0.2,0.1,0.7,-0.2,-0.2,-0.3,0,-0.3,0.6,-0.3,0,0,-0.3,0,-0.2,-0.4,-0.3,0.1,0.3,0,0,0.6,0.4,0,-0.1,-0.2,0.5,-0.3,1.3,0,0.1,0.4,0.1,0.1,-0.2,0.4,0.2,-0.1,-0.2,-0.2,0,0.1,0.1,0,-0.2,-0.3,0.1,0.4,0.4,-0.4,0,0.2,-0.1,-0.3,0.4,0,0,0.3,0.1,-0.1,0,0.1,-0.3,-0.1,-0.2,0,-0.2,-0.1,0.1,-0.2,0.1,0.4,-0.4,0,0.1,0.2,0,-0.4,0.2,0.4,-0.4,0.2,-0.2,-0.1,-0.1,-1,0.2,-0.2,0.1,0,0.3,0.2,0.2,-0.2,-0.3,0.2,-0.4,0.2,-0.1,-0.3,-0.2,-0.3,-0.4,-0.3,-0.3,-0.1,-0.1,0,-0.3,0.4,0.3,-0.3,-0.2,-0.2,-0.2,-0.4,-0.3,0,-0.3,0.5,-0.2,0.2,0.1,-0.3,0.3,-0.2,0.8,0.2,-0.2,0.1,0,-0.5,0.2,0.4,-0.2,0.3,0,0.2,-0.2,0.4,-0.3,-0.5,0.3,-0.3,-0.2,-0.5,-0.2,-0.1,-0.7,-0.5,-0.2,0.1,0.2,-0.3,0.1,0.5,-0.1,-0.1,0,0.5,-0.2,0.3,0,0.2,-0.4,-0.2,-0.7,-0.2,-0.2,-0.2,-0.1,0.1,0.1,0.5,0.1,-0.6,-0.5,-0.6,0,-0.2,0.6,-0.3,0,-0.1,0.1,0.1,-0.1,-0.3,0.5,-0.4,0,-0.2,-0.3,-0.1,-0.1,-0.1,-0.2,-0.2,0.3,0.3,0.5,-0.2,-0.1,0.1,-0.2,0.1,-0.1,0.2,-0.1,-0.4,0.3,0.1,0,0.3,0.3,0,-0.1,0.3,0,0,0.3,-0.1,-0.1,0.1,-0.1,0.4,-0.6,-0.2,0.2,0,-0.2,-0.2,-0.1,0,0.2,0.3,0,-0.4,-0.5,0.1,-0.1,0.1,0.1,0.1,-0.2,-0.4,0.4,0.1,0,-0.3,-0.2,-0.4,-0.4,0,-0.8,0.1,0.3,0,-0.2,-0.2,0.1,0,-0.1,0,0.2,-0.1,0.3,0,-0.4,-0.3,0.4,0.1,0,-0.5,-0.1,0.6,-0.1,-0.1,0.1,0.8,-0.4,0.1,0,0.1,-0.1,-0.5,0,0.1,-0.1,0.3,-0.5,-0.1,-0.1,-0.4,0.1,-0.6,0,0.2,-0.5,0,0.3,-0.1,0.2,0,-0.3,-0.2,-0.3,-0.4,0.2,0.2,-0.3,-0.3,-0.3,-0.2,-0.4,-0.4,-0.2,-0.3,-0.6,0.1,-0.2,0,-0.3,-0.1,0,0.1,0,-0.1,1.2,0,0.2,-0.1,-0.1,-0.3,-0.1,0,-0.2,-0.2,0,0,0.4,-0.3,0,0.5,0.5,0.1,-0.2,-0.2,-0.1,-0.2,-0.2,0,-0.8,0,-0.4,0.4,-0.2,-0.1,0.1,0.2,0,-0.2,0,0.6,-0.6,-0.1,-0.9,0.4,0.7,0.3,0.5,0.3,0.1,0.1,-0.1,0.2,-0.1,-0.2,-0.1,0,-0.1,-0.4,0,-0.4,-0.2,-0.3,0,0.2,0.1,-0.6,0,0.1,0.2,-0.2,-0.2,-0.1,0.1,-0.2,-0.4,0,-0.1,0,0.3,0,0.4,0.2,0,0,0.3,0.2,0.1,0.6
HEK293,BRD-K21680192,OCCNCCNc1ccc(NCCNCCO)c2C(=O)c3c(O)ccc(O)c3C(=O)c12,-0.9,0.2,-1.2,0.2,0,0.1,-1,-2.1,-0.4,-0.8,-0.4,-0.9,1.4,-0.6,0.5,0.2,-1.1,0.7,-1.7,-0.2,1.4,0.3,-0.9,-1.9,0.5,0.7,-0.5,-1.4,1,-0.7,-0.9,1.4,-0.4,-0.9,0,1.5,-1.5,-2.2,1.2,-1.2,-0.3,1.3,-1.8,0.4,0.8,0.5,-0.1,1.6,0,1.5,1.5,-0.7,-0.4,-0.5,1.7,0.6,0.5,0.1,1.2,-3.1,-0.4,-0.8,-2.5,0.2,0.8,3.2,2.1,-0.5,-0.9,-0.9,-0.8,0.4,-1.6,-2.4,0.2,-0.3,-0.9,-0.6,-1,1.5,0,0.4,-0.4,1.5,0,0.3,0.3,-0.4,-0.7,0.8,-2.8,-0.8,-0.7,-0.9,-0.5,0.4,0.7,-1.8,0.3,-0.8,1.6,-0.7,2.2,1.7,-0.7,0.6,-1.5,1.7,-1.6,-0.2,0.1,2.2,-1.1,0.1,0.9,-0.4,-1.8,-0.7,0.2,1.8,0.9,-0.9,0.8,-1.2,1.5,2.8,0.5,0.4,1.1,1.8,0.9,-1.1,1.2,-1.3,-0.8,1,-1,-1.1,-0.4,-1.9,-0.7,-1.5,-0.2,-1.3,0,0.6,1.3,-0.2,1.8,-0.2,0,1.7,-0.5,-0.4,1.6,0.2,-0.6,1.2,0.3,2.5,-0.9,2,-1.6,-2.1,-1.1,-0.8,-1.4,-0.1,0.7,0.4,-0.5,0.6,-0.3,-0.1,-1.2,1.4,-0.8,-0.9,-0.1,-0.9,1.1,0.8,2.5,-2.2,0.8,-0.9,0.3,0.8,0,-0.7,0.1,-1,0.1,-0.2,-0.4,0,-2.2,0.2,0,-0.6,-0.6,-1.9,-2.8,-3.6,-0.7,0.4,0,-4.3,1.5,-3.9,0.8,-1,-2,0.9,0.5,-1.4,-1.7,1.8,-2.1,-0.6,0.8,-0.8,-0.1,1.8,1.2,0.7,0,-0.3,-2.4,0.1,-0.4,0.7,-2.1,-0.8,-2,-0.3,-2,0.1,-0.8,-0.3,-1.7,0.6,0.7,0,1.9,-1.5,-0.4,-1.3,-0.9,-1.5,-1.6,0.2,-1.8,2.1,0,1.4,2.2,1.4,-2.1,1.4,1.4,0.2,-1.7,3.4,-0.3,-1,-0.5,-0.5,1,1.4,0,0.2,-0.7,-0.1,0.4,0.8,-0.1,0.4,-0.2,1.7,-0.1,-0.3,-0.8,0.6,0,-2,2,2.1,0,0,-0.7,-0.6,0.3,-0.8,-0.3,0,1.6,-1.4,-0.6,-1.7,-2.2,-0.6,-0.3,-0.4,-0.4,-0.2,0.6,-1,-0.6,1.9,-0.4,2.9,-0.3,-3.3,0.9,-0.1,-0.2,-0.5,1.9,-0.1,-3.7,-0.4,1.1,0.5,-0.8,-0.3,1.4,-0.1,0.3,0.5,0.6,-0.1,-0.8,-0.2,0.7,-0.9,0.2,1.6,-1,1.2,2.3,-0.6,1.4,0.5,-0.1,-0.1,-2.3,0.2,0.8,0.6,0.6,0.8,1.3,-1.2,2.5,2,1.3,0.3,1.8,-0.6,-0.7,-1.7,0,0.6,-0.6,-0.9,0.2,1.5,-1.5,-1.8,1.6,-0.3,0.2,-0.8,0.2,-0.9,-0.4,1.1,-2,1.5,0.2,1.2,-0.6,-0.1,-1.5,-3.3,-0.1,-0.9,0,-0.6,-0.2,2.5,0.2,1.2,-0.8,0.8,-0.2,-0.5,-0.9,2.7,2.6,-0.9,-0.4,-1.1,-2.1,-0.9,-0.6,0,0.9,1.6,-1.4,-0.1,-0.4,-0.8,-1,-1.1,-0.2,-0.5,-0.3,-0.6,0.3,-0.6,1.7,-1.4,0.5,2,-0.4,-0.5,-0.2,-0.8,-0.2,-0.4,1.2,1.1,-0.4,0,0.3,2,1.8,1.2,-0.4,0.4,-0.7,-0.9,2,-0.8,-2.4,-0.5,-0.2,0.8,-0.9,0.9,-0.3,-0.1,0.1,-1.5,-0.5,-0.9,0.7,1.4,1.3,-1.1,-0.6,-0.2,-1,-0.3,-1.9,3,-1.9,-1.9,0.6,3.2,-1.5,-0.5,-2.5,-0.9,-1.3,-0.1,0.1,-0.8,-1.7,0.1,-1,-0.8,-1.2,-1.9,-0.4,1.6,-0.7,2.3,-1.4,-1.5,0.6,1.2,0.4,0.3,-1.1,-1.8,0.2,-0.3,-2.2,1.2,-1.4,-0.5,0.5,-2.4,0.1,-0.7,-1.5,0,-0.9,-0.3,0.2,-0.9,0.3,2,-0.9,1.7,-1.1,0.3,0.8,0.6,-0.2,1.4,-0.6,-1,0.2,1.5,-0.2,-1.1,-1.4,1,-0.5,-0.2,-0.6,-0.4,-1.3,-2,0.3,-0.7,0.9,0.2,-1.1,0.4,-1.1,-0.1,1.7,-0.2,-1.2,-0.5,-1.2,-1.1,2.3,-1.2,-1.7,0.1,0.7,-0.3,1.4,-0.7,-0.2,0.7,1.8,0.6,-2.2,0.1,1,0.4,2.5,-1.5,-0.6,-2.6,0.6,-1.8,1.1,-1.2,0.8,-1,-0.9,-1.5,-0.3,-1.9,-1.7,-0.4,-0.3,-0.9,-2.5,2.5,-0.6,-0.1,0.2,0.1,1.2,-1,2.6,-0.3,0.7,0.8,-0.8,-1.2,-0.3,1.2,-0.6,-1.5,-1,-2.8,-0.2,0.7,-0.4,0.3,0.7,-1.6,-0.4,-1.8,2.1,0.3,-2.3,-1.4,0.8,-0.3,-0.9,-1.4,-1.1,1.1,0.5,0.1,-0.2,-0.3,-0.2,-1.4,-0.9,0.2,-0.5,-0.7,-0.2,0.2,-0.8,1.4,-1.7,0.5,2.2,0.1,-0.8,-0.2,-0.4,0.7,-1,0.9,-1,0.1,0.4,-1.3,-0.2,-1.7,1.2,-3.1,1,0.6,-0.9,-0.3,-2,-0.9,-0.5,-0.7,1,-1.6,-2.6,-0.4,-0.5,-0.3,0.6,-0.5,-0.4,0.8,-0.2,1.2,1,-1.6,-1.6,0.6,-0.5,-1,0.5,0.7,-2.6,1.6,-0.9,0.9,-0.5,-1.5,-0.6,-2.4,1.9,-0.4,-0.2,0.5,-2.7,-1.7,0.3,1.6,-0.8,-0.3,0.1,-0.8,-3.6,-0.5,1.3,0.2,-1,-2.4,-1.3,-1,-1.4,-0.4,1.8,0.2,-0.9,-0.9,-0.5,-2.8,0.7,0.5,-2.1,-1.5,0.2,1.4,-3.1,0.3,-0.4,-0.8,-2,0,-2.1,-0.3,-0.7,-2.7,-0.9,0.8,0.8,1.9,0.3,-1.2,0.1,1.2,-1.6,-1.7,1.8,-0.5,-0.1,-1.7,-1.5,-0.2,-0.3,-1.9,1.9,0.7,-1.3,-1.1,-1.7,-1.7,-1.9,-0.9,-0.1,-2,1.2,-0.7,-0.3,-0.8,-0.7,-1.8,-1.9,-0.2,0.5,-1.3,-1.8,-1.7,1.5,2.3,0.3,0,1.3,-0.5,-0.1,-2.1,-1.1,0.5,0.9,0.5,-1.3,0.8,-0.9,0.4,-0.7,0.6,-1.5,-0.4,0.9,0.3,-1.9,-2.6,1,-3.1,-0.1,-1.4,0.5,-1.5,0,1.1,0.1,0.7,-1,-2.1,1.1,0.5,-0.6,-0.8,0.6,-1.3,-1.2,0.1,-0.3,-1.7,-0.7,-1.3,-0.3,-0.9,0.4,0.5,-1.9,-0.1,1.3,0.3,-1,0.1,-1.3,-2.3,0,0.2,-3.1,0.3,-0.3,1.4,-1.8,0,-0.7,1.4,-1,0.3,1.1,1.9,-0.2,-0.7,-0.2,-0.6,0.9,-0.6,0.8,0.7,0,-0.7,-0.1,1.1,0.8,-0.2,-0.3,-2,1.6,-0.4,-1.4,3.1,-0.7,1.1,-0.1,-0.6,-2.2,1.1,-0.9,-1.1,-0.2,0.4,0.5,-2.7,-0.8,-1,-1.9,0.2,-0.7,-1.6,-0.1,-0.6,0.5,0.9,-0.9,-0.3,2.4,-3.1,0.9,-0.9,0,-1,-1.4,-0.1,-0.1,-0.7,-0.3,-0.2,0,-1.9,0.3,2,-0.9,1.2,0.1,-1.9,-0.4,-1.3,-0.5,0,-1.1,-0.2,-2.7,2.2,-0.7,-0.1,0.1,0.7,0.8,-2.1,-2.6,0.1,-1.2,-0.5,0.9,1.7,2.6,0.5,1.2,1.6,1.9,0.7,-1.2,1.1,-1.2,-1.4,0.5,0.4,0.6,-1.3,-0.8,-1.5,-0.8,-1.8,0.4,1.3,0.9,-3.7,1,-1.1,0.5,-0.2,2,-2.3,1,-1.7,-3,0.3,-1.5,0.8,1,-0.7,-1.7,0.1,0,-0.9,1.6,0.5,0.5,1.5
THP1,BRD-K52911425,CS(=O)(=O)N1CCN(Cc2cc3nc(nc(N4CCOCC4)c3s2)-c2cccc3[nH]ncc23)CC1,-1.5,0,-0.2,-0.2,-0.8,-0.5,1,0.2,-0.6,0.8,0.4,0,-0.1,-0.7,-0.3,-0.4,-0.2,0,-0.3,-1,-0.2,-0.1,-0.1,-0.2,0.4,1.5,-0.3,0.5,0.2,-0.7,-0.8,-0.2,-0.2,0.5,-1,-0.7,0.2,0.1,1,-0.5,1,0.5,-1.3,0,0,1,-0.1,-0.4,-1,-0.1,1,-0.4,-0.5,-0.1,0.2,0.2,0.3,-0.5,0.1,-1,-0.5,-0.3,-0.9,-0.6,-0.7,1.1,1.3,0.2,0.6,0,-0.4,-1.8,-0.3,-0.1,-0.1,-1.3,-1,-0.4,0.2,-0.9,0.9,-0.2,0.5,1.9,0.5,0,-1.2,-0.2,-0.6,-0.6,-0.1,-0.1,0.2,0,-0.8,-0.3,-0.7,0,-0.5,0.3,0.4,0.3,0.8,1.1,0,0.1,-0.6,-0.1,-0.5,-0.6,-1.1,0.6,-0.6,0.4,-0.4,-0.3,-0.5,-0.3,-0.8,0.3,-0.8,0.6,0.7,0.7,0.5,1.4,0.1,-0.3,-0.2,0.2,0,-0.3,-0.5,-0.9,-1,-2,-1.2,-0.1,-0.1,0,-0.1,-0.8,-0.3,0.2,-0.2,-0.8,0,-0.3,0.7,-1.3,-0.5,1.1,0,-0.2,0.1,0.1,-1.1,-0.3,0.9,0.6,-0.7,0.1,-0.2,-1.2,0.9,-0.7,-1.3,0,-0.6,-0.3,-0.7,-0.1,-0.2,1.4,-0.6,-0.3,-0.3,0.1,0.3,-0.2,-0.3,0.1,-0.1,-0.9,1.3,0.2,-0.1,-0.1,0.3,-1.1,-0.8,-0.2,-1,-0.2,-0.4,0.2,-0.3,0.5,0.4,0,-0.6,-1.1,-0.1,0.4,-1.4,0,0.3,-0.1,-0.1,-1.6,-0.7,-1.4,-1.1,-0.2,0.4,0.4,-0.7,0.2,-0.2,0.7,-0.7,-0.3,0.7,-0.4,-0.5,0.1,0,-0.5,-1.3,-0.2,0.3,0.3,-0.2,-0.4,0.4,0.4,-0.2,-0.9,0.2,0.1,-1,0.1,-0.1,0.1,0,1.3,0.9,-0.1,0.5,-1.4,-0.8,1.2,-0.4,0.6,-1.3,2.3,-0.4,0.8,0.3,-0.6,0.1,-2.2,0.4,-0.4,-0.3,0,0.3,0.5,0,0.3,0.1,-0.3,0.3,-0.5,-0.4,0.4,-0.2,-0.2,-0.2,0.3,-0.5,-0.1,-0.6,-0.2,0,-0.4,0.4,0.3,0.4,-0.1,-0.2,-0.5,0.1,-0.6,0.2,-0.6,-0.9,0.3,0.1,-1.2,-1.3,-0.4,-0.5,-0.3,-0.3,0.1,-0.1,0,0.7,0.8,0.1,0.3,0.1,-0.9,0,-0.2,0,-0.9,-0.5,0.3,-1.6,-0.6,-0.6,0.2,-0.1,0.7,0.6,0.7,-0.1,0.5,0,0.5,0.1,0.4,-0.2,-0.1,0.7,-0.1,1,0.1,1.4,-0.3,0,-0.9,0.4,-0.7,0.2,0.1,-1.1,-0.1,-0.1,-0.4,-0.1,1,1.2,0.1,0,-1.4,1.1,-1.3,-0.2,0.5,0.2,0.5,-0.7,-1.1,0,0.1,-0.1,0.8,0,0.9,0.1,0.5,-0.8,-0.3,0.2,-0.2,0.2,-1.6,-0.4,-0.1,-1.1,-0.2,-1.7,-0.9,-0.8,-0.2,-0.1,0.2,-0.6,1.4,0,0.5,0.9,-0.2,-0.6,-0.5,-0.4,-0.3,0.2,0.2,-0.4,0.1,-1,0,-0.2,-0.4,0.6,0,0.2,-0.2,-5.4,-0.4,-0.1,0,-0.2,-0.3,0,-1,-1.1,-0.1,0.5,0.2,0.3,1,-1.1,-0.1,0.4,0.4,-0.6,0.1,0.6,0.5,0,0.1,0.2,-0.2,0.3,-0.9,-1.3,-0.2,0.2,0,0.8,-0.2,0.8,0,0.1,-1.1,-0.1,-0.3,-0.6,0.3,-0.9,0,-0.8,0,0,-1.4,0.3,-1.4,-0.5,0,-0.3,-0.6,-0.5,0.1,0.3,0.4,-0.1,0,-1.4,-0.2,-0.6,0.5,-0.4,0.1,0,-0.4,-0.3,1.5,0.4,-1,-1,0.4,-1.6,0,0.5,0.1,0.1,0.8,0.1,0.5,-0.6,-0.9,-0.4,-0.3,-0.8,-0.3,0,0.8,-0.1,-0.3,-1.4,-1.4,0.1,-0.1,-0.4,-1.2,0.1,-0.3,0.8,0.6,-0.3,0.4,-0.3,-0.1,-0.2,-0.3,1.2,-0.2,0.6,-0.4,-1.5,-0.4,-0.2,0.9,-0.2,-0.4,0,-0.3,-0.2,-0.1,0.8,-0.2,-1,-0.2,-1.7,-0.3,0.6,0.9,-0.8,-0.5,-0.3,-1.3,0.9,-0.6,0.1,-0.5,-0.5,-0.3,0.1,0.2,-0.4,-0.3,0.6,-0.1,-0.1,0.2,-0.3,-1.2,-0.1,0.7,-0.4,0.6,-0.2,-0.1,0.6,-0.7,-0.8,-0.7,0,-0.2,0.5,-0.4,0.8,0.1,-0.1,0.2,0.2,-0.6,-0.8,0,0.2,-0.1,-1.6,0.3,0.4,-0.1,-0.5,-0.2,0.3,-0.2,0.1,-0.2,0.5,1.6,0,-0.6,0.3,0,0.8,0.3,0.4,-1.6,0.1,0,-0.4,-0.1,0.6,-1.2,-0.6,-0.2,0.3,-0.4,-0.4,-0.3,-0.2,0.1,0.1,0.8,-0.7,0.6,0.7,0.2,-1,-0.5,0.1,-0.5,-0.8,0,0.1,0.4,-0.3,-0.2,0.1,-0.7,0.3,-0.4,0.9,0,0.4,0.2,0.1,0.4,-1.3,-1.2,-0.2,0.7,-0.3,-1.4,0.3,0.1,-1,0.4,-0.6,-0.3,0.6,0.7,-1.3,1,-0.6,-0.3,0.3,-0.6,-0.7,0.1,-1.2,0,0.6,-0.1,0.1,-0.5,-0.9,-0.1,0.6,-0.6,-0.5,-1,-0.8,-0.2,-1,-0.6,-0.9,1.2,-0.4,-0.2,0.2,-1,0.5,-0.5,0.4,-0.8,-0.4,-0.6,-0.1,-0.5,-0.4,0.2,-0.5,-0.2,-0.4,0.8,-0.6,0.1,0.3,0.1,-0.2,-0.5,0.1,-0.2,0.1,0.3,-1.3,-0.5,-0.8,-0.1,0.6,0.2,0.3,0.1,0.1,-0.3,-0.4,0.2,0.4,-1,0.2,1.3,-0.1,0.7,-1.5,0.1,1,0.1,-0.4,-0.4,-0.1,-0.2,0.1,-0.1,-1,0.4,0,-0.1,0.6,0,0.4,1,-0.3,-0.2,0.5,0.1,0.1,-0.6,-0.4,0,-1.4,-1.4,0.9,-0.8,0,-0.2,-0.5,0.5,1.2,0.1,1.4,-0.4,-0.2,-0.7,1.1,-0.3,-0.3,-0.2,-0.1,1,-0.1,0.7,-0.3,0,-0.2,0.5,-0.3,-0.2,0.5,0.2,0.8,0.8,-0.6,0.7,-1.9,-0.6,0.4,0.3,0,0.2,0.1,0,0.2,1.3,-0.7,-1.3,-0.3,-0.3,0.2,-0.3,-0.1,-0.3,0.1,-0.3,0.1,0.4,0,-0.3,-0.6,-0.5,0,-0.8,-0.8,0.3,-0.8,-0.5,-0.5,-0.9,0,-0.7,-0.6,0.1,-0.8,0.4,0.5,0.1,-0.7,-0.2,1.5,-0.5,0.3,-2.4,-0.4,0.8,0.1,0.1,0,0.5,1,-0.9,0,0,0.6,0,0.9,-0.3,-1,0.1,-0.5,0.7,-0.1,-0.6,-0.7,-0.8,-0.3,0.7,-0.9,0,1.2,0.8,-1,-0.3,0.7,-0.3,-0.2,-0.6,-1.3,-0.3,0.1,-0.4,-0.8,0,-0.4,-0.3,-0.7,-0.2,1,1.2,-0.2,0.1,0,0.8,0.9,0.4,0.3,-0.4,-0.1,0,0.4,-0.2,-0.2,1.1,0.6,-0.8,-0.2,-0.4,0,0.9,-0.2,-0.3,-0.2,0,0.9,0.5,-1.1,-0.2,0.4,-0.2,-0.9,0.9,0.7,0.8,-0.6,0,-0.6,-0.4,0,-0.2,-0.4,0.1,-0.3,-0.8,0,-0.5,-0.9,0.7,-0.9,0.2,0.3,-0.5,-0.1,0.8,-0.7,0.5,-0.7,-0.8,0.7,-0.3,0.5,-0.4,-0.1,-0.3,0.1,-0.8,-0.1,0.4,0.3,-0.7,0.4,-1.2,0,-0.2,-0.6,-0.5,1,-1.2,-0.5,0.2,-0.3,0.7,0.3,-0.9,0,0,0,-0.6,-0.6,0.1,-0.6,0.8
THP1,BRD-K25412176,Cn1ncc(Cl)c1-c1cc(sc1Cl)C(=O)N[C@H](CN)Cc1cccc(F)c1,-1.2,0.1,-0.2,-0.7,0,-0.3,0.9,0.1,-0.4,-0.1,0.2,-0.3,0.5,-0.6,0.3,-0.3,-0.8,0,-0.4,-0.9,-0.2,0.1,0.1,-0.1,0.3,1.7,-0.3,0.4,0.3,-0.2,-0.6,0.2,-0.1,0.4,-1.2,-0.3,-0.3,-0.1,0.1,-0.5,0.7,0.3,-1,-0.4,-0.2,0.2,-0.2,-0.4,-0.4,0.1,0.5,-0.3,0.1,-0.3,0.4,0.3,0.3,-0.4,-0.2,-1,-0.1,0.1,-0.8,-0.3,-0.3,1.3,1.2,0.1,0,-0.3,-0.3,-1.6,-0.5,-0.1,-0.1,-0.7,-0.8,-0.3,0.4,-0.4,0.9,0.2,0.5,1.6,0,-0.2,-1,0.7,-1,0.3,-0.1,-0.1,-0.6,0.1,-0.5,0,-0.6,-0.2,-0.4,-0.3,-0.1,0.9,1.1,1,0.1,0.2,-0.4,0.5,0,-0.5,-0.9,0.7,-0.6,0.1,0.1,-0.2,-0.7,-0.8,-0.4,0.3,-0.8,0.3,1,0.6,0.6,1.4,0.4,-0.2,-0.1,0.7,0.1,-0.3,0.1,-1,-0.8,-1,-1.1,0,-0.4,0.3,-0.1,-0.7,-0.4,0.1,-0.1,-1,0.2,-0.2,1.7,-1.1,-0.4,0.9,0.1,0.2,0.7,0.1,-0.6,1,0.5,0.5,-0.7,0.4,-0.1,-1.1,0.7,-0.5,-0.9,0,0.2,-0.2,-0.6,-0.2,-0.3,1,-0.4,0,-0.2,0.1,-0.1,0,0.1,0.1,0.6,-0.5,1.3,0.1,-0.1,-0.5,0.1,-0.6,-0.6,-0.4,-1.1,0,-0.6,0.7,-0.4,0.1,0.3,0.5,0.3,-0.8,-0.3,0.4,-0.7,0.3,0.2,0.2,0.1,-0.8,-0.6,-1.2,-0.9,0.1,0.2,0.2,-0.5,0.5,-0.1,0.9,0,-0.3,0.6,0.3,0,0.3,0.3,-0.4,0.1,-0.1,1.1,0.2,0,-0.3,-0.4,0.1,-0.4,-0.6,0.3,-0.2,-1,0,-0.1,0.1,0.7,1.1,-0.1,0.2,0.6,-1.5,-0.8,0.1,-0.6,1.6,-0.9,1.9,-0.6,1.1,0.3,-0.3,0,-1.8,0.3,0,-0.2,0.6,0.2,0.4,0.3,0.1,0,-0.2,0.2,-0.6,-0.1,0.7,0,-0.3,-0.1,0.6,-0.1,-0.1,-0.3,-0.1,-0.1,-0.3,0.3,1.1,0.4,-0.6,0.4,-0.6,0.3,-0.8,0,-1,-0.8,0.2,0.2,-0.8,-0.1,-0.5,-0.5,-0.4,-0.3,-0.2,-0.1,-0.1,0.7,0.9,0.8,1.3,0,-0.9,0.1,-0.2,0.1,-0.5,0.4,-0.1,-1.2,-0.8,-0.3,0.1,-0.3,0.4,0.8,0.5,0.1,0.7,-0.3,0.5,0.1,0.7,-0.3,-0.2,0.1,0.1,0.7,-0.1,0.7,-0.6,0,-0.4,0.1,-0.7,-0.7,0,-0.9,-0.1,0.7,0,-0.1,0.8,0.8,0.8,0.3,-0.6,1,-1.1,0.4,-0.2,0.3,0.3,-0.7,-0.7,0,-0.1,0.7,1,-0.1,0.7,0.1,0.4,-0.3,-1,0,0.1,0.2,-0.7,-0.4,-0.1,-0.6,-0.1,-1.6,-0.7,-0.4,-0.4,-0.1,0.4,-0.2,1.5,0.1,0.1,0.9,-0.2,1,-0.6,-0.3,1.1,0.4,0.2,-0.2,0,-0.7,0.1,-0.7,-0.3,0.6,0,0,-0.4,-2,0.3,-0.4,-0.1,0.3,-0.3,-0.2,-0.8,-1.4,-0.1,0.4,0.3,0,1.2,-0.7,0.2,0.3,0.1,-0.4,0,0.5,0.4,0.2,0.3,0.1,-0.1,0.7,-0.3,-0.8,0.2,0.2,0.2,0.7,-0.3,0.2,0.6,0,-0.7,-0.2,-0.3,-0.3,0.2,0,-0.4,-0.9,0,0.1,0.2,0.2,-0.9,-0.2,0.1,-0.3,0,-0.3,0.1,0.4,0.3,-0.2,-0.2,-1.1,-0.1,-0.6,-0.4,-0.4,0.1,-0.1,-0.2,0,0.8,0,-0.4,-0.9,0.2,-0.8,0,-0.2,0.4,-0.2,0.5,0.3,0.7,-0.7,-0.8,-0.4,-0.6,-0.4,-0.3,0.2,0.9,-0.1,-0.4,-1,-1.1,0.1,0,-0.8,-0.6,-0.1,0.1,0.9,0.4,-0.3,0.5,-0.4,-0.3,-0.1,-0.2,1.2,-0.5,0.4,-0.1,-1,-0.3,0.1,0.7,-0.2,-0.3,0.1,1,0.1,-0.1,0,-0.1,-0.7,-0.3,-1.5,-0.3,0.4,0.9,-0.4,0.2,-0.4,-1.3,0.6,0,0.3,-0.2,-0.7,0.1,0.2,0.1,-0.4,-0.2,1,0.2,0.3,0.3,-0.2,-0.5,-0.3,0.5,-0.2,0,0.1,0,0.4,-0.2,-0.6,-0.5,0.3,0,0,-0.3,0,0.1,-0.1,0.4,0.1,-0.4,-0.8,0,0.3,-0.1,-0.7,2.1,0.4,0.1,-0.5,-0.3,0.6,-0.2,2.4,-0.1,0.1,0.9,-0.2,-0.5,0.1,0.4,0.2,0.2,0.1,-1.3,0.1,0.3,-0.6,0.1,0.6,-0.3,-0.9,-0.1,0.3,-0.6,-0.1,-0.2,0,-0.1,-0.1,0.8,-0.2,0.4,1,0.5,-1.2,-0.8,0.1,-0.6,-0.2,-0.1,-0.5,0.5,-0.4,-0.6,0.1,0,0.1,-0.4,0.3,-0.1,-0.2,0.9,0.3,0.1,-0.9,-0.4,-0.8,0.8,-0.4,-1.5,0.5,-0.1,-0.6,0.2,-0.7,-0.1,0.4,-0.3,-0.7,0.7,-0.6,-0.6,0.3,-0.5,-0.6,-0.1,-0.8,0.2,0,-0.1,0,-0.5,-0.8,-0.3,0.3,-0.6,-0.1,-1,-0.6,-0.2,-1,-0.7,-0.9,1.1,-0.4,-0.6,0,-0.9,-0.7,-0.5,1.4,-0.9,-0.4,-0.3,-0.3,-0.2,-0.9,0,-0.5,-0.2,-0.4,0.4,-0.4,-0.3,0.2,0,-0.1,-0.4,-0.2,-0.1,-0.2,0.2,-1.2,-0.4,-0.6,-0.2,0.2,0.4,0.2,0.1,0.2,-0.5,-0.2,0.5,0,0.2,0,1.4,-0.1,0.4,-1.5,0,0.6,0.1,-0.5,-0.2,-0.1,0.1,0.2,0.2,-0.9,0.2,-0.1,0,0.6,-0.1,0.4,1.3,-0.3,0.2,0.1,0.1,0.4,-0.6,-0.2,-0.1,-0.9,-1.2,-0.2,-0.6,0.1,-0.1,0,0.8,1.2,0,0.7,-0.6,-0.3,-0.5,0.9,-0.3,0,-0.2,0,2.3,-0.1,0.2,-0.3,0,-0.2,0.7,-0.3,-0.6,0.3,0.2,0,0.7,0.7,0.8,-2.1,-0.4,0.5,-0.2,-0.2,0.2,0.2,-0.1,0.4,1.7,-0.2,-0.7,-0.5,-0.3,-0.1,-0.3,-0.1,-0.4,0.1,-0.1,0.2,0.1,0.1,-0.4,-0.7,-0.3,0,0,-0.1,0.1,-0.8,-0.3,-0.1,-0.9,-0.1,-0.3,-0.5,0.2,-0.3,0.4,0.2,-0.1,-0.6,0.3,1.5,-0.5,0.2,-0.7,-0.5,0.5,0.2,0.4,-0.1,0.7,0.7,-0.1,0.1,0,0.1,0.1,0.5,-0.2,-0.7,0.1,-0.1,0.3,-0.2,-0.6,-0.8,-0.6,0.1,0.6,-0.6,-0.1,2,-0.4,-0.5,-0.3,0.7,-0.3,-0.1,-0.5,-1.4,0.1,0.2,-0.2,-0.6,0.6,0,-0.6,-0.9,-0.2,0.9,0.2,-0.4,-0.4,0,0.7,0.8,0.1,0.6,-0.1,-0.3,0.4,0.2,-0.1,-0.2,0.4,0.8,-0.6,0.1,-0.5,0,0.9,-0.1,-0.4,0.9,0.9,0.5,0.5,-0.8,-0.2,-0.1,-0.1,-0.4,0.7,0,-0.1,-0.6,0.4,-0.7,0,0.1,0.1,-0.1,0,-0.3,-0.2,0.1,-0.3,-0.6,0.7,0.8,0.4,0.1,-0.4,0.7,-0.2,-0.4,-0.3,-0.4,-0.7,0.3,-0.2,-0.1,-0.5,-0.3,-0.2,3.4,-0.6,-0.6,0.3,0.5,-1.2,0.2,-0.5,-0.1,-0.1,1.4,-0.4,0.9,-1.2,-0.4,0.1,-0.4,-0.2,0.6,-0.9,0.2,0.1,-0.2,-0.3,0.3,0,-0.6,0.8
THP1,BRD-K70301465,Nc1ncnc2n(nc(-c3ccc(Oc4ccccc4)cc3)c12)[C@@H]1CCCN(C1)C(=O)C=C,0.3,0.1,-0.1,-0.2,0,-0.1,0.2,0.1,0,-0.1,0,0,0,-0.1,-0.1,0,0.3,0,-0.2,-0.2,0,0.1,-0.1,-0.3,0,0.3,-0.1,0,-0.1,-0.1,-0.4,-0.1,0,0.2,-0.1,0,0.1,0.1,0,-0.3,0,-0.2,0.1,-0.1,0,0.2,-0.2,0,0.1,0,0.2,0.1,0.1,-0.2,-0.1,-0.2,0.2,0,-0.1,-0.2,0,0.3,-0.1,0.2,-0.1,-0.5,0.4,-0.3,0.3,0,0,-0.2,-0.1,-0.2,0,-0.1,0,-0.2,0,-0.2,0,-0.2,-0.3,0.5,-0.3,0.2,0.3,0.3,0,-0.2,0,-0.2,-0.2,0,0,-0.2,0,-0.3,-0.1,0,-0.2,0.2,0.1,0.3,0.4,-0.1,-0.1,0.3,-0.1,0.2,0,0.1,0,0.2,0.1,-0.1,0,-0.1,0,0.1,-0.2,0.6,0.1,0.4,0.3,0.5,0.2,-0.1,0,0,0.3,-0.1,0.3,0.2,0,0.4,0,-0.1,0.2,0,0,0.2,-0.1,0,-0.2,-0.1,0,0.1,-0.6,-0.1,-0.4,0.4,-0.1,0.1,0.2,0,-0.1,-0.3,-0.2,0.1,-0.5,-0.2,0.4,0,-0.2,0.1,0.1,0,0.2,0,0.3,0,-0.1,0.2,0.1,0,0,-0.3,-0.1,-0.3,-0.1,-0.2,0.2,0.5,0.1,0,0.1,-0.1,-0.2,-0.1,-0.1,0.1,0,0.1,-0.1,0,0.1,-0.1,-0.2,0.1,-0.1,0.3,-0.1,-0.1,0,0,0,0.4,0.1,-0.1,-0.1,-0.1,0.3,-0.1,-0.2,-0.5,0.1,0,0.2,0.1,-0.1,0,0,0,-0.1,0.1,0.2,0.2,-0.1,0.1,0.2,-0.1,0,0.2,-1,0,0,-0.1,0.2,0.1,0,0,-0.1,-0.1,0.2,0,-0.1,0,0,0,0.2,0.1,0,-0.2,-0.2,0.3,-0.1,-0.3,0,-0.4,0,-0.1,-0.1,-0.4,-0.2,-0.4,0.1,0.1,-0.1,0,-0.1,-0.1,0.2,-0.2,0,0,0.1,-0.1,-0.1,-0.1,0,0.3,-0.1,0.1,0.2,-0.3,-0.2,-0.2,0,0,-0.2,0,-0.1,0.2,0,-0.1,0.1,0,0.3,-0.2,-0.5,-0.2,-0.3,0,0.1,0,0.1,-0.1,0.1,0.2,-0.2,-0.1,-0.3,-0.2,0,-0.1,0.2,0.4,-0.3,0.2,0,-0.2,0.1,0,0,-0.1,0,0,0,0.2,-0.2,-0.3,0.1,0,0,0.1,0,-0.1,0.3,0.1,0.1,-0.1,-0.1,0,0,-0.2,-0.2,-0.1,-0.1,0,0,0.1,-0.2,0.1,0,0,0.2,-0.5,0.1,0.1,-0.4,-0.2,-0.1,0.1,0,-0.1,0,0.1,0.2,0,0.1,0,-0.1,0,-0.3,0,0.1,-0.2,0.1,-0.7,0,-0.2,-0.1,0,0.1,-0.3,0.2,-0.3,0,-0.1,-0.3,-0.3,0,-0.1,0.1,0.1,0.1,0.1,0.1,0.1,0.1,0.1,0,0.5,-0.1,0.2,-0.2,-0.1,-0.2,0,-0.3,0.1,-2,0,0,-0.2,0,-0.1,0,0,0,0.1,0,0.1,-0.3,0,-0.1,0.3,0.1,0.1,0.2,0.1,-0.1,0,-0.2,-0.2,0.1,0,0,-0.3,0.1,-0.1,0,0,0.1,-0.1,-0.2,0.2,-0.2,-0.2,0,-0.1,0.2,0,0.1,0.1,-0.4,0.4,0.3,-0.1,0.1,0,0.2,0,0.2,0.4,-0.1,0.4,-0.1,0.1,-0.1,-1,0,-0.3,-0.3,0.4,-0.1,0,-0.1,0.2,-0.2,0.2,-0.3,0.1,-0.1,0.1,0,-0.1,0,-0.1,0,0,0,-0.1,0.2,-0.2,0,-0.1,0,-0.1,-0.1,-0.2,0,-0.5,0,0.1,-0.1,0,-0.1,0,0,0.1,0.3,0,0,-0.1,0.1,-0.1,-0.1,-0.1,0.6,-0.1,0.2,0,0.1,0.1,0,0.1,0.1,-0.2,0.1,-0.2,0.1,-0.1,-0.9,0.1,0,0,0,0,0.1,0.3,-0.1,-0.1,-0.1,0,0.2,0.4,-0.1,0,0,0,0,0.1,0.3,0.1,0,0,0,0.2,0.2,0.1,0.1,0,-0.2,0.1,0.2,0,-0.4,-0.2,0,0,0,0,0.5,0.1,0.3,-0.1,0.2,0.2,0.1,0,0.1,-0.1,-0.1,0,-0.1,-0.1,0.2,-0.2,0.1,0.1,0.1,0.1,-0.3,0.1,0,0.1,0.3,0.2,0.1,-0.4,0.1,0.2,0.1,0.1,0,0,0,0,0.2,0,0.2,0,-0.1,-0.2,0.2,-0.1,0.1,-0.1,-0.4,0.1,0.1,0.2,-0.2,-0.3,-0.1,-0.2,-0.3,-0.1,0.2,-0.1,-0.2,-0.1,-0.1,0.2,-0.1,-0.2,0,0.2,0.1,0,-0.1,0.2,-0.1,-0.2,-0.2,0.2,-0.2,0.1,-0.2,0,0.1,0.3,-0.1,0,0,0.2,0.1,-0.4,0.1,0.2,0,0,0.1,-0.2,0,-0.1,0.2,0.1,0,-0.1,0.2,0,0.1,-0.1,-0.1,-0.1,-0.1,0.1,0,-0.3,0.1,0,0,-0.4,-0.1,-0.3,-0.1,0,0.1,0.1,0,0,-0.1,0.2,-0.3,-0.5,-0.5,-0.2,0,0.1,-0.5,-0.2,0,-0.3,0.1,-0.2,0,0,0.1,-0.1,-0.1,-0.2,0.3,0.1,-0.2,-0.1,0.2,0.2,0.1,-0.1,0,0,0.1,0.2,0,0,0.1,-0.3,0.2,-0.1,-0.1,0,0,-0.2,0.2,0.1,0,0.1,0,0,-0.4,-0.2,0,0.1,-0.1,0.1,0,0.2,0,0,0.1,0,0,0,0,-0.1,0.2,0.3,0.2,0,0,-0.2,-0.1,0.1,0,0.1,0.2,-0.2,0,0.1,-0.1,-0.1,0,-0.1,0.1,-0.3,-0.2,-0.2,0.1,0.3,0,-0.2,-0.2,0.1,0,0.3,0.1,0.3,0.2,0.2,0.6,-0.2,0.2,0,0,0.1,0,0,0,-0.1,0,-0.1,-0.2,0,0.1,0,0,-0.1,-0.1,-0.1,-0.4,-0.3,0.1,0,-0.1,-0.2,-0.2,-0.7,-0.2,0,-0.2,0,-0.2,0,-0.4,0.1,0,-0.1,0,0.2,0,0.3,-0.1,0,0.4,0,-0.3,-0.5,0,0.2,0.1,0,-0.1,-0.1,-0.5,0.1,0.1,-0.1,0.3,0.1,0.3,0.2,-0.1,0.1,0.4,0,0.1,-0.1,0.1,0,0.1,0.1,0,-0.2,0,0.2,-0.1,0,-0.1,0,0.1,0,0.4,0,0.1,0.1,0,0,0.1,-0.1,0,0.1,0.2,0,0.1,-0.2,0.2,0.2,0.1,0.2,0.2,0,-0.1,-0.1,0,0,0,-0.1,0.3,0.1,0,0.2,0,0.1,0,0.1,0.1,0.7,0,0.1,0,0,0.1,-0.1,-0.1,0.1,0.1,0.3,-0.1,-0.1,0,-0.1,-0.2,-0.3,0,-0.3,0.1,0,0,0.1,-0.2,-0.1,0.4,-0.3,-0.1,0,-0.2,-0.1,0,0.1,-0.1,-0.1,0,0,-0.3,0,0.1,-0.1,-0.2,-0.3,-0.2,0.1,-0.1,-0.2,-0.2,0.1,0.2,0,-0.3,-0.1,0.1,-0.1,0.2,-0.3,-0.1,-0.1,-0.1,0.1,-0.3,0,0,-0.1,-0.1,-0.1,0.3,-0.2
THP1,BRD-K85402309,CN1CCN(CC1)c1ccc2nc([nH]c2c1)-c1c(N)c2c(F)cccc2[nH]c1=O,0,0.9,0,0.8,1.1,-0.3,-0.1,0.2,-0.5,-0.6,-0.3,-0.1,0.2,-0.4,0.8,-0.4,-0.1,0.2,-0.6,-1,1,0,0,0.3,-0.4,2.7,-0.3,0.2,0.5,-0.1,-0.3,0.4,-0.2,-0.7,-0.8,-0.3,-0.1,0.4,1.1,-0.8,0.9,0.5,0.1,-0.4,-0.4,-0.4,-0.4,-0.3,-0.4,0.4,-0.1,-0.6,0.2,0.2,0.4,0.4,0.8,-0.4,0.4,-1.2,-0.8,0.3,-1.2,0.1,-0.6,1.2,0.6,0.2,0.6,-0.1,-0.3,-0.2,-0.6,-0.2,0.2,-0.4,-0.2,-0.8,0.2,-0.1,0.2,-0.1,0.5,0.9,-1.6,0.2,-0.1,1.4,-0.2,-0.3,-0.4,-0.1,-1.2,-0.2,0,-0.3,-0.6,-0.1,-0.1,0.2,0.2,0.1,0.7,1.8,0.1,0.1,-0.5,0.3,-1.2,-0.5,-0.7,0.8,0.8,0.3,0.4,-0.4,-0.5,-0.5,0.1,0.4,-0.7,0.3,1.6,0.9,0.3,0.4,0,-0.1,0.1,0.6,-0.1,-0.3,-0.6,-0.3,-0.1,-0.9,-0.5,0.2,-0.5,0.4,-0.2,-0.7,0.2,0,-0.2,0.4,0.3,-0.5,0.7,-1.4,0.2,-0.1,0.1,0.8,1,0.2,-0.6,1.1,0.4,0.2,-0.4,0.2,-0.2,-2,0.4,-0.3,-0.6,0,-0.2,0,-0.6,-0.1,-0.2,1.3,0,0.4,-0.2,0.5,-0.1,-0.1,0.1,0,0.9,-0.5,1.3,-0.2,0,-0.5,1,-0.3,-0.2,-0.8,-0.6,-0.2,-0.5,0.5,0.1,0.1,0.6,0.4,1,0.9,-0.9,-0.3,-1.2,0.2,0.4,0.1,0.5,-0.7,-0.4,-1,-0.5,0,0.1,0.4,-0.2,0.6,-0.2,0.5,-0.5,-0.5,0.2,-0.3,-0.4,0.1,0,-0.6,0.8,-0.2,-0.4,0.7,0,-0.5,-1.1,-0.4,-0.4,-0.2,0.1,-0.3,-0.7,0,0,0.5,1,0.8,0.2,-0.1,-0.1,-0.3,-0.8,-0.5,-0.4,1.2,-0.6,0.4,-0.1,0.4,-0.1,-0.7,0.3,0.1,-1.6,-0.3,-0.1,0,0.2,0,0.3,0.3,0,0,0.8,-0.3,0,0.3,0.5,-0.2,-0.3,0.5,0.1,0.1,-0.2,-0.2,-1.3,-0.6,0.6,1.3,0.5,-0.1,-0.1,-0.9,0.1,-0.1,-0.2,-0.7,-0.5,-0.1,0.5,-0.4,-0.8,-0.3,-0.2,0.3,-0.4,0.2,0.1,0.4,0.1,0.7,-0.3,0.9,-0.1,-1.8,0.1,0.1,0.4,-0.3,0.7,0.1,-0.4,-0.7,0.3,0.5,1.9,0.7,0.9,0.3,-0.1,0,-0.6,0,-0.5,0.1,-0.1,0.1,-0.1,-0.2,-0.3,-0.2,0.4,-0.3,0.2,-0.4,0.3,0,-1.2,-0.2,-0.3,0,0.8,0.5,-0.4,0.2,0.5,-0.4,0.4,-0.1,1.9,-0.5,-0.9,-0.2,0.2,-0.1,-0.1,-0.4,-0.1,-0.1,-0.6,-0.4,1.2,-0.4,0.2,-0.2,0.1,-0.2,2,-0.1,0,-1.1,-0.2,0.3,-0.2,0.8,0,-0.5,-0.3,-0.7,0.2,0,-0.4,0.7,0.3,0.9,-0.6,-0.1,0.2,0.1,-0.4,-0.3,0.7,0,-0.7,0,-0.9,-0.2,-0.4,-0.3,-0.3,0.2,-0.4,0,-5.2,-0.8,-0.2,-0.2,0.1,0.1,-0.1,-0.8,-0.1,-0.3,0.5,0.3,0.3,2.1,0.1,-0.1,-0.2,-0.1,-0.1,-0.1,0.1,0.1,-0.2,-1,0.2,-0.1,0.9,-0.4,0,-0.1,-0.3,0.4,0.6,0.1,-0.6,0.3,0,-0.6,-1.2,0.2,-0.6,0.1,0.2,0.2,-1,-0.6,0,-1.4,0.8,-1,-0.4,0,-0.5,-0.3,0.1,0,-0.5,-0.6,0,0.9,-0.9,0.3,-1.7,0.1,0.2,-0.5,-0.5,-1.2,-0.2,0.6,0.4,0.3,0.3,0.2,0,0.3,-0.1,0.1,-0.8,0.4,0.3,0.8,-0.4,0,-0.7,-1.2,0.4,0.1,0.6,0.5,-0.2,-0.5,-0.6,0,-0.3,-0.3,-0.1,-0.3,-0.4,0,0.1,-0.7,-0.2,0.5,-0.2,-0.5,-0.3,0.5,0.9,-0.8,-0.1,-0.7,0,-0.6,-0.4,0.6,-0.2,0,-0.2,1,-0.2,-0.5,0.2,-0.2,-0.1,-0.9,-0.4,-0.3,0.4,-0.3,0,0,0,-0.6,0.6,0.5,0.6,-0.6,-0.5,-0.7,1,-0.5,-0.4,-0.1,1.6,-0.2,0.5,-0.2,-0.1,-0.7,-0.3,0.4,-0.5,-0.4,0.3,0,1.7,-1.4,-0.1,-0.6,-0.3,-0.1,-0.3,-0.2,0.6,0.3,0.1,0.6,-0.7,-0.5,-0.8,0,0.6,-0.6,-0.4,1.7,-0.1,0.4,-0.3,-0.3,0.8,-0.6,2,-0.6,-0.4,1,0,-1.7,0,0.3,0.2,0.7,-0.1,-0.4,0.1,0.2,-0.4,-0.1,0.3,-0.4,0.8,-2.2,0.7,-0.5,-0.3,0.1,0.8,0.6,-0.6,-0.4,0.2,-0.6,-0.1,0,0,-0.2,0.2,-0.4,0.1,0,-0.6,-0.5,-0.4,0.5,-0.4,0.1,-0.2,-0.3,0.2,-0.1,-0.7,0.8,-0.3,0.1,-1.1,-0.7,0,-0.1,-0.5,-1.2,0.2,-0.5,0.3,-0.1,-0.6,0.1,0.1,-0.6,0.7,-1,-0.7,-0.4,-0.6,-0.2,-0.2,-0.4,-0.2,0.3,0.6,-0.3,-0.2,0,0,-0.2,0.5,-0.7,0,-0.6,-1.2,0.4,-0.1,-0.2,-0.3,-0.3,-0.4,-0.1,-0.5,-0.8,0.6,-0.5,0.8,-1.2,0.1,-0.2,-0.3,-0.6,-0.8,0.5,0.1,-0.7,1.3,-0.1,-0.6,-0.2,-0.4,0.6,-0.8,-0.6,-0.6,0,-0.4,-0.2,0.5,-0.1,-0.6,0,0.1,0,0.7,0.2,-0.2,-0.3,-0.6,0.9,-0.6,0.1,0.3,0.6,0.1,-0.5,-0.6,-0.1,0.4,-0.6,-0.2,-0.2,0.9,0.1,-0.9,0.4,-0.3,0.2,-0.1,-0.3,1.4,-0.7,0.4,0.1,0,0.4,-0.5,-0.2,0.8,-0.3,-0.4,-0.2,-0.9,-0.9,-0.1,-0.4,-0.5,-1.5,-0.2,0.5,0.3,0,-0.2,-0.1,-0.3,0,-0.5,-0.1,-0.4,-0.1,0.4,0.7,-0.1,0.5,0.4,0,-0.3,0.1,-0.3,0.1,-0.2,-0.4,-0.9,0.9,0,1.2,-1.6,-0.4,0.1,-0.2,0.7,-0.6,0,0,0.9,1.3,-0.5,0.3,-0.9,-0.4,0.4,0.2,0.4,-0.1,-0.5,0.4,-0.4,0.2,0.3,-0.4,-0.5,0.2,-0.3,0.2,0.7,-0.1,-0.2,0.4,0.2,0.2,-0.1,0.1,-0.1,1,0.2,-0.7,0.2,-0.3,-0.7,0.2,-0.2,-0.2,0.4,-1.6,-1.1,0.7,0.5,0.1,-0.2,-0.4,0.3,-0.4,0.4,0.7,0,0.5,0.4,0.2,0.3,0.2,1,0.5,-0.2,-0.6,0,0.1,0,0.5,-1.7,-0.3,2.5,0.1,-0.7,1,0.7,-0.4,-0.5,-0.4,-0.3,-0.1,0.1,0.4,-0.9,0.3,-0.4,-0.7,-0.3,-0.2,0.5,1.6,-0.5,0.6,0.4,-0.5,0.4,0,-0.4,-0.2,0.2,0.3,0.4,0.1,0.1,0.6,-0.7,0.4,-0.1,-0.3,-0.1,0.1,0.2,-0.3,0.3,0.5,0.8,0.1,-0.4,-0.4,0.7,0.1,-0.5,0.3,0.1,0.4,-0.4,0.5,-0.7,0.1,-0.2,-0.5,0.1,0.3,-0.5,0,0.4,-0.3,0,1.1,1.2,-0.3,0.6,0,0.4,0.3,-0.3,0.6,-0.2,0.4,0.1,0,1,-0.3,0,-0.5,2.1,-0.5,0.5,0.1,0.3,-0.4,0.4,-0.8,-0.9,-0.4,0.4,-0.8,0.9,-0.5,-0.7,-0.4,-0.1,-0.9,1.3,-0.5,0,0.2,0.1,-0.1,0.7,-0.1,-0.3,1.1
JURKAT,BRD-K81418486,ONC(=O)CCCCCCC(=O)Nc1ccccc1,-0.5,0.4,-1,0.2,-1.3,-0.6,0.9,-1.1,1,0.3,-0.4,-0.7,1.4,0,3.3,1.7,-0.3,1,0,0.5,0.5,2.1,-1.4,-0.6,-0.5,0.3,-0.9,1.5,0.7,0.1,-0.2,1.3,-2.5,-1.3,-2.5,-1.2,-0.1,-0.4,0.4,-0.1,1.4,1.5,-0.2,0.1,0.3,0.4,0.1,0.8,0.5,0.7,2.1,-0.5,0.5,-0.7,0.3,0.8,0.2,0.6,-0.7,-1.1,0.3,-0.4,1,0.1,0.6,2.3,2.5,0,-1.6,-0.1,0.6,-0.7,0.3,0.9,0.3,0.5,-1.1,-2.6,0.2,4.2,-0.5,-0.2,-0.2,0.9,0.3,-0.2,-0.2,-0.2,0.2,0.3,0.5,2,0.5,-0.6,0.4,-0.2,-0.6,-1.9,-0.9,-0.2,1.6,0.2,1.6,2.2,0.3,0.6,0,0.2,-0.6,-3.5,-0.7,2.6,-0.1,-1.1,0.7,-0.5,0.4,1.5,0.3,0.2,-1.8,-1.5,0.8,0,0.5,0.2,-0.3,-0.3,-0.6,1.1,0.5,-0.3,0.2,-0.7,-0.9,-1.1,-0.9,0.3,1.2,0,0,-0.8,-0.8,0.7,0.4,1.1,-0.4,-0.3,1.8,0.1,-0.5,1.2,-1.9,-1.1,1.7,1.1,-1.2,1.3,0,0.7,-1.2,1.1,0,0.2,0.1,-1.3,2,0,0.3,-0.4,-0.3,0.7,0.2,-0.6,0.9,-1.2,0.2,0.8,-0.9,-0.1,1.1,0.3,1.6,0.3,2.5,-0.3,0,-0.5,-0.1,-0.2,0.5,0,0.5,0,-0.7,1.1,0.7,0.3,0.4,0.3,-1,0.7,-2.4,0.1,-0.7,0.3,1.2,0.1,0.5,-1.2,-1.3,-1.7,1.5,0.5,-2.6,3.5,-1,1.1,-2.6,0.3,0.5,-1.6,-0.7,0.8,0.4,0.6,0.5,0.6,0.9,-0.1,0.5,1,-2.2,0.2,0.2,0.2,0,-0.1,0.7,-0.4,-0.1,0.8,0,-0.3,1.5,-0.9,0.5,-0.5,-1.4,-0.4,-1.8,0.3,-1.5,2,-1.6,1.4,0.8,0.8,0.3,-0.1,0.8,-1.1,-3.9,0.1,0,0.4,-0.1,-0.3,0.6,0.1,0.2,0.1,-1,-0.4,0.5,1.8,-0.3,-0.4,-0.9,-0.2,0.1,0.3,-0.4,-0.2,-2.1,-1.5,1.2,0.3,-0.3,-3,0.6,-0.2,0.6,-0.8,-2.9,-1.8,0.2,-1.8,2.1,0.2,-0.5,-0.4,-0.6,-1.6,-1.4,-0.1,0.8,-0.9,0.5,1.2,0.6,1.8,0.7,-0.4,0.4,0.5,-0.5,-0.7,0.6,0.5,-1.4,-0.8,0.8,1.1,0,0.1,1.4,0.3,0,0,2.4,0,-2.7,-0.6,0.6,0,0.2,-0.1,-0.1,1.9,1.6,-4.4,-2.2,0.7,0.6,0.4,-0.9,0.5,0.4,0.3,2,1.6,-3,0.7,-2.6,1.7,0.8,-0.6,2.7,-1.9,0.7,-0.2,-0.2,-1.1,1.9,-0.2,0.7,0.1,0.7,-0.8,-0.4,0.1,0.2,0.1,0.1,0.5,0,1.4,-0.8,1.2,0.2,0.5,0.6,0.3,0.6,-1.4,0.1,0.1,0.1,1,0.2,2.3,0.1,0.6,-2.4,-0.4,0.4,0.3,-1.1,2,1.4,1.2,0.8,-0.5,-2.1,-0.6,0.1,0,0.2,0.8,-0.6,0.1,0.1,-1.2,-0.3,-0.5,0.8,0.3,-1.3,-0.4,0,1.5,0.9,0.9,-0.7,1.3,-1.3,-1.2,-0.8,-0.5,-0.2,-0.1,0.6,1.2,-0.7,0.7,0.3,-0.3,1.1,0.7,-0.8,-0.3,-0.6,1.2,0.3,0.5,0.6,-0.1,0.6,2.4,0.6,-0.1,0.3,0.2,0.5,0.2,-0.7,0.6,1,-0.3,0.6,-1.2,-1,2,0.9,-1.3,-0.3,0.6,-1.1,-0.7,0.5,-0.3,-2.6,-1.9,-2,-0.3,-1,-0.2,-0.1,-0.5,0.2,1.1,0.7,-0.2,-0.6,0.1,0.2,0.3,0.3,1,-1.1,-0.5,1,0.1,0.1,-0.4,-0.4,0.2,0.9,-0.6,0,1.6,-0.1,-0.2,-0.1,-0.4,0.1,0.3,-0.9,0.3,0.3,0.4,2.8,0.2,0.8,0.5,-0.9,-1.2,1,4.2,0.6,-1.1,0.4,0.5,-0.4,0.2,0,0.9,0.3,0.5,0.2,0.6,0.8,-1.9,-1.1,0.2,0.7,0.3,-1,-0.3,0.3,-2.4,0.2,0.2,-0.1,-0.8,-0.8,1.3,-0.5,-0.7,-0.3,0.1,0.3,-0.1,-2.9,-0.7,-0.5,0,0.3,-0.1,1.7,0.4,-0.9,-0.5,-0.7,-1.1,0.7,0.2,3,-1.4,0.2,0.3,-1.4,-0.1,0.1,-0.6,-0.4,0.1,0.6,-0.8,0.5,-0.9,-1.3,-0.8,0.4,-2.1,0,1.4,-0.2,-0.2,0.8,0,0.8,-0.6,2.4,-0.4,1,0.5,-0.8,0.1,0.4,2.2,-0.8,-1.9,0.8,-0.2,0.5,0.4,0.5,0,1.2,0,-0.5,-0.2,1.2,0,-0.9,0.3,-0.5,-0.9,-2.1,0.3,0.2,0.1,0.8,-0.5,-0.3,-0.1,-0.8,1.1,-0.2,-0.3,0.1,-1,-2.2,-0.3,2.1,0.4,-1.4,-1.1,-1,-0.8,-0.7,0.4,0.3,0.9,0,0.7,-0.9,0.4,1.2,-2.3,0,-0.1,0.9,0.4,1.2,1.4,0.2,0.2,-1.1,-1.6,-0.7,-0.3,0.2,0.4,-1,-0.7,-0.6,1.9,-0.4,0,-0.7,0,0.7,0.7,1.5,-2,0.4,-0.5,-0.5,-2.8,0,0,-1.1,1.8,0.2,-0.4,-0.7,-0.3,0.6,-1.3,0.8,-1.8,-0.2,-0.4,0.5,-0.1,0.1,-1,-1.2,0.9,-0.2,-0.6,1.1,0.3,0,0.7,0.8,0.2,-0.2,-0.6,-0.6,0.7,-1.1,0.7,-0.8,-1,0.3,0.1,-0.2,1,0.8,-0.2,-0.9,0.8,-0.5,0.2,0.2,1,-0.5,-0.4,-0.3,-0.7,0.7,-0.8,0,0.4,0,0.3,0.5,0.6,-1.2,-1.1,-0.2,-0.8,2,0,0.8,1.2,-0.3,-0.2,-2.3,-0.3,1.1,-0.3,0.4,0,-0.1,0,-0.9,0.3,-0.4,-2.3,0.8,1.1,0.8,0.5,0.2,-0.8,0.4,-0.5,0.9,0.4,-0.3,-1.4,0.7,1.4,0.1,0.8,1.1,1.5,0.1,0.9,-0.6,1.3,-0.3,-0.1,-2.4,1.4,0.3,2.2,-1.3,0.4,2.1,-0.6,0.6,0.1,0.8,-0.5,0.6,0.9,0.8,-1.3,-0.4,0.4,0.2,-0.4,0.1,-0.6,1.4,-0.3,0.3,-0.5,-0.2,-1,0.2,1,-2,0.4,-0.5,0.7,0.5,-0.4,-0.1,-1.1,-0.4,-0.7,-0.7,1.2,0.1,2.4,-1.1,-2.7,-1.1,0.8,0.1,0.4,-0.3,-0.9,-0.9,1.2,1.6,-0.2,-0.1,-0.4,-1.6,-0.3,-1,1.2,-1,1.1,0.8,-0.3,0.4,0.1,0.3,0.9,1.4,-0.2,-0.5,2.4,0.1,0.4,-3.3,-0.6,0.5,-0.6,0.2,0.5,0.1,0.5,-0.5,-0.3,-0.7,-0.5,-1.1,0.3,0.4,0.1,-2.3,0.5,-1.7,0.1,-1.2,0.3,-0.5,1.1,-1.6,0.1,0.5,0.3,-0.1,-0.2,1.3,0.4,0.5,-0.5,0.1,-0.9,-0.1,-0.4,0.8,-0.2,-0.4,-1.2,0.9,-0.8,0.4,0.2,0.8,-0.1,-0.9,0.9,-0.2,0.2,-0.5,-0.1,-0.8,0.3,0,0.3,-0.1,0.4,-0.2,-0.2,0.4,0,2.4,0.5,-0.3,-1.4,-2.3,1.3,1.4,0.7,0.8,1.2,0.3,0.3,-0.6,0.6,-1.2,-0.4,0.3,0.7,-0.6,-0.6,0.7,0.4,0.2,-1.8,-0.1,-0.1,0.8,-1.1,-0.7,-0.1,0.3,-1,0,-1.6,0.6,-0.7,0.3,0.8,-0.5,0.5,1.6,-0.8,1,0.6,-0.7,-0.6,0.1,-0.1,0.6,1.3
JURKAT,BRD-A61304759,COC1CC(C)CC2=C(NCC=C)C(=O)C=C(NC(=O)C(C)=CC=CC(OC)C(OC(N)=O)C(C)=CC(C)C1O)C2=O,-0.5,0.3,0,0.4,-2.1,-0.4,0.5,0,0.1,-0.2,0.2,-0.3,0.6,-0.9,-0.8,-1.1,-0.3,0.1,0,-1.3,0.1,1.1,0.1,-0.5,-0.3,-0.3,-0.5,-0.6,0.3,-0.7,-0.2,0.5,0.1,-0.7,-0.7,-0.7,-0.1,-0.2,0.6,-0.5,0.9,-0.2,-2.2,-0.1,-0.2,0,0.1,-0.1,0,0,0.8,-0.6,0.1,1.5,0.4,0.5,0.8,0,-0.5,-1,-0.2,0.1,-1.1,0,0,1,0.9,0.4,0.5,-0.8,-0.6,-2.4,0.6,-0.3,-0.1,-1.5,-0.9,-0.4,0.5,0,0.1,-0.2,-0.5,0.4,-0.2,-1,-1.7,-0.1,-0.9,-0.2,0.1,1,0,-0.1,-0.1,-0.3,1.1,-0.4,0.2,-0.1,0.6,-1,0.8,0.7,-0.1,0,-0.3,0.4,-0.8,-0.8,-0.9,0.9,-0.4,0.3,1,-0.1,0.1,-0.5,-1.1,0.5,-1.1,0,0.3,-0.1,0,0.2,-0.1,-0.6,0,0.5,0.1,-0.3,-0.3,-1,-0.8,-0.4,-0.5,0.1,-0.6,-0.5,0,-0.2,0.2,0.1,0,-0.6,-0.6,-0.3,0.8,-1.3,-0.5,0.6,0.2,-0.7,0.7,-0.1,0,1.4,0.1,0.1,-0.4,0.6,0.2,-0.3,-0.5,0.1,-1.3,0,-0.3,0.2,-0.4,0.1,0,0.7,-0.1,1.9,0,0.1,0,-0.2,0,0.1,0.6,-0.1,0.9,0,-0.1,0,0,-1.3,-0.2,-0.1,0.1,-1,-0.2,0.2,0.1,0.1,0,-0.1,-1.3,-0.7,0,-0.1,-0.4,-0.2,1.6,0.2,1.3,1.4,2,1,2.9,0.2,1.4,0.1,-0.5,0.4,0.4,1.1,0.1,0.6,0.2,0.3,0.2,0.1,0.4,0.4,-0.7,-0.5,0.2,0.4,0,-0.3,-0.2,0,-0.2,-0.3,-0.5,0.8,-2.4,-0.1,0,-0.3,0.2,0.3,0,-0.5,-0.3,-2.2,0.6,0,-0.5,1,-0.2,-0.1,0,0.4,-0.4,-0.2,-0.1,-1.8,-1.5,-0.1,-0.2,0,0.4,0.2,0.2,-0.2,-0.6,0.1,-0.5,-0.3,-0.1,0.3,0,-0.3,-0.1,0.4,-0.5,0.1,0.4,0.6,0,-0.4,0.6,0,0.6,-0.6,0.3,-0.9,0.1,-0.2,1.7,-0.5,0.2,0,0,-1.6,-0.9,-0.4,0.2,-0.4,-0.3,0.4,0.1,1.3,1.1,0.7,-0.3,1,-0.9,-0.6,0.2,-1,-0.3,-0.6,0.3,-0.2,-2.4,-0.7,-0.2,0.2,0,-0.1,0.4,0.5,0.3,0.6,0.1,-0.1,-0.1,0.5,-0.4,-0.2,0.8,0,0.1,0.3,0.6,0.4,0.2,-0.2,-0.1,-0.3,-0.1,0.4,0.3,0.1,0.1,0,-0.8,-0.2,0.2,0.7,0.1,-1.4,0.8,-2,0,-0.2,-0.8,0.3,-0.1,-1,0.5,-0.1,0.8,-0.3,0,0.5,-0.2,1.1,-0.5,-1.4,-2.4,0.4,-0.1,0.7,-0.3,-0.3,-0.4,-0.6,-1.5,-0.8,-0.3,-0.1,0,0.4,-0.4,0.7,-0.2,-0.3,-0.6,0.3,0.1,-0.4,-0.4,0.3,0.7,0.5,-0.5,-0.1,0.3,-0.2,0,-0.4,0.4,0.2,-0.3,-0.3,0,2,0.3,-0.1,0.6,-0.1,-0.2,-0.3,0.1,-0.1,0.6,-0.4,-0.1,0.7,-1.2,-0.4,-0.1,0.2,-0.2,0,0.3,-0.2,-0.2,0.4,-0.2,-0.6,0.9,0.6,-1.8,0.2,-0.3,-0.4,0.1,0,-0.8,-0.1,-0.1,-0.5,0,0.2,1,0.3,0.5,0.8,-0.6,-0.9,-0.2,-0.1,0.3,-0.9,-0.1,0.2,-0.6,-1,-0.1,0.3,-0.1,0.4,0,-0.4,-1.6,0.1,0.4,-0.5,-0.6,0.2,0.3,-0.2,-0.1,1,0.3,-0.7,-1.5,0.3,-2.9,0.2,-0.7,0.4,-0.5,0,0,0.3,-0.2,1.5,0.3,0,-0.8,0.2,0,0.7,-0.1,-0.5,-0.7,-0.9,0.6,0.4,-0.5,-1.2,0.3,0.1,-0.5,0,-0.1,0.2,0,-0.6,0.4,-0.4,0.1,-0.7,1,0,-1.5,0,1.8,0.6,-0.1,-0.4,-0.1,0.4,-0.1,0,0,-0.5,-1,0,-2.2,-0.2,0.6,0.2,-0.2,-1.2,-0.1,-1,1.1,0.2,0.4,-0.1,-0.5,0.5,0.5,0.8,0.4,-0.8,0.6,0.5,0,0,0.2,2.7,-0.3,0.4,-0.2,-0.1,-0.2,-0.2,0.6,-0.1,-0.6,-0.2,-0.3,0.6,0.2,-0.1,0,0.1,0,-0.5,-0.2,-0.3,-0.1,0.1,2.4,-0.7,-0.9,0.7,-0.4,0.9,0,0.3,0.4,-0.5,1.3,-0.1,-0.1,-0.2,0,0,-0.3,2.4,0.4,-0.1,-0.2,-0.7,0,1.3,-0.9,0.4,-0.4,0.1,0.3,-0.7,-0.2,0,-1,0.2,-0.7,-0.4,-0.3,0,-0.4,0.6,0.1,-0.7,0.2,-0.4,-0.3,-0.2,-1,0.4,0.1,0.2,-0.7,-1.7,0.5,0.4,-0.5,-0.3,0.6,0.9,0.1,-0.7,-0.1,-0.2,0.1,-0.1,-0.5,-0.2,-0.3,-1.5,-0.2,0.3,-0.5,-0.1,-0.4,0.6,0.1,-0.5,-1.4,1.5,-0.2,-1.3,0.8,-0.3,-0.3,0.1,-0.3,-0.4,-0.4,0.2,-0.1,-0.7,0,-0.1,0.3,-0.1,0,0,-0.6,0.7,-0.9,0.2,-0.5,0.5,0,-0.4,0.5,-0.7,0.1,-0.6,0.5,0.5,-0.8,-0.3,0.1,-0.2,1.2,-0.2,-0.6,-0.3,0.2,0.6,-1.1,0.1,-0.7,0,0.6,0.4,-0.1,-0.1,-0.4,0,0.1,0.5,-0.5,0.1,0.5,0.5,0,-0.1,0.5,-0.1,-0.9,0.3,-0.2,0.1,-0.2,0.7,-0.2,0.1,-0.3,-0.1,0.8,-0.2,-0.5,-0.1,0.2,0.6,0.5,1.3,-0.6,-0.5,-0.6,-0.1,1.1,-0.4,0.6,0.3,0.3,-0.2,-0.7,0.1,0.3,-0.1,-0.6,-0.3,0.3,-1.1,0.7,-0.5,0.3,-0.2,0.2,0.1,0.2,-0.1,-0.1,-0.8,0.3,-0.3,0.2,0,-0.1,0.3,0.3,0.5,-0.2,-0.4,0,-0.2,0.4,0.1,-0.4,0.6,0.6,0.1,-0.1,0.8,-0.3,0.9,0.1,-0.6,-0.1,-0.5,0.4,1.7,-0.4,-0.5,0,-0.1,-0.2,0.5,-0.5,-0.4,0.3,0.1,-0.3,-0.2,-0.3,-0.1,0.1,0,-0.1,-0.6,0.1,-0.1,-0.5,-0.8,-0.4,-0.5,-0.4,-0.8,-0.9,-0.7,0.1,-0.1,-0.2,-0.5,0.5,-0.1,-0.6,-1,0,0,0.8,-0.3,-0.2,-1.2,0.2,0.3,1.1,-0.1,-0.2,0.2,-0.2,-0.2,0.1,0.1,1,-0.1,1.1,1.6,-0.9,0.4,-0.7,-0.1,0.1,0.1,-0.3,3.1,0,0,-0.4,0.3,0.8,-0.1,-0.1,0.4,0.4,-0.1,-0.4,-0.1,-1.9,-0.4,0,0,-0.6,-0.2,-0.1,0.1,-0.6,0.2,-0.9,0,-0.4,0.4,-0.1,0.1,0.6,0.3,0.3,-0.9,0.2,0,0.1,0.1,-0.1,-0.5,-0.4,-0.4,0.3,-0.5,-0.1,-0.6,-0.2,-0.5,-0.3,0.1,0.2,1.8,-1.1,0,0.6,0.4,-0.3,0.1,-1.6,-0.5,-0.6,0.4,-0.2,0.1,-0.2,-1.2,-0.9,0.3,0.2,-0.2,-0.4,-1.3,-0.4,0.1,0.7,0.9,0.4,0,-0.1,1.2,-0.4,0.5,-0.5,-0.5,0.2,0.2,0.2,-0.6,0.2,0.2,-0.3,-1.5,-0.3,0.3,0.1,0.4,-0.4,0,-0.4,-0.2,-0.4,-0.3,0.5,-1.1,-0.1,0.3,-0.5,-0.1,0.1,-1.1,0.6,-0.1,-0.2,0,0.3,-0.2,-0.2,0.6
JURKAT,BRD-K66538826,S=C(NCc1ccc2OCOc2c1)N1CCN(CC1)c1ncnc2c3ccccc3oc12,0.4,-0.1,0.2,-0.4,1.1,-0.3,-0.1,-0.6,-0.2,0.2,0.4,0.1,0.9,-0.2,0.9,0,0.1,0,0,-0.1,0.5,0.1,0.2,0.2,0.1,-0.1,-0.2,0.2,0.3,-0.2,-0.2,0,0.2,0.2,-0.3,-0.7,0.2,0.3,0,-0.1,-0.1,0.2,-0.2,0.1,-0.2,-0.1,0.1,-0.2,0.3,0,0.2,0,-0.3,-0.1,0,0,0.1,0.1,-0.3,-0.4,-0.2,-0.1,0.3,0.2,0.1,-0.4,-1.7,-0.2,-0.2,0.1,-0.5,-0.2,-0.1,-0.3,0.4,0,-0.1,-0.4,0.1,0.1,0.2,-0.3,0.1,0.1,0,0.2,-0.2,-0.5,0,-0.5,-0.3,0.5,0.5,-1,-0.7,-0.1,0,-0.1,0.2,-0.3,0.1,-0.2,-0.1,-0.3,0.2,0.1,0.1,0.2,0.1,-0.4,0.4,-0.4,-0.2,0.4,0,0,0.1,0.3,-0.2,-0.3,-0.2,0,0,0,-0.1,-0.7,0.3,0,0.5,-0.4,0,0,-0.1,0.1,-0.3,-0.8,-0.4,0.3,0,0.1,0.2,0.4,0.2,0.9,-0.1,-0.2,-0.1,0,-0.4,-0.1,-0.2,0.1,0.4,0.2,-0.3,-0.3,0.9,-0.1,0,0.3,-0.2,0.1,-0.2,0,0,0.1,0,0,-0.7,0.4,-0.2,0,0.2,0,-0.1,-0.3,0,0.2,-0.2,0.4,0,0.1,-0.4,0.1,0.3,0.1,0.2,0.1,0,-0.2,-0.3,-0.1,-0.1,0.3,0,-0.4,0.1,0,0,0.7,0.9,0.2,0.1,0.1,0,-1.1,-0.1,1.1,-0.5,-0.7,0.2,-0.8,-0.1,0.1,0.5,0,-0.2,-0.2,-0.5,0.4,-0.1,-0.2,0.2,-0.2,0.1,0.1,-0.1,0,1.1,-0.3,-0.2,0.1,0.3,0.1,0,-0.2,0.3,-0.2,0.2,0.1,-0.2,0.4,0,-0.1,0.8,0,-0.1,-0.1,-0.3,0.1,0,-0.1,-0.2,0.7,-0.5,0.1,0,0,-0.1,0.9,-0.1,-0.4,-0.2,0.3,0,-0.2,0,-0.2,0,-0.1,-0.1,0.1,-0.1,-0.2,0.1,0.1,0.5,0.2,-0.2,-0.3,0,0.1,0.2,-0.2,0.3,-0.3,0.3,-0.2,0.7,-0.2,0,0.1,-0.2,0.1,0.3,0.1,0.9,-0.2,0.3,0,0.1,0.2,-0.5,0.2,-0.1,0,0,0.4,0,-0.2,0,-0.3,0,0,-0.2,-0.2,0,0.2,-0.5,-0.1,-0.3,-0.2,0.1,0.1,0.2,-0.1,1.1,0.2,-0.9,0.2,0.3,-0.1,-0.1,-0.1,0.4,-0.1,0.1,0.1,0.2,0.2,-0.2,-0.3,-0.3,-0.6,-0.2,-0.1,-0.8,-0.2,-0.2,0,0.2,0,-0.1,0.2,-0.1,0,0.1,-0.4,0.7,0.2,0.2,-0.1,0.1,0.1,0.1,-0.1,0.2,0,-0.1,0,0.5,-0.1,-0.2,0.2,0.2,-0.2,0.2,0.6,0.3,0.2,0.1,0.3,-0.1,0,0,-0.3,-0.2,-0.3,0,0.1,0,0,-0.1,0.1,-0.4,0.1,0.7,0,0,0.5,0.2,-0.1,0,0.3,-0.1,0.2,0,0.2,0.2,0.1,0.4,0.1,0.1,-0.2,0,0.2,0.1,0,0.1,-0.1,-0.2,-0.1,0.1,0.7,-0.3,0.4,0,-0.1,-0.2,0.2,-0.7,-0.3,0.1,-0.2,-0.3,0.5,0,0,0.3,-0.1,-0.3,0,0.1,0.1,-0.3,0.1,-0.3,0.2,0.2,-0.1,-0.1,0,0.3,0,-0.3,-0.2,-0.4,0,0.4,0,0.1,0,-0.2,0,-0.1,0.2,0.2,0.1,0.1,0.2,0.2,0.1,-0.6,0,-0.2,-0.4,-0.1,0.2,0,-0.2,0.2,0.3,-0.1,0.1,-0.4,0.1,0.1,-0.1,-0.1,-0.2,-0.4,0,0.1,-0.1,0,0,0.6,0,-0.1,-0.4,0.3,-0.3,0.1,-0.1,-0.7,-0.2,-0.1,0.1,-0.1,-0.1,-0.3,0.2,0.2,0.2,-0.2,0.2,0,0,0.2,0,0,0.3,0.1,0.5,0.4,0.1,0.1,0.3,-0.4,0.5,0.2,-0.4,0.4,0.1,-0.1,0,-0.2,-0.2,0.1,-0.2,0.1,0.4,0.1,-0.6,0,-0.3,0.4,0.3,-0.4,0.1,-0.1,0,0.5,-0.1,-0.8,0,-0.1,-0.1,-0.1,-0.1,0.1,0,0,0.3,0.1,-0.1,0.4,0.2,-0.1,0.1,0,-0.3,1.1,0.1,0.8,0,0.1,-0.2,0.1,-0.2,0.1,-0.2,-0.1,-0.1,0.2,0,-0.1,0.9,0.3,0.1,0.1,0,0,0.1,1.9,0.1,0,1.2,0.6,-0.1,-0.3,-0.1,0,0.1,0.9,0.2,0.1,-0.5,-0.2,0.3,-0.3,0.1,0,-0.5,0.5,-0.2,0,0.3,-0.1,-0.1,0.3,0.5,-0.3,0,-0.1,0.2,0.1,0.6,0.1,0,0.1,0,0.1,0.1,0,0.2,0.5,-0.1,-0.2,0.2,0.3,0.6,1.3,0.5,0.1,-0.1,-0.3,0.1,0.3,0.2,0.3,-0.5,-0.1,0.1,-0.1,0.2,-0.1,0.2,-0.1,0.1,0.7,-0.7,-0.1,-0.1,0.1,-0.2,0,-0.1,0.6,0.1,-0.3,0,0,0.2,0,0,0.3,0,-0.1,0,-0.1,0.3,0.1,0.1,-0.1,-0.2,-0.1,-0.4,0.4,-0.1,1.3,0.2,0.1,-0.1,0.2,0.3,0.5,0.1,0.4,0.5,-0.1,0,1.1,-0.2,0.1,0.5,0.2,-0.2,0.1,0.1,0.3,-0.2,0.1,0.1,0.2,0.3,0,0.1,0.2,0.4,0.2,0.5,0.1,0,-0.1,-0.1,-1,0.1,0.1,1.1,0.2,0,-0.1,0,0.3,0.4,0.8,0.2,0,-0.2,0.2,-0.1,-0.2,-0.4,0.3,0.1,-0.2,0,0.2,0.2,-0.1,-0.1,-0.1,0.1,0,0,0,0.1,0.2,0.5,0.5,-0.2,-0.2,-0.3,0,0.2,0.2,0.1,0.1,-0.4,0.2,0.1,0,-0.1,0.2,0.2,0.3,0.2,0.1,0.1,0,0.5,0.1,0.1,0.1,0.7,0.6,0.2,-0.1,0.6,0.1,0.3,0.9,-0.2,0.1,0.1,-0.6,0,0.5,0.4,0.4,0.1,0.1,1,-0.1,0.1,0.1,0.1,0.3,0,0,-0.2,0,0.2,0.1,0.1,0.2,0,-0.1,0,0.5,0,0.1,0.1,0,0.3,0.1,-0.1,0.1,-0.4,-0.3,0.1,0.2,0.4,0.1,0.1,0.2,-0.1,0.5,-0.3,-0.3,0.3,-0.1,-0.2,0,0.2,-0.2,0.1,-0.3,0.2,1.6,-0.2,0.3,0.1,-0.5,0.1,-0.4,-0.2,-0.1,-0.3,-0.5,0.3,-0.8,0.2,0,-0.8,0.1,0,-0.1,0,0.2,-0.4,0.3,0.4,-0.4,-0.7,0.1,0.1,-0.2,-0.4,-0.5,-0.1,0.1,0.3,-0.1,0.2,-0.2,0,0.3,0.1,0.1,-0.4,-0.1,-0.1,0.5,1,-0.3,0.4,0.1,-0.1,-0.5,0.2,0.3,0.4,0.2,0.3,0.1,-0.1,0.1,0.5,0.2,0.7,-0.8,0,0.1,-0.3,0,1,-0.1,0.2,0.1,0.1,0,0.2,-0.4,-0.2,0.1,-0.1,0.1,0.1,0.5,0,-0.3,0.2,2,0.3,1.2,0.3,-0.2,1.2,0,-0.1,0.7,0,0.2,0.1,0,0,0.2,0.1,-0.6,0.2,-0.1,0.7,-0.2,-0.4,-0.2,0,-0.3,0,0.1,0.1,0,-0.1,-0.1,-0.1,-0.1,0.5,0.1,-0.2,0.2,0.2,0,0,0.1,0.3,0.3,-0.1
JURKAT,BRD-K51575138,NC(=O)Nc1sc(cc1C(N)=O)-c1ccc(F)cc1,1.3,0.2,0.4,0.4,-1,-0.5,-0.1,-0.1,-0.2,0,0,0.1,0.1,-0.8,-0.3,-0.1,-0.1,0.2,0,-0.8,0,1,-0.4,-0.6,0.2,0.2,-0.2,0,0.1,-0.4,-0.1,0.2,-0.2,0.5,0,-0.1,-0.1,-0.1,0,-0.3,0,0.6,-0.2,-0.1,-0.2,0.2,0.1,-0.4,0,-0.1,0.4,-0.2,-0.2,-0.4,0.3,0.4,0.2,0,-0.1,-0.9,-0.7,-0.4,-0.6,-0.1,-0.2,0.6,0.8,0,-0.2,-0.7,-0.9,-0.4,-0.3,-0.5,0,0.1,-0.1,-0.3,-0.3,-0.1,0.6,-0.2,0.1,0.2,-0.7,-0.2,-0.6,-0.3,0.2,-0.1,-0.5,0.1,0.1,0,-0.2,-0.2,-0.5,-0.3,0.3,0.1,0.1,-0.3,0.8,0.1,0.1,0.1,-0.2,0,-0.1,0,-0.2,0.3,-0.6,0.7,0,0,0.1,0.2,-0.1,-0.3,-0.2,0,0.4,-0.1,0,-0.2,0.2,-0.3,0.3,0.3,0.1,-0.2,-0.1,0.8,-0.5,0.1,-0.5,0.1,-0.5,0.3,-0.2,0.5,0.1,0.2,0,0.2,-0.1,-0.1,0.3,-0.1,0,0,0.6,-0.3,0.3,0,-0.3,0.3,0,0.2,-0.2,0.7,0.3,-0.2,0,-0.2,-0.5,0.1,-0.1,-0.2,-0.2,0.1,0.1,-0.1,-0.1,-0.2,5.1,-0.1,-0.1,-0.1,0.1,0.1,0.7,0.1,-0.1,0.1,-0.1,0,0.3,-0.2,-0.4,0,0.1,0.3,0.1,0,-0.2,0,0,-0.7,-1.2,-0.6,0.3,0.1,-0.6,-1.1,0,-0.1,0,-0.9,0,-0.9,-0.5,0.1,0.4,-0.1,-0.3,0.3,-0.5,0.6,0.1,-0.1,0.4,0.2,0,0.1,-0.3,0,-0.6,-0.1,0,0.3,-0.2,0,0,-0.3,-0.2,0,-0.3,0.3,-0.1,0.3,0.3,-0.3,0.4,-0.1,-0.3,0,-0.4,0,-0.4,0.1,-0.4,0.9,-0.4,-0.1,0.1,0.2,-0.3,0.1,-0.1,-0.6,0.1,0,-0.1,0,-0.1,-0.3,0,0,-0.1,-0.1,-0.2,-0.4,0.1,0.3,0.1,0,-0.3,-0.2,-0.5,-0.2,0,-0.2,0.2,-0.2,0.4,-0.2,0.2,-0.1,0,-0.1,0.1,-0.2,0.1,0.1,2.7,0,-0.2,-0.1,0.2,-0.2,-0.4,-0.1,0,0.1,-0.1,0.2,0.1,0.4,0,0.6,-0.3,-1,0.1,-1.2,0,1,0.2,-0.3,-0.2,0.1,-0.2,0.1,-0.1,-0.2,0.3,0.1,0,0.1,0,-0.2,-0.3,-0.2,0,-0.1,0.3,-0.1,0,0,0.2,0.1,-0.2,-0.2,-0.1,-0.2,-0.3,0,-0.2,0.1,0.5,-0.1,-1,0,0.3,0.6,0.3,0.2,0.8,1.1,0,0.2,0.1,0,-0.4,-0.5,0.2,-0.2,0,0.1,0,-0.2,-0.2,0,-0.3,0.1,-0.4,0.4,0.3,0,-0.1,0,-0.1,-0.1,-0.4,-0.4,-0.1,-0.3,0.1,0.1,-0.4,0.3,-0.4,0,0,-0.5,0.1,-0.3,-0.3,0.6,0.2,-0.6,-0.5,0.5,-0.1,0.1,0.1,-0.1,0.5,0,0.2,-0.1,-0.1,0,-0.1,0.1,0.2,-0.1,-0.4,-0.6,0,-0.1,0.1,-0.3,-0.1,0.1,-0.5,-0.1,0.1,0.4,-0.3,0,0.2,0.4,-0.2,0.1,-0.1,-0.4,0.4,0.3,-0.4,0,-0.3,-0.2,-0.3,0.2,-0.3,0,0.1,-0.2,-0.4,0.3,0.1,-0.1,-0.2,-0.1,-0.2,0,0.1,0.5,0.1,0.1,-0.4,0.5,-0.1,-0.2,-0.2,-0.2,-0.1,0.5,0,0.1,-0.2,-0.2,0,-0.6,-0.1,-0.2,-0.3,-0.1,0.2,0.1,0.5,0.3,-0.6,0.1,-0.1,0.5,-0.1,0.2,-0.2,0,-0.1,0.1,-0.2,-0.1,0.4,-0.4,-0.3,0.1,0,-0.4,-0.1,0.2,-0.4,0,0.1,0.1,-0.4,-0.1,-0.1,0,-0.1,0,-0.2,0.3,-0.3,0.2,-0.1,-0.1,0,0,0.2,0.1,0,0,-0.1,0.3,-0.2,-0.1,0,0.4,0.1,0.1,-0.2,-0.1,-0.3,-0.4,0,-0.1,0.4,-0.1,-0.1,-0.9,-0.1,-1.1,0.4,0,-0.1,0,-0.1,0.1,0.5,-0.4,-1,-0.2,-0.2,0.1,0,-0.3,-0.1,-0.1,-0.2,0,-0.1,0,-0.1,-0.3,0.7,-0.2,-0.3,-0.2,1.2,-0.3,0.1,-0.3,0.5,0,0.3,0,0,-0.3,-0.2,0.2,0.1,-0.2,-0.4,0.8,0.1,0.1,-0.1,0,0,-0.2,1.1,0,-0.4,0.2,0.4,1.7,-0.3,0.2,0.4,-0.1,0.5,-0.1,0,0.3,-0.4,-0.1,-0.2,-0.1,0.4,-0.9,-0.3,-0.1,0,0.1,-0.2,-0.2,-0.4,-0.2,-0.1,0,0,-0.2,-0.2,0,0,0,-0.4,-0.2,-0.4,-0.2,-0.1,0.4,0.2,0.1,-0.2,0.1,0,1.3,0.1,1.2,0.1,-0.1,-0.4,0.3,-0.2,0,0.3,-0.7,-0.2,0,0,0,-0.8,0.1,0,0.1,-1.1,0,-0.1,0,0,-0.3,-0.3,-0.1,1.1,0,-0.4,-0.2,-0.2,-0.1,-0.2,0.2,0.3,-0.1,-0.1,-0.3,-0.1,-0.2,-0.3,0.1,-0.3,0.4,-0.3,-0.1,-0.4,-0.3,0.1,-0.3,0.2,-0.6,0,0,0,-0.5,0.9,0.3,-0.5,0.3,-0.1,0.1,-1,0.3,-0.3,0.1,-0.2,-0.3,0,0,-0.1,0,1.7,0,-0.3,0,0.1,0.2,0,0.3,-0.1,-0.3,-0.1,0.3,-0.1,-0.3,0.2,0.1,0.2,0,-0.4,-0.1,1.6,-0.2,-0.1,0.1,-0.1,0.2,0.5,-0.3,-0.1,-0.4,0.5,0,0.8,0,0.4,-0.1,0.1,0.1,-0.2,-0.1,0.1,0,-0.1,-0.1,0.1,0.3,0,-0.2,-0.1,-0.5,0.1,0.1,0.6,0,0.1,-0.1,0.2,-0.2,-0.2,0,0.1,-0.1,0.1,0.3,0,-0.2,0,1.3,-0.1,0.1,-0.1,0.2,0,0.2,0.3,0.5,-0.3,0.6,2.1,-0.4,0.4,0.2,-0.1,0,0,0.6,-0.2,-0.3,-0.3,-0.5,-0.2,0.2,0.2,-0.2,-0.1,0.3,0.1,-0.3,0.1,0.2,0,-0.2,-0.4,-0.4,0.2,-0.1,-0.8,0.2,-0.5,-0.4,0,0,0,-0.1,0,0,-0.2,-0.5,0.6,0.1,0,0,0.1,-0.4,-0.1,-0.2,0,0.5,0.1,0,-0.1,0,-0.3,-0.4,0.4,0.2,0.4,-0.8,0.1,-0.2,-0.3,0.3,0.1,-0.2,-0.4,-0.5,-0.4,0.8,-0.3,-0.1,-0.1,-0.2,0.4,-0.2,-0.1,0.1,0.1,-0.2,0.2,0,-0.3,0.2,0.1,0,0,0.1,-0.3,-0.2,0.5,-0.2,0.2,0.1,-0.2,-0.1,0.4,0.3,0,0,0.2,-0.2,0.3,0,0.5,0.1,0.1,0.6,-0.2,0,0.2,-0.3,0,0.4,-0.3,0,0,2,0.5,-0.2,0.2,-0.1,0.3,-0.4,-0.1,0.1,-0.5,0.3,-0.2,0,-0.1,-0.2,0.2,-0.1,-0.4,0,0.2,0.2,0,-0.3,-0.5,0.7,4.4,0.1,0.4,0.2,0.1,0.4,-0.2,0.2,0.1,-0.2,0.3,-0.1,0.2,0,0.3,-0.4,-0.4,-0.1,0,0.1,0.1,-0.4,-0.4,0,-0.8,0,0,-0.1,0.1,-0.3,-0.1,0.3,-0.2,0.3,0.3,-0.4,-0.2,0.1,-0.2,0.6,-0.3,0,-0.1,0.1
HEPG2,BRD-K70401845,COCCOc1cc2ncnc(Nc3cccc(c3)C#C)c2cc1OCCOC,0.9,-0.2,0.3,-0.4,-1.2,-0.5,-0.1,-0.5,0,-0.1,0.1,0,0.1,-0.8,-1.1,-0.2,-0.3,0.2,0.4,-0.9,0.6,0.1,0.3,0.3,-0.2,0.4,0.1,0.3,-0.9,0,-0.1,0.2,0,0,0.1,0,-0.2,0.4,-0.5,-0.6,-0.4,0.2,-0.5,-0.1,-0.1,-0.3,-0.1,0,0,0,0.3,-0.5,0,0,0.1,0,0.3,-0.2,0,-0.8,-0.6,-0.2,-0.6,0.1,-0.1,0,0.4,0.4,0.4,-0.9,-0.5,-0.6,-0.8,0.3,0.3,-0.3,0.2,0.3,0,0.4,0.1,0.1,-0.2,-0.4,-0.6,-0.4,-0.2,0.1,0.4,0.8,-0.2,-0.3,-0.1,-0.1,0.4,-0.1,0,0.2,0.7,0.4,0.2,0.4,0,0.2,0.5,2.3,-0.4,-0.2,-0.2,0,-0.7,0.6,0.3,0,-0.2,-0.3,0.2,0.3,0,0.1,-0.4,0.3,0.5,0.2,-0.1,0.8,0.4,0,-0.3,0.3,0.2,-0.6,0.7,1.6,0.1,0.1,-0.2,0.8,-0.4,0.2,-0.1,0.8,-0.1,-0.4,0.6,0.3,0.4,-0.2,0.6,-0.4,0.3,0.2,0.3,-1.2,-0.1,-0.4,0.6,0.2,0.5,0.1,0.4,0.8,0.4,-0.4,0.3,-0.3,-0.1,-0.1,-0.3,-0.1,0.1,-0.3,-0.1,0.3,0.7,0.2,0.2,-0.2,0,0.5,0,0.2,0.3,1.4,0.1,0.2,-0.1,-0.3,0.5,-0.3,-0.2,0,-0.2,-0.6,-0.2,0.2,-0.1,-0.1,0.1,-1.3,-1.2,-0.4,-0.2,0.1,-0.4,1.1,0,-0.1,0,-0.2,-0.1,-0.1,0,0.8,0,0,-0.2,-0.1,0.1,0.5,0.2,-0.2,0.5,-0.1,0.5,-0.1,0.2,0.8,0.2,-0.2,0.3,0.3,-0.1,-0.2,0.2,-0.1,-0.1,-0.9,-0.5,0.3,-0.9,-0.6,0,-0.2,-0.2,0.2,0,0.2,-0.1,-0.4,-0.1,-0.2,-0.3,0.1,0.3,-0.1,-0.1,0.7,0.1,0.7,0.3,-0.5,0.6,0.1,0,0.8,-0.3,0,0.1,0.1,0.2,0.1,0.2,0,-0.1,0.3,-0.2,0.4,-0.4,0,-0.4,0.5,-0.2,-0.3,-0.7,-0.1,0.2,0.2,0.3,-0.1,0.1,0,0.8,-0.2,-0.1,-0.4,1.6,-0.2,0.1,-0.1,1,0.2,-0.5,-0.9,0.2,0,0,0.1,-0.1,0.3,-0.2,0.3,-0.4,-0.7,0.1,-0.2,0,0.9,0.4,-0.4,-0.8,0,-0.2,0.2,0.4,0.2,-0.1,0.1,0.2,-0.2,-0.1,0.1,-0.4,0,-0.1,0.4,0.1,-0.1,0,0.3,-1,0.1,-0.5,0.1,0,0.2,-0.2,-0.1,0,0.1,0.4,0.1,0,0.2,0.6,0.4,0.2,-0.2,0.5,0.5,-0.1,0.3,-0.3,-0.2,-0.2,-0.4,-0.1,0.2,0.1,0.1,0.4,0,-0.3,-0.1,0.3,-0.3,-0.2,0.5,0.6,0.4,0,0.3,-0.4,-0.4,-0.8,-0.2,-0.1,-0.5,0.1,0.4,-0.1,0.6,-1.1,0.1,-0.1,-0.4,0.6,-0.1,0,-0.1,0.4,0.3,0.1,0.4,-0.1,0.2,0.2,0.1,0.4,0,1.3,-0.6,0.8,0.2,-0.3,1.1,-0.7,-0.1,0,-1,0,0.1,0.3,0,0.5,-0.1,-0.5,-0.1,0.1,-0.1,0,-0.2,-0.1,0.2,-0.1,0.1,0.1,-0.2,0.2,0,-0.7,-0.1,-0.3,-0.1,0.3,-0.1,0.1,-0.1,-0.4,0.1,-0.4,0.4,0,0.3,-0.3,0.3,-0.1,1.2,0,0.5,0.2,-0.1,0.3,0.4,-0.3,-0.3,0,0.2,0.5,-0.1,-0.1,-0.3,0.1,0.1,-0.1,0.3,-0.3,0.3,0.1,0.5,-0.4,-0.3,0.3,0.1,-0.1,-0.1,-0.3,0.3,-0.4,0.3,-0.4,0.5,0,0.1,-0.1,-0.2,0,-0.4,-0.7,0.1,0,0.4,0.1,-0.1,0,-0.3,0.1,0.1,-0.5,-0.1,0,-0.2,0.3,-0.2,-0.1,0.2,0,-0.1,-0.2,0.7,1.2,-0.1,-0.2,0.3,-0.4,-0.6,0.3,0.3,0.1,0.1,0.2,0.5,-0.1,0.5,-0.3,-0.3,-0.4,-0.6,-0.5,0.5,0.1,1.1,-0.2,-0.4,0.3,0,0.2,0.7,0.2,-0.1,0.1,-0.4,0.5,-0.2,-0.2,-0.3,0.2,0,0.3,0.1,-0.3,-0.5,-0.1,0.1,-0.1,0.3,-0.2,-0.1,0.4,0.5,-0.5,0.1,0.5,0.1,0.4,0,0.4,-0.1,0.1,-0.3,-0.4,0.2,0,0,0,0,-0.5,0.5,-0.1,-0.1,-0.1,-0.4,0.2,0,0.2,-0.2,-0.4,-0.5,0.4,-0.7,-0.1,0.6,0.5,-0.1,-0.1,-0.2,0,-0.2,-0.5,0,-0.2,0.2,0.1,-1.4,-0.1,0.1,-0.3,0.9,-0.1,0,-0.4,0.4,0,-0.2,0.9,0.2,-0.1,0,0.2,0,-0.4,-0.1,-0.4,0,0.1,0.1,-0.3,0,0,0.1,-0.5,0.3,0.4,0.9,0.1,0.1,-0.2,-0.1,-0.2,0,0.4,-0.6,-0.1,-0.2,0.6,0,-0.9,0.2,-0.2,0.4,-0.9,0.3,0,-0.3,-0.1,-0.3,-0.2,-0.3,1.5,0.1,0.1,-0.2,0.1,-0.2,-0.2,-0.3,0.4,-0.3,0.1,0,-0.7,0.2,0,0,0.2,-0.1,0,-0.1,0,-0.4,0,-0.6,0.2,-1,-0.2,-0.2,0.1,0,0.3,0.2,-0.7,-0.6,0.2,-0.1,-1,0.1,0.1,-0.1,0.2,-0.3,0.2,0.7,0,0,0.4,0.1,0.2,0.1,0,0.1,0,0.2,-0.3,0.2,-0.1,0.2,-0.4,-0.4,0.1,0.2,-1.4,0.1,-0.1,0,-0.3,-0.1,0.2,0.1,0,-0.1,0.1,0,-0.2,0.5,0,0.1,0,0.2,0.3,0.3,-0.2,-0.2,0.3,-0.1,0.1,-0.2,-0.1,-0.3,-0.2,-0.2,0.2,-0.2,0.1,0,0.2,0.2,0,0.5,0,-0.3,-0.1,-0.5,-0.2,0.5,-0.3,-0.1,0.1,-0.1,-0.1,0.2,-0.5,0.3,0,0,0.5,0,1,-0.1,0.1,0.5,0.2,0.7,1.6,-0.2,0.8,0.3,0.4,-0.2,0,0,0.4,-0.4,-0.2,-0.8,0.1,0.3,0.1,-0.1,0.3,0,0.1,-0.3,0,-0.1,0.1,-0.3,-0.1,-0.4,0.1,-0.3,-0.8,0.3,0.2,-0.1,-0.3,0.1,-0.1,-0.2,-0.4,-0.3,0.1,-0.2,0,0,0,0,0,-0.7,0.1,-0.2,-0.1,0,0.3,-0.3,-0.1,0.9,-0.1,-0.5,0.1,0.4,0,-0.4,0.1,0.1,-0.2,0.3,-0.2,0,0,-0.3,0.3,2.4,-0.1,-0.3,0.4,0.1,-0.1,0.3,-0.2,0.2,-0.2,-0.2,0.2,-0.5,-0.3,0.1,0,0,0.1,0.1,-0.6,0,0,-0.1,0.7,0.3,-0.2,-0.2,0,0,-0.2,-0.3,0,-0.1,0.6,0.4,0.1,0.1,-0.2,0.1,0.2,0,0,-0.6,-0.3,0.2,0.1,-0.3,0.5,1.3,0.6,0.7,0.2,-0.3,0.2,0,0.1,0.2,-0.5,-0.4,0,0.1,-0.5,-0.5,0,-0.4,0,-0.1,-0.2,0.7,-0.6,-0.3,0.1,0.1,0.5,-0.2,0,-0.6,0.4,-0.1,-0.3,0.1,0.1,-0.4,0,-0.1,0,-0.3,0.1,0.3,-0.5,-0.2,-0.1,0.2,-0.1,0.1,0.1,0.3,-0.8,0.2,0.1,0.2,0,-0.2,0.7,-0.1,-0.2,-0.2,0.2,0.1,0.2,0.2,0.3,-0.1,0.4,0.1,-0.2,0.2
HEPG2,BRD-K19687926,CS(=O)(=O)CCNCc1ccc(o1)-c1ccc2ncnc(Nc3ccc(OCc4cccc(F)c4)c(Cl)c3)c2c1,0.5,0.2,0.1,0.4,0.7,0.5,0,-0.4,0.5,0.3,-0.2,0,0.3,-0.2,0.8,0.2,-0.3,0.4,0.4,-0.2,0,0,-0.1,0,-0.1,0.2,-0.7,0.5,-0.1,-0.3,0.2,-0.1,-1.1,0.2,-0.3,0,0,0.2,-0.3,0.1,0.2,0.3,-0.5,-0.2,0,0.1,3,0.3,-0.2,-0.3,0,-0.1,0.3,-0.5,0.3,0,-0.2,-0.5,0.5,-0.4,-0.3,-0.3,-0.5,-0.5,0.3,0.1,0,0.5,-0.1,-0.8,-0.3,-0.4,0,-0.4,0,-0.2,-0.1,1,0,-0.6,-0.3,0.7,0,-0.2,1,-0.3,-0.2,0,-1.4,-0.1,-0.3,-0.8,-0.1,-0.3,0,0.3,-0.3,0.2,-0.3,-0.1,0.3,-0.1,-0.8,0.1,0.2,0.2,-0.2,0,-0.5,-0.3,-0.3,0,0.4,-0.4,0.2,-0.3,0.1,2.2,0.1,0.4,-0.5,-0.8,-0.1,0,0.1,-0.8,0.2,0.5,0.3,0.5,-0.3,0.6,-0.2,0.1,0.4,-0.1,-0.2,-0.1,-0.1,0.1,0.3,0,0,0.1,0.2,0,0.4,0.7,0.9,-0.1,-0.1,0.4,0,0.4,-0.3,0.3,-1.2,0.2,0,0,0.2,0.8,-0.6,0,0.5,-0.5,0,0,-0.1,-0.3,0,-0.1,0.2,-0.4,0.3,0.3,-0.1,-0.9,0.1,0.3,0.2,0.7,-0.7,0.2,0.7,1,0,-0.2,0,0,0,0.1,0.3,-0.1,-0.4,-0.3,-0.2,2.2,0.3,0.5,1.1,-0.2,0,-0.5,-0.1,0,1.1,0,-0.1,-0.1,-0.2,-0.2,-0.6,0.8,-0.2,0.5,-0.3,0.8,-0.2,0,0.4,0.9,-0.1,-0.1,-0.2,-0.3,-0.8,-0.4,0.4,0.1,-0.4,0.1,0.1,0,0.9,-0.1,0.2,-0.5,-0.3,1.6,-0.1,0.2,0.3,-0.1,0,-0.5,-0.5,-0.2,-0.1,-0.3,-0.1,-0.2,-0.2,0.5,0.1,-0.1,-0.3,0.3,-0.5,1,0.4,-0.7,0.3,0.1,0,2.1,-0.4,-0.2,-0.1,-0.1,0,-0.3,0,-0.1,0.5,0.2,0.1,-0.2,-0.1,0.2,-0.3,-0.1,0.9,-0.5,-0.3,-0.2,0.8,-0.2,0.2,-0.1,-0.2,0.2,-1.1,0.1,0.3,-0.4,0.4,-0.5,-0.1,0.1,-1.6,0.2,-0.1,-0.1,-0.2,0.1,0,-0.9,-0.4,0.6,0.2,0.2,-0.1,-0.5,-0.3,-0.8,-0.4,0.4,0.7,-0.7,-0.1,-0.2,-0.5,0.3,-0.3,0,1.1,0.3,0,-0.4,0,1,-0.4,0.4,0.2,-0.3,0,0,0,-0.5,0.8,0.2,-0.2,0,-0.5,-0.2,-1.2,-0.3,0.3,-0.3,0,0.2,0.3,-0.2,-0.1,0.4,0.1,-0.4,0.2,-0.1,-0.2,0.1,0,0.1,-0.2,0.1,-0.2,-0.1,-0.8,0.7,0.2,-0.1,0.1,-0.1,0.8,0,0.8,0.8,1.1,4.5,-0.2,0.5,-0.4,-0.3,-0.8,-0.1,-0.1,-0.4,0.1,0.3,-0.1,0.1,-1,-1,-0.2,-0.2,0.3,-0.2,-0.3,0.5,0.1,0.9,-0.4,0.1,0,-0.4,0.3,0,0.4,0.3,-0.3,0.2,-0.3,0.4,-0.1,-0.1,-1,-0.3,-0.2,-0.2,-0.7,-0.1,0.2,0.2,-0.7,0.2,0.1,-0.2,-0.5,0.9,-0.4,0.2,0.1,-0.1,-0.1,0,0.3,-0.5,0.3,0.1,-0.7,0.3,-0.6,-0.4,-0.4,0.3,2.2,0.1,0.6,-0.5,0,0.6,0.1,0.4,-0.8,-1.1,-0.6,0.1,-1.2,0.1,0.6,-0.6,-0.2,1,-0.1,-0.4,-0.7,0,0.1,-0.2,0.1,-0.3,0,-1.2,-0.5,-0.9,-0.2,-0.5,-0.1,-0.4,-0.5,-0.1,0.2,0.4,-0.5,0,0,-0.3,-0.1,0.3,-0.2,-0.3,-0.3,-0.3,-0.4,0.1,0.2,0.3,-0.7,-0.7,0.1,1.2,0.2,0.1,-0.6,-0.5,0.5,-0.1,0.1,-0.2,-0.2,-0.2,0.3,-0.1,-0.1,-0.1,-0.2,-0.2,-0.2,-0.7,0.5,-0.2,0.6,0.5,0.1,-0.5,0,0.3,0,0.3,0.2,0.7,-0.6,1.3,1.5,0,-0.4,-0.4,-0.4,0.4,-0.2,-0.4,0.5,-0.3,-0.3,0,-0.1,0.7,0.4,-1.2,-2.4,-0.1,0.4,-0.1,-0.3,0.5,-0.4,0.4,0.7,0.1,-0.3,-0.2,-0.4,0.1,0.2,0.1,0,-0.5,1.2,0.7,-0.9,0.2,0.4,-0.2,0.1,-0.1,0.4,0,-0.4,-0.3,0.3,1.1,-0.2,0.1,-0.2,0,-0.5,0.8,0.3,-0.1,-0.1,0.1,0.1,-0.1,0,-0.3,0,-0.3,0,-0.4,0.1,0.3,0.6,0,0.1,-0.5,0,-0.2,0,-0.2,0.2,-1.4,-0.1,-0.2,0.4,-0.6,-0.8,-0.1,0.6,0.8,0.8,0.1,-0.6,0.3,-0.2,0.4,-0.1,0.5,0.6,0.1,-0.5,-0.1,0.2,-0.5,0,-0.4,0.5,-0.3,-0.2,-0.3,0.2,-0.1,0.1,-0.2,0,-0.1,0.1,-0.2,-0.2,0.3,0.9,-0.5,0,-0.3,0.1,0.2,-0.5,0.6,-0.3,0.1,0,1.8,-0.6,0.8,0,-0.1,-0.3,0,0.1,-0.4,-0.3,1.2,0.4,0.4,-0.3,-0.1,0.3,-0.4,0,-0.7,0.2,1.1,-0.3,-0.2,0,0.8,-0.7,-0.4,0.3,-0.3,-0.3,0,0.1,-0.8,0,0.2,0.1,0.2,0.3,0.1,-1,-1.5,0,0.1,-0.5,-0.1,-0.1,0.3,0.4,-0.5,-0.1,0,0,0,0.7,0.2,0.1,-0.2,-0.6,-0.2,0,0.6,0,-0.1,0.2,0.4,-1.6,-0.1,-0.1,0.5,-0.5,0,-0.1,0.1,-0.3,-0.2,0.2,-0.2,0.1,0.1,1,-0.2,-0.1,0.2,0.2,0.2,0.3,-0.3,0.1,-0.1,-0.3,1.2,0.2,-0.2,0.4,-0.2,-0.3,-0.1,-0.2,0,-0.6,0,0.4,0.8,-0.5,-0.2,0.2,-0.3,0.1,-0.4,0.2,-0.7,0.2,-0.6,0,-0.5,0.2,-0.4,-0.1,-0.2,0,0,0.1,-0.5,0.6,0.4,0.5,0,-0.3,0.1,-0.1,0.2,0.2,-0.5,-0.4,0.1,0.2,-0.5,-0.3,-0.6,0.2,-0.2,0.1,0.5,-0.6,0.2,0,-0.5,0.1,0.1,0.3,0.1,0.7,-0.1,-0.3,0,-0.6,-0.6,0.2,1.1,1.6,-0.3,-0.1,0.1,-0.1,-0.5,0.5,-1.3,-0.2,0,-0.2,-0.1,-0.9,-0.3,0.1,-0.2,-0.5,0,-0.3,-0.1,-0.2,0.9,0.2,1,-0.1,0.1,0.5,0.2,-0.6,1.1,0,0.2,-0.9,0,-0.3,0.1,0,0.4,-0.3,0.1,0.8,0.4,-0.1,0.6,0.3,-0.2,-0.8,0.4,-0.7,-0.2,-0.1,0.3,-2.3,-0.2,-0.1,0.7,0.2,0,-1.2,-0.4,-0.3,0.4,-0.4,0.6,1,0.2,-0.2,-0.5,0,0.9,-0.1,0.2,0.2,-0.5,1.8,-0.2,-0.6,-0.2,0.1,-0.7,-0.4,-0.2,-0.1,0.2,-0.6,0.5,0.2,-0.2,0.2,0.5,-0.2,2.8,-0.3,2.7,-0.4,-0.6,-0.1,0.5,0.1,-1.2,-0.3,0.5,-0.4,0,0.2,0.7,-0.1,0,-0.3,-0.4,0.6,-0.1,0.4,0.1,0.5,-0.2,0.5,0.1,1,-0.3,-0.6,0.8,0.2,0,-0.4,-0.1,0,-0.5,-0.4,-0.6,-0.3,-0.2,-0.2,0.6,0.2,0.4,0.3,-0.2,-0.6,-0.1,-0.1,0,-0.3,-0.6,0.4,0.5,-0.2,0.9,0,0.1,0.1,0.3,-0.1,-0.4,0.1,3.3,-0.1,0.3
HEPG2,BRD-A90490067,CC12CCC3C(C2CCC1O)C(CCCCCCCCCS(=O)CCCC(F)(F)C(F)(F)F)Cc4cc(O)ccc34,0.5,-0.1,0.1,-0.4,-0.4,-0.1,0,-0.2,0.2,-0.1,-0.1,-0.2,0,-0.5,-0.6,0,-0.4,0.8,0,-0.3,0.1,-0.1,-0.3,0,-0.5,0,-0.7,0,-0.4,-0.3,0,-0.4,-0.6,-0.2,0.2,-0.1,0.1,0,-0.4,-1.2,-0.3,0,-0.4,-0.3,0.2,-0.3,-0.1,0.2,0.1,-0.1,0.4,-0.1,0.1,0.4,0.2,-0.1,-0.5,-0.4,0.1,0,-0.1,-0.4,0.3,-0.1,0,-0.4,0.8,0.1,-0.2,0.1,-0.1,-0.8,-0.1,0.5,0,0,0,-0.1,0,-1.4,0,0.4,-0.3,-0.1,0.3,-0.2,-0.2,0.3,-0.1,0.1,-0.1,0,0.1,-0.3,-0.1,0.3,0,0,0.2,0,-0.1,-0.7,-0.2,0,0.4,-0.1,-0.2,0.2,-0.3,0.1,-0.7,-0.1,0.4,-0.1,0.3,-0.1,0.1,1.1,0.1,-0.1,-0.5,-0.1,0.1,-0.7,-0.3,-0.5,0.5,0,0,-0.3,-0.2,0.3,0.1,0.4,-0.2,0,-0.2,0.5,-0.3,0.1,0.1,0.4,-0.2,-0.5,-0.2,0,0.1,0.2,0.2,-0.2,0,0.1,0.1,-0.8,0.1,-0.1,-0.6,0.2,0.4,-0.2,0.6,0.6,0.2,-0.5,0.3,-0.1,0.2,0.1,-0.4,-0.1,-0.4,-0.3,0,0.1,0.3,1.4,0,-0.5,-0.1,-0.6,0.1,-0.1,1.1,0.3,0.5,0.3,-0.2,-0.2,-0.2,0.1,0,0.1,-0.7,-0.1,-0.2,-0.3,0.1,0.5,0.5,-0.6,-0.9,-0.6,0.3,-0.2,0.1,1.1,0.6,0.1,-0.1,0,-0.4,-0.1,-0.2,-0.3,0,0.3,-0.2,0.6,-0.2,0.3,0.3,0.4,0.2,0.7,-0.1,-0.1,-0.6,0.1,0.5,-0.2,-0.4,0.1,0.1,0,0.2,0,0.3,-0.7,-0.4,0.7,0.1,0.1,0.5,-0.3,-0.3,-0.3,0.1,-0.2,-0.9,0.1,0,-0.1,-0.6,-0.1,-0.1,-0.6,0.3,1.8,0.1,0.4,-0.1,-0.5,0,0.8,-0.3,-0.5,0,-0.4,0.8,0,0,-0.3,-0.7,0,0,0.6,0.3,0.6,0.3,-0.1,-0.4,0,0.6,-0.3,-0.4,-0.1,0.1,-0.7,0.1,0.1,-0.2,-0.1,-0.2,0.1,-0.1,-0.2,0.5,-0.3,-0.1,0.1,-0.6,0.2,-0.1,-0.2,0,-0.2,0.1,0.4,-0.4,0.3,-3.5,0.1,0.2,-0.5,0.1,-0.3,0,0.2,0.1,-0.3,-0.1,0,0.2,0.2,0.1,-0.3,0.5,0.3,-0.1,0,-0.1,0.2,0.2,0.2,0.2,-0.1,0.1,0.2,-0.6,-0.5,1.8,-0.2,0,-0.2,-0.1,0,-0.8,-0.1,0.2,-0.2,0.9,0,0.1,-0.5,0,0.2,0.1,0.4,-0.1,0.1,0.2,1,0.8,0.3,0.1,0.1,0,0,-0.3,0.4,0,-0.1,0.1,-0.2,-0.1,0,0.4,0.9,-0.1,1.8,-0.2,0,-0.3,-0.4,0.1,0,-0.1,-0.2,-0.1,-0.4,-0.1,0.3,-1.2,-0.3,0.1,-0.4,1.3,0.1,-0.3,-0.1,0.7,-0.1,-0.3,0.1,-0.5,-0.3,0.5,0.3,0.2,0.1,0,0.2,0,0.2,0,0,-0.7,-0.7,-0.1,-0.1,-0.2,0,-0.2,-0.3,-1,-0.1,0.3,0.1,0.1,1.5,0.1,0.7,0.3,-0.3,0.1,0,0.4,-0.4,0.1,-0.2,-0.5,0,-0.3,0.2,0.3,0.2,3.1,0.1,0.2,-0.1,0.1,0.2,-0.4,0.2,-0.1,-0.6,-0.7,0.3,-0.9,0.1,0.3,0.1,0,0.2,0.4,0.1,-0.2,2.2,0.3,0,0.1,-0.1,0.2,0.4,-0.3,0.5,0,0,-0.2,-0.6,-0.3,-0.4,-0.3,0.6,-0.4,-0.2,0.2,0.1,0,0,-0.4,-0.7,0,-0.1,-0.1,-0.1,0,-0.4,-0.2,0.7,-0.1,1.3,0,0,-0.2,0,0.3,0,0.2,0.8,0.1,0.1,0.2,0,-0.6,0,-0.1,-0.1,-0.1,-0.4,0.1,-0.1,0.4,0.1,0.1,-0.6,0,-0.1,0.5,0,0.2,0.7,-0.6,1.3,1.5,-0.3,-0.3,-0.1,0.3,0.5,-0.4,-0.2,1.2,-0.2,0,-0.2,0.3,0.2,0.3,0,-3.5,0,0.4,0,-0.3,0.8,0.3,0.4,0.1,0,0.1,0.4,0.3,0.1,0.3,0.1,0.3,0.1,2.2,0.1,-0.6,0.1,0.1,-0.5,0.1,-0.3,0.5,0.2,-0.2,-0.2,0.2,0.6,-0.1,-0.1,0.1,-0.1,-0.2,0.2,0.3,0.6,-0.2,-0.1,0.1,-0.3,0,0.1,0.2,0,-0.2,-0.4,-0.1,-0.2,0.4,0.3,0.1,0.2,-0.2,0.5,0,-0.3,0,-0.3,-0.2,-0.5,0.1,-0.1,-0.6,0.8,0.9,0.3,0.2,-0.1,-0.4,0.2,-0.1,0.1,0,0.2,-0.1,-0.1,-0.4,-0.1,-0.2,0.3,0,-0.2,-0.3,-0.8,0,-0.5,-0.1,0,0.3,0,-0.3,0.1,0,-0.3,1,-0.1,0.2,-0.3,0.3,-0.2,0.7,0,-0.2,0.4,-0.1,-0.1,-0.5,1,-0.5,0.5,-0.4,-0.5,-0.4,-0.2,0.6,0.1,0.1,0.3,0.1,0.2,-1.1,0,0.2,-0.5,-0.1,-0.4,-0.2,0.8,-0.1,0,-0.2,-0.4,-0.5,0.3,0.3,0,0.3,-0.2,1.1,-0.2,0.2,0.2,0.1,0.1,0.2,0.1,-0.5,-0.1,-0.2,0.3,-0.3,-0.1,0,0,0,0,-0.3,-0.1,-0.1,0.1,1.2,0.5,0.1,0,0,0.4,0.3,0.4,0,0.1,0.1,-0.2,-1.1,-0.4,0,0,0.6,0.5,0,0.2,-0.6,-0.1,-0.4,0.3,0.2,0.4,0.5,-0.1,-0.3,0.1,-0.1,-0.4,-0.6,-0.8,0.4,0.1,-0.3,0.4,0.1,-0.3,0.4,-0.1,-0.4,0.2,-0.2,-0.2,0.2,0,-0.1,-0.1,-0.3,0.1,0,-0.2,0.2,-0.3,-0.1,-0.2,-0.3,-0.6,-0.5,-0.3,-0.1,0,0.2,-0.3,-0.2,0.2,0.2,0.2,0.8,-0.1,-0.1,0.3,-0.4,0.4,-0.4,0.2,0.5,-0.2,-0.5,0,0.3,-0.3,0,-0.2,0.1,-0.2,0,-0.2,-0.2,-0.1,-0.1,-0.2,0.4,-0.3,0.4,-0.3,0,-0.2,0,-0.6,-0.4,-0.1,-0.1,0.5,-0.3,-0.2,0.4,0.2,-0.9,-0.1,-0.7,-0.1,-0.4,-0.1,-0.1,0,0.4,0,-2.1,0.4,0,0.2,-0.1,-0.3,-0.2,0.6,0.4,0.4,-0.3,0.7,1,-0.8,-0.1,0.2,-0.1,0.2,-0.4,0.6,-0.1,0,-0.3,-0.1,-0.2,-0.1,0.3,0.3,-0.1,0.2,0.7,0,-0.6,0.4,-0.1,0,0,0.3,2.6,0.2,0.2,0.9,0,1.2,-0.6,0.4,-0.1,0.3,-0.4,-0.2,0.5,0.1,-0.2,-0.1,-0.1,0,0,-0.4,0.5,-0.2,2.4,0.2,0.6,0.5,0,-0.6,-0.4,-0.1,0.1,-0.1,-0.2,0.6,0,0.8,0.2,0.4,0.1,-0.1,0.3,0.4,0,-0.1,-0.2,0.3,0,0.2,0.7,0.7,-0.2,0.4,0.2,0,-0.6,-0.2,0,0.1,-0.4,-0.2,0.1,0.1,0.7,-0.2,0.5,0.6,0.2,0.2,-0.5,-0.2,0.2,0,-0.1,-0.1,-0.4,-0.3,-1.2,-0.3,-0.2,0.1,0.1,-0.4,0.6,-0.4,0.3,-0.4,-0.1,0.1,-0.3,0.5,0.2,0,0.3,0.1,-0.2,0.5,0.4,-0.2,0,-0.3,-0.3,-0.5,0,1.3,0,0.6
HEPG2,BRD-K34157611,CNC(NCCSCc1nc[nH]c1C)=N/C#N,0.1,0.1,-0.3,0,0.1,0.2,0.2,0.1,-0.2,0,-0.1,0.2,-0.2,-0.2,0.3,-0.1,0,0.2,-0.2,0.1,-0.1,0,0,0,0.1,-0.2,-0.1,0.1,0.4,0.2,0.1,0.1,0.3,0.1,-0.2,0,-0.1,0,-0.1,0.1,0,0,0.2,-0.2,0.1,0.2,0,0.2,0,-0.2,0,-0.1,-0.1,0.1,0.1,-0.3,0,-0.2,0.2,0.1,-0.1,0.1,0.2,0,0,-0.4,-0.4,-0.1,-0.1,0.1,0,0.1,0.1,0.2,0.1,-0.1,0.1,0,-0.1,0.2,0,-0.5,0.3,1,-0.1,-0.1,-0.4,-0.4,0.1,-0.4,0.2,0.3,-0.1,0.1,-0.2,-0.2,-0.1,0,0,0.1,0.1,0.3,0,0,0.1,0.2,0.1,-0.2,-0.1,0.1,0.3,0,-0.3,0,-0.2,-0.2,-0.1,0.1,0.2,0,0,0,-0.1,-0.1,0.4,0,0.1,0,0.1,0.1,-0.2,-0.3,-0.2,0.3,0.2,0.1,0.2,0.5,0,0.2,-0.1,0.1,0.1,0.2,0.2,0.2,-0.4,0.1,-0.7,-0.1,0.1,-0.1,0.1,0,-0.3,0.1,-0.2,-0.4,0.4,0,0,0.1,0.1,0,0.3,0.1,0.1,0,0,0.2,0.3,0,0,-0.1,-0.1,0.2,-0.1,0,0.1,-0.2,0.1,0.1,-0.6,0.1,0.4,0,0.1,0,-0.2,0,-0.1,0,0,0,0,-0.1,0.1,0.1,-0.1,0.1,0,0,-0.4,0,0.2,0.4,0.1,0.4,-0.2,0,0.1,0,0,0.1,0.1,0,0.1,-0.2,0.1,0.1,-0.1,-0.1,0.2,-0.1,0,0.4,0,0,-0.6,-0.2,-0.5,-0.1,0.1,0,0.1,0.1,0.2,0.2,0.1,-0.2,0.1,0,0,0.1,0.1,0,0.2,0,0.9,0.1,0,0.2,0.1,0,0,-0.1,-0.4,-0.2,0.1,0.2,-0.2,0.2,0.1,0,0,0,-0.1,-0.3,-0.2,0,0,0.1,0.2,0,0.2,-0.1,-0.1,0.1,-0.1,-0.2,0,0.2,0,0,-0.1,0,0.3,-0.2,0.2,-0.3,-0.1,0.2,0,0,0,-0.7,-0.4,0.2,-0.2,0.1,0.2,0.1,0,0.1,0,0.1,0,-0.1,0,-0.3,0.1,-1,0.2,0.2,-0.1,0,0,0.1,0.5,-0.1,-0.2,0,-0.1,0.1,-0.1,-0.3,-0.4,-0.1,0.1,0,-0.1,0.4,0.1,-0.2,-0.1,0,0.2,-0.1,-0.1,0.2,-0.2,0.1,0.1,-0.1,-0.6,0,0.2,0.1,0,0,-0.1,0.2,0,0.1,-0.1,-0.3,-1.7,-0.2,-0.2,0.1,0.1,-0.1,0,0.2,0.2,-0.1,0.4,0,0,-0.3,-0.3,-0.1,-0.1,0,-0.2,-1,0,-0.4,0.3,-0.1,0.1,0.1,0.2,0,-0.4,0.3,0.1,-0.3,0,0,0.1,-0.6,-0.1,-0.2,-0.2,0.2,0.1,0,-0.1,0.3,-0.3,0,0,0.1,0,0,-0.1,-0.2,-0.3,-0.3,0,0.1,-0.1,-0.2,0.5,0.1,0.1,-0.2,0.2,-0.4,-0.2,0,-0.1,0,-0.3,0.1,-0.3,0.2,0.1,0.2,0.1,-0.1,-0.1,-0.1,-0.1,0,-0.1,0,-0.3,-0.5,0,0.1,0.6,0.2,-0.2,0,0,-0.1,-0.2,0.1,0.1,0.1,0.2,0,0.4,0,0.4,-0.1,0,0,-0.1,0.1,-0.6,-0.1,0,0.1,0,0,0,0.1,0.1,0,0.1,0,0.1,0.2,0.2,0.2,0.1,0.3,0,-0.2,0,-0.1,-0.1,0,-0.3,-0.2,0.2,-0.3,0.2,0.1,0.1,-0.2,0.1,-0.1,0.2,0,0,0.7,0.4,0.1,0,0.1,0,0.2,0.1,0.1,0,0.2,0.2,0.1,0.2,0.1,0,-0.1,-0.2,0,0,0.1,0.1,0.3,-0.2,0.1,0.1,0,0,-0.2,-0.1,-0.1,0.2,-0.5,0.2,-0.1,-0.1,0,0,0,-0.3,0.2,-0.2,-0.2,-0.1,0.2,0,0.2,-0.2,-0.2,0.1,-2.3,0.1,0,0,-0.2,0.1,-0.2,-0.3,0.1,0.1,0.2,0.1,0.1,0.2,0,0.2,0.1,-0.1,0,-0.1,-0.1,0,-0.6,-0.3,-0.2,0,0.1,0.1,0.8,-0.1,-0.1,0.1,0.2,-0.1,0,-0.1,0.1,0,-0.4,-0.2,-0.1,0.1,0.1,-0.1,0,-0.4,0.1,-0.1,0.5,0,0,0.2,0.2,-0.3,0.1,0.2,-0.3,-0.1,0,-0.1,0.1,0,0.3,0.1,0,-0.1,0,-0.6,0.3,-0.3,-0.2,0.2,-0.1,-0.1,-0.1,-0.2,0.7,0.1,0.3,0.1,0,0,-0.1,0,-0.3,-0.1,0.7,0,-0.2,0,-0.1,-0.2,0.1,0,0.1,0,0.1,-0.1,0.3,0,-0.1,-0.2,0,-0.5,-0.1,0,0.2,0,-0.3,0.2,0.4,0.1,0.2,0,0,0.1,-0.3,-0.5,0,0,-0.2,-0.2,0.2,-0.1,0,0.1,0,0.1,0.1,0.1,-0.1,0.1,0,-0.1,0.1,0.2,0.3,0.3,-0.1,-0.3,0.1,0.2,0.2,-0.1,-0.2,-0.1,-0.1,-0.3,-0.2,0,0,0,0.3,-0.1,0.1,0.1,0.3,0.3,0.5,0,-0.3,1.1,-0.1,0.2,0,0.3,0.6,0.1,0,0,0.6,0.2,0.1,0.1,0,-0.1,-0.3,0.1,0,0,0,-0.2,-0.2,0,0.2,-0.1,0,0.1,0.1,0,-0.2,-0.2,0.1,0.4,0.1,-0.1,0.2,-0.7,0,-0.2,-0.1,0.2,0.1,0.2,0.1,-0.3,-0.1,0.3,1.8,0,0.1,0.3,0.1,0.3,0.2,0.3,0.1,0.2,-0.1,-0.1,0.1,0.1,0,0.2,0.1,0.1,0,-0.3,-0.2,-0.2,0.2,-0.3,0,-0.2,0,0,-0.1,-0.2,0,0,-0.1,0.2,-0.1,0,0,-0.3,0,0.2,0,0,0.2,-0.1,0.1,-0.1,-0.1,0,0,-0.1,-0.2,0,-0.1,0,-0.2,0.3,0,-0.1,0.1,0.1,-0.1,0,0.3,0.2,-0.3,-0.3,0.3,-0.1,-0.1,0,-0.1,0.1,-0.1,-0.1,0,-0.2,0.1,0.1,0,0.1,0,0,-0.2,0,-0.3,-0.1,-0.3,0.2,-0.1,0.3,0.1,0.1,0.2,0.1,0.1,0.1,1.3,0,0.1,0,0.5,0,0,-0.4,-0.4,0.1,0,0,-0.2,-0.3,0.2,0,0.2,0.2,0,0,-0.2,0,-0.1,-0.1,0.1,-0.1,-0.2,0,-0.1,0.3,0.1,0.2,0,0.1,0.3,-0.3,-0.1,0,0.2,-0.2,-0.6,-0.5,0,-0.1,0,0.1,0.1,0.1,-0.1,0.2,0.2,-0.1,0,-0.1,-0.2,-0.2,-0.1,-0.1,-0.2,0,0.1,0,0.2,-0.1,0.2,0,-0.2,-0.2,-0.3,0.1,-0.4,-0.1,0,0,-0.1,0.1,0.3,0,0.3,0,-0.3,-0.5,-0.3,0.1,-0.1,-0.2,-0.1,-0.1,0,0.3,-0.1,-0.1,0,0,0,0,0,0.1,0.1,0,-0.1,0,0.4,0.2,-1.4,0.1,0,-0.2,-0.1,0.1,0.1,0.6,0,0,0.4,-0.2,0.1,0,0.2,0.4,0.2,0,0,0.5,0
