target,run_idx,attempt_index,raw_smiles,canonical_smiles,valid
AKT1,1,0,CC[C@H]1N(C2CCCC2)c2nc(Nc3ccc(cc3OC)C(=O)NC3CCN(C)CC3)ncc2N(C)C1=O,CC[C@@H]1C(=O)N(C)c2cnc(Nc3ccc(C(=O)NC4CCN(C)CC4)cc3OC)nc2N1C1CCCC1,1
AKT1,1,1,C[C@@H](Oc1ccc2[nH]nc(C=Cc3cnn(CCO)c3)c2c1)c1c(Cl)cncc1Cl,C[C@@H](Oc1ccc2[nH]nc(C=Cc3cnn(CCO)c3)c2c1)c1c(Cl)cncc1Cl,1
AKT1,1,2,CC(=O)N1CCN(CC1)c1ccc(OCC2CO[C@@](Cn3ccnc3)(O2)c2ccc(Cl)cc2Cl)cc1,CC(=O)N1CCN(c2ccc(OCC3CO[C@](Cn4ccnc4)(c4ccc(Cl)cc4Cl)O3)cc2)CC1,1
AKT1,1,3,CN(c1ccc2c(C)n(C)nc2c1)c1ccnc(Nc2ccc(C)c(c2)S(N)(=O)=O)n1,Cc1ccc(Nc2nccc(N(C)c3ccc4c(C)n(C)nc4c3)n2)cc1S(N)(=O)=O,1
AKT1,1,4,Clc1cccc(N2CCN(CCCCOc3ccc4CCC(=O)Nc4c3)CC2)c1Cl,O=C1CCc2ccc(OCCCCN3CCN(c4cccc(Cl)c4Cl)CC3)cc2N1,1
AKT1,1,5,CCN(CC)CCOc1ccc(cc1)C(=C(/Cl)c1ccccc1)c1ccccc1,CCN(CC)CCOc1ccc(C(=C(Cl)c2ccccc2)c2ccccc2)cc1,1
AKT1,1,6,CO[C@H]1C[C@H](C)CC2=C(NCC=C)C(=O)C=C(NC(=O)C(C)=CC=C/[C@H](OC)[C@@H](OC(N)=O)C(C)=C[C@H](C)[C@H]1O)C2=O,C=CCNC1=C2C[C@@H](C)C[C@H](OC)[C@H](O)[C@@H](C)C=C(C)[C@H](OC(N)=O)[C@@H](OC)C=CC=C(C)C(=O)NC(=CC1=O)C2=O,1
AKT1,1,7,OC(CCCN1CCCCC1)(c1ccccc1)c1ccccc1,OC(CCCN1CCCCC1)(c1ccccc1)c1ccccc1,1
AKT1,1,8,CN1CCC(CNc2ccc3ncc(-c4cccc(OC(F)(F)F)c4)n3n2)CC1,CN1CCC(CNc2ccc3ncc(-c4cccc(OC(F)(F)F)c4)n3n2)CC1,1
AKT1,1,9,CCCCCC=CCC=CCC=CCC=CCCCC(=O)Nc1ccc(O)cc1,CCCCCC=CCC=CCC=CCC=CCCCC(=O)Nc1ccc(O)cc1,1
AKT1,1,10,CO[C@@H]1C[C@H](C[C@@H](C)[C@@H]2CC(=O)[C@H](C)C=C(C)[C@@H](O)[C@@H](OC)C(=O)[C@H](C)C[C@H](C)C=CC=CC=C(C)[C@H](C[C@H]3CC[C@@H](C)[C@@](O)(O3)C(=O)C(=O)N3CC,,0
AKT1,1,11,COc1cc2OC[C@H]3Oc4c5C[C@@H](Oc5ccc4C(=O)[C@H]3c2cc1OC)C(=C)C,C=C(C)[C@H]1Cc2c(ccc3c2O[C@@H]2COc4cc(OC)c(OC)cc4[C@@H]2C3=O)O1,1
AKT1,1,12,CC(=O)Nc1ccc(cc1)C(=O)Nc1ccccc1N,CC(=O)Nc1ccc(C(=O)Nc2ccccc2N)cc1,1
AKT1,1,13,C[C@H]1[C@H]2[C@H](Cc3ccccc3)NC(=O)[C@]22OC(=O)C=C[C@H](O)CCC[C@@H](C)CC=C[C@H]2[C@H](O)C1=C,C=C1[C@@H](C)[C@H]2[C@H](Cc3ccccc3)NC(=O)[C@]23OC(=O)C=C[C@H](O)CCC[C@@H](C)CC=C[C@H]3[C@@H]1O,1
AKT1,1,14,Cc1cccc(C)c1NC(=O)CN1CCN(CCCC(c2ccc(F)cc2)c2ccc(F)cc2)CC1,Cc1cccc(C)c1NC(=O)CN1CCN(CCCC(c2ccc(F)cc2)c2ccc(F)cc2)CC1,1
AKT1,1,15,Cc1cccc(n1)-c1[nH]c(nc1-c1ccc2OCOc2c1)C(C)(C)C,Cc1cccc(-c2[nH]c(C(C)(C)C)nc2-c2ccc3c(c2)OCO3)n1,1
AKT1,1,16,CCn1c(nc2c(ncc(OC[C@H]3CCCNC3)c12)C#CC(C)(C)O)-c1nonc1N,CCn1c(-c2nonc2N)nc2c(C#CC(C)(C)O)ncc(OC[C@H]3CCCNC3)c21,1
AKT1,1,17,C[C@H]1[C@H]2[C@H](Cc3ccccc3)NC(=O)[C@]22OC(=O)C=C[C@H](O)CCC[C@@H](C)CC=C[C@H]2[C@H](O)C1=C,C=C1[C@@H](C)[C@H]2[C@H](Cc3ccccc3)NC(=O)[C@]23OC(=O)C=C[C@H](O)CCC[C@@H](C)CC=C[C@H]3[C@@H]1O,1
AKT1,1,18,CC[C@H](C1OC(CC)(C[C@@H]1C)C1CC[C@](O)(CC)[C@H](C)O1)C(=O)C(C)[C@@H](O)[C@H](C)CCc1ccc(C)c(O)c1C(O)=O,CC[C@@H](C(=O)C(C)[C@@H](O)[C@H](C)CCc1ccc(C)c(O)c1C(=O)O)C1OC(CC)(C2CC[C@](O)(CC)[C@H](C)O2)C[C@@H]1C,1
AKT1,1,19,CCOC(=O)C1=C(C)N=c2sc(=C/c3cc(Br)c(O)c(Br)c3)c(=O)c2C(=O)N1,,0
AKT1,1,20,CCOC(=O)c1ncn-2c1C3CCCN3C(=O)c4cc(OC)ccc42,CCOC(=O)c1ncn2c1C1CCCN1C(=O)c1cc(OC)ccc1-2,1
AKT1,1,21,Cc1cc(C2CCCCC2)n(O)c(=O)c1,Cc1cc(C2CCCCC2)n(O)c(=O)c1,1
AKT1,1,22,COCCn1c2c(C(=O)c3ccccc3C2=O)[n+](Cc2cnccn2)c1C,COCCn1c2c([n+](Cc3cnccn3)c1C)C(=O)c1ccccc1C2=O,1
AKT1,1,23,COC(=O)Nc1nc2ccc(Sc3ccccc3)cc2[nH]1,COC(=O)Nc1nc2ccc(Sc3ccccc3)cc2[nH]1,1
AKT1,1,24,Oc1ccc(cc1)C=CC(=O)c1ccc(O)cc1O,O=C(C=Cc1ccc(O)cc1)c1ccc(O)cc1O,1
AKT1,1,25,Cc1nc2CCN(C(=O)c3ccc(NC(=O)c4ccccc4-c4ccccc4)cc3)c3ccccc3-c2[nH]1,Cc1nc2c([nH]1)-c1ccccc1N(C(=O)c1ccc(NC(=O)c3ccccc3-c3ccccc3)cc1)CC2,1
AKT1,1,26,OC[C@@H](O)CONC(=O)c1ccc(F)c(F)c1Nc1ccc(I)cc1F,O=C(NOC[C@H](O)CO)c1ccc(F)c(F)c1Nc1ccc(I)cc1F,1
AKT1,1,27,COc1cc(NS(C)(=O)=O)ccc1Nc1c2ccccc2nc2ccccc12,COc1cc(NS(C)(=O)=O)ccc1Nc1c2ccccc2nc2ccccc12,1
AKT1,1,28,COc1cccc(NC(=O)C=Cc2ccc(Cl)cc2)c1,COc1cccc(NC(=O)C=Cc2ccc(Cl)cc2)c1,1
AKT1,1,29,CN(C)CCCN1c2ccccc2Sc2ccc(Cl)cc12,CN(C)CCCN1c2ccccc2Sc2ccc(Cl)cc21,1
AKT1,1,30,CN(Cc1ccco1)c2ncnc3ccc(cc23)c4ccc5n(C)ccc5c4,CN(Cc1ccco1)c1ncnc2ccc(-c3ccc4c(ccn4C)c3)cc12,1
AKT1,1,31,C[C@@H]1CN(Cc2ccc(F)cc2)CCN1C(c1ccccc1)c1ccc(Cl)cc1,C[C@@H]1CN(Cc2ccc(F)cc2)CCN1C(c1ccccc1)c1ccc(Cl)cc1,1
AKT1,1,32,C[C@H](C=C[C@@H](O)C1CC1)[C@H]1CC[C@H]2C(CCC[C@]12C)=CC=C1C[C@@H](O)C[C@H](O)C1=C,C=C1C(=CC=C2CCC[C@]3(C)[C@@H]([C@H](C)C=C[C@@H](O)C4CC4)CC[C@@H]23)C[C@@H](O)C[C@@H]1O,1
AKT1,1,33,COc1ccc2c3c([C@@H](CO)N(CC4CC4)C[C@]33CN(C3)S(=O)(=O)c3cn(C)cn3)n(C)c2c1,COc1ccc2c3c(n(C)c2c1)[C@@H](CO)N(CC1CC1)CC31CN(S(=O)(=O)c2cn(C)cn2)C1,1
AKT1,1,34,C[C@H](CO)N1C[C@H](C)[C@H](CN(C)Cc2ccc(cc2)c3ccccc3)OCc4cnnn4CCCC1=O,C[C@H](CO)N1C[C@H](C)[C@H](CN(C)Cc2ccc(-c3ccccc3)cc2)OCc2cnnn2CCCC1=O,1
AKT1,1,35,O=C(N1CCNCC1)c1ccc(cc1)C=Cc1n[nH]c2ccccc12,O=C(c1ccc(C=Cc2n[nH]c3ccccc23)cc1)N1CCNCC1,1
AKT1,1,36,CC(=O)Nc1nc(C)c(s1)-c1ccc(Cl)c(c1)S(=O)(=O)NCCO,CC(=O)Nc1nc(C)c(-c2ccc(Cl)c(S(=O)(=O)NCCO)c2)s1,1
AKT1,1,37,CC(C)NC(=O)N(C)C[C@@H]1OCCCC[C@@H](C)Oc2ccc(NC(=O)CCC(F)(F)F)cc2C(=O)N(C[C@@H]1C)[C@@H](C)CO,CC(C)NC(=O)N(C)C[C@@H]1OCCCC[C@@H](C)Oc2ccc(NC(=O)CCC(F)(F)F)cc2C(=O)N([C@@H](C)CO)C[C@@H]1C,1
AKT1,1,38,Cc1ccc(cc1)C(=O)NCCCCCC(=O)Nc1ccccc1N,Cc1ccc(C(=O)NCCCCCC(=O)Nc2ccccc2N)cc1,1
AKT1,1,39,CCC1NC(=O)C(C(O)C(C)CC=CC)N(C)C(=O)C(C(C)C)N(C)C(=O)C(CC(C)C)N(C)C(=O)C(CC(C)C)N(C)C(=O)C(C)NC(=O),,0
AKT1,1,40,C[C@H]1CN(C[C@@H](C)O1)c1ccc(NC(=O)c2cccc(-c3ccc(OC(F)(F)F)cc3)c2C)cn1,Cc1c(C(=O)Nc2ccc(N3C[C@@H](C)O[C@@H](C)C3)nc2)cccc1-c1ccc(OC(F)(F)F)cc1,1
AKT1,1,41,C[C@H](CO)N1C[C@@H](C)[C@H](CN(C)S(=O)(=O)c2ccc(Cl)cc2)Oc3c(NC(=O)Nc4ccc(F)cc4)cccc3C1=O,C[C@@H]1CN([C@H](C)CO)C(=O)c2cccc(NC(=O)Nc3ccc(F)cc3)c2O[C@H]1CN(C)S(=O)(=O)c1ccc(Cl)cc1,1
AKT1,1,42,CNC(=O)c1cc(Oc2ccc(NC(=O)Nc3ccc(Cl)c(c3)C(F)(F)F)cc2)ccn1,CNC(=O)c1cc(Oc2ccc(NC(=O)Nc3ccc(Cl)c(C(F)(F)F)c3)cc2)ccn1,1
AKT1,1,43,CC(C)(C)c1ccc(cc1)C(=O)Nc1ccc(cc1)C(=O)Nc1ccc(O)c(c1,,0
AKT1,1,44,CNCCC(Oc1ccc(cc1)C(F)(F)F)c1ccccc1,CNCCC(Oc1ccc(C(F)(F)F)cc1)c1ccccc1,1
AKT1,1,45,C[C@@H]1CC[C@H]2[C@@H](C)[C@H](OC(=O)CCC(O)=O)O[C@@H]3O[C@]4(C)CC[C@@H]1[C@@]23OO4,C[C@H]1[C@H](OC(=O)CCC(=O)O)O[C@@H]2O[C@]3(C)CC[C@H]4[C@H](C)CC[C@@H]1[C@@]24OO3,1
AKT1,1,46,CN(C)CCC=C1/c2ccccc2Sc2ccc(Cl)cc12,CN(C)CCC=C1c2ccccc2Sc2ccc(Cl)cc21,1
AKT1,1,47,CNc1nc(cc(n1)-c1ccc2c(N)n[nH]c2c1)N1C[C@H](CC[C@H]1C)C(=O)NC1CCCCC1,CNc1nc(-c2ccc3c(N)n[nH]c3c2)cc(N2C[C@@H](C(=O)NC3CCCCC3)CC[C@H]2C)n1,1
AKT1,1,48,CN(C)c1ccc2O[C@@H]3[C@@H](C[C@@H](CC(=O)NCc4ccc(Oc5ccccc5)cc4)O[C@H]3CO)c2c1,CN(C)c1ccc2c(c1)[C@@H]1C[C@@H](CC(=O)NCc3ccc(Oc4ccccc4)cc3)O[C@@H](CO)[C@@H]1O2,1
AKT1,1,49,CNC(=O)c1ccccc1Sc1ccc2c(C=Cc3ccccn3)n[nH]c2c1,CNC(=O)c1ccccc1Sc1ccc2c(C=Cc3ccccn3)n[nH]c2c1,1
AKT1,1,50,OC[C@@H]1O[C@H](CCNC(=O)Cc2ccccn2)CC[C@H]1NC(=O)Nc1ccc(Cl)cc1,O=C(Cc1ccccn1)NCC[C@@H]1CC[C@@H](NC(=O)Nc2ccc(Cl)cc2)[C@H](CO)O1,1
AKT1,1,51,Oc1c(CC=C)cccc1C=NNC(=O)CN2CCN(Cc3ccccc3)CC2,C=CCc1cccc(C=NNC(=O)CN2CCN(Cc3ccccc3)CC2)c1O,1
AKT1,1,52,CN1[C@@H]2CC[C@H](CC(=O)NC3CCCC3)O[C@@H]2COc2ccc(NC(=O)c3cc(C)on3)cc2C1=O,Cc1cc(C(=O)Nc2ccc3c(c2)C(=O)N(C)[C@@H]2CC[C@H](CC(=O)NC4CCCC4)O[C@@H]2CO3)no1,1
AKT1,1,53,OC[C@H]1O[C@@H](C[C@@H]1O)n1cc(F)c(=O)[nH]c1=O,O=c1[nH]c(=O)n([C@@H]2C[C@H](O)[C@@H](CO)O2)cc1F,1
AKT1,1,54,O=C1NC(=O)[C@H]([C@@H]1c1c[nH]c2ccccc12)c1cn2CCCc3cccc1c23,O=C1NC(=O)[C@@H](c2cn3c4c(cccc24)CCC3)[C@@H]1c1c[nH]c2ccccc12,1
AKT1,1,55,COC1CC(C)CC2=C(NCC=C)C(=O)C=C(NC(=O)C(C)=CC=CC(OC)C(OC(N)=O)C(C)=CC(C)C1O)C2=O,C=CCNC1=C2CC(C)CC(OC)C(O)C(C)C=C(C)C(OC(N)=O)C(OC)C=CC=C(C)C(=O)NC(=CC1=O)C2=O,1
AKT1,1,56,CN(C)CC=CC(=O)Nc1cc2c(Nc3ccc(F)c(Cl)c3)ncnc2cc1O[C@H]1CCOC1,CN(C)CC=CC(=O)Nc1cc2c(Nc3ccc(F)c(Cl)c3)ncnc2cc1O[C@H]1CCOC1,1
AKT1,1,57,CC[C@H]1CN2CCc3cc(OC)c(OC)cc3[C@@H]2C[C@@H]1C[C@H]4NCCc5cc(O)c(OC)cc45,CC[C@H]1CN2CCc3cc(OC)c(OC)cc3[C@@H]2C[C@@H]1C[C@H]1NCCc2cc(O)c(OC)cc21,1
AKT1,1,58,Clc1ccc(cc1)C1(CCNCC1)c1ccc(cc1)-c1cn[nH]c1,Clc1ccc(C2(c3ccc(-c4cn[nH]c4)cc3)CCNCC2)cc1,1
AKT1,1,59,CCCCC(=O)OCC(=O)[C@@]1(O)C[C@H](O[C@H]2C[C@H](NC(=O)C(F)(F)F)[C@H](O)[C@H](C)O2)c2c(O)c3C(=O)c4c(OC)cccc4C(=O)c3c(O)c2C1,CCCCC(=O)OCC(=O)[C@]1(O)Cc2c(O)c3c(c(O)c2[C@@H](O[C@H]2C[C@H](NC(=O)C(F)(F)F)[C@H](O)[C@H](C)O2)C1)C(=O)c1c(OC)cccc1C3=O,1
AKT1,1,60,O=C(N1CCNCC1)c1ccc(cc1)C=Cc1n[nH]c2ccccc12,O=C(c1ccc(C=Cc2n[nH]c3ccccc23)cc1)N1CCNCC1,1
AKT1,1,61,COC(=O)c1ccc2c(NC(=O)C2=C(/Nc2ccc(cc2)N(C)C(=O)CN2CCN(C)CC2)c2ccccc2)c1,COC(=O)c1ccc2c(c1)NC(=O)C2=C(Nc1ccc(N(C)C(=O)CN2CCN(C)CC2)cc1)c1ccccc1,1
AKT1,1,62,COc1cc2c(Oc3ccc4[nH]c(C)cc4c3F)ncnc2cc1OCCCN1CCCC1,COc1cc2c(Oc3ccc4[nH]c(C)cc4c3F)ncnc2cc1OCCCN1CCCC1,1
AKT1,1,63,CC1(C)N2[C@@H](Cc3c1[nH]c4ccccc34)C(=O)N(Cc5ccc(F)cc5)C2=O,CC1(C)c2[nH]c3ccccc3c2C[C@H]2C(=O)N(Cc3ccc(F)cc3)C(=O)N21,1
AKT1,1,64,CCCCCCCCC=CCCCCCCCC(=O)NC(CO)Cc1ccc(O)cc1,CCCCCCCCC=CCCCCCCCC(=O)NC(CO)Cc1ccc(O)cc1,1
AKT1,1,65,Oc1ccc(NC(=O)CCCc2ccc(cc2)-c2ccccc2F)cc1,O=C(CCCc1ccc(-c2ccccc2F)cc1)Nc1ccc(O)cc1,1
AKT1,1,66,C[C@@H](CO)N1C[C@@H](C)[C@H](CN(C)Cc2ccc(cc2)C(=O)O)Oc3ccc(NC(=O)Cc4ccccc4)cc3C1=O,C[C@@H]1CN([C@@H](C)CO)C(=O)c2cc(NC(=O)Cc3ccccc3)ccc2O[C@H]1CN(C)Cc1ccc(C(=O)O)cc1,1
AKT1,1,67,CCCCCCCCCCCCCC(=O)OC1C(C)C2(O)C3C=C(C)C(=O)C3(O)CC(=CC2C4C(C)(C)C41OC(=O)C)CO,CCCCCCCCCCCCCC(=O)OC1C(C)C2(O)C(C=C(CO)CC3(O)C(=O)C(C)=CC32)C2C(C)(C)C12OC(C)=O,1
AKT1,1,68,CC(C)c1c(C(=O)Nc2ccccc2)c(c(-c2ccc(F)cc2)n1CC[C@@H](O)C[C@@H](O)CC(O)=O)-c1ccccc1,CC(C)c1c(C(=O)Nc2ccccc2)c(-c2ccccc2)c(-c2ccc(F)cc2)n1CC[C@@H](O)C[C@@H](O)CC(=O)O,1
AKT1,1,69,CC(C)c1c(C(=O)Nc2ccccc2)c(c(-c2ccc(F)cc2)n1CCC(O)CC(O)CC(O)=O)-c1ccccc1,CC(C)c1c(C(=O)Nc2ccccc2)c(-c2ccccc2)c(-c2ccc(F)cc2)n1CCC(O)CC(O)CC(=O)O,1
AKT1,1,70,COc1cc2nccc(Oc3ccc(NC(=O)Nc4ccc(F)cc4F)c(F)c3)c2cc1OC,COc1cc2nccc(Oc3ccc(NC(=O)Nc4ccc(F)cc4F)c(F)c3)c2cc1OC,1
AKT1,1,71,Cc1cccc(c1)S(=O)(=O)N1C[C@H](O)COC[C@@H]2O[C@@H](CC(=O)Nc3ccc(cc3)-c3ccccc3)CC[C@@H]12,Cc1cccc(S(=O)(=O)N2C[C@H](O)COC[C@@H]3O[C@@H](CC(=O)Nc4ccc(-c5ccccc5)cc4)CC[C@H]32)c1,1
AKT1,1,72,CC1CN(CCCn2c3ccccc3c4ccccc24)CC(C)N1,CC1CN(CCCn2c3ccccc3c3ccccc32)CC(C)N1,1
AKT1,1,73,CNCC[C@H](Oc1cccc2ccccc12)c1cccs1,CNCC[C@H](Oc1cccc2ccccc12)c1cccs1,1
AKT1,1,74,COc1cc2ncnc(Nc3ccc(F)c(Cl)c3)c2cc1NC(=O)C=CCN1CCCCC1,COc1cc2ncnc(Nc3ccc(F)c(Cl)c3)c2cc1NC(=O)C=CCN1CCCCC1,1
AKT1,1,75,COc1ccc2c3c([C@@H](CO)N(C[C@]33CCN(CC3)C(=O)C3CCOCC3)C(C)=O)n(C)c2c1,COc1ccc2c3c(n(C)c2c1)[C@@H](CO)N(C(C)=O)CC31CCN(C(=O)C2CCOCC2)CC1,1
AKT1,1,76,C[C@@H]1O[C@@H](OC[C@H]2OC(Oc3c(oc4cc(O)cc(O)c4c3=O)-c3ccc(O)c(O)c3)[C@H](O)[C@@H](O)[C@@H]2O)[C@H](O)[C@H](O)[C@H]1O,C[C@@H]1O[C@@H](OC[C@H]2OC(Oc3c(-c4ccc(O)c(O)c4)oc4cc(O)cc(O)c4c3=O)[C@H](O)[C@@H](O)[C@@H]2O)[C@H](O)[C@H](O)[C@H]1O,1
AKT1,1,77,CC(=O)NC(c1cccs1)c2cc(F)c3cccnc3c2O,CC(=O)NC(c1cccs1)c1cc(F)c2cccnc2c1O,1
AKT1,1,78,Nc1ccccc1NC(=O)c1ccc(CNC(=O)OCc2cccnc2)cc1,Nc1ccccc1NC(=O)c1ccc(CNC(=O)OCc2cccnc2)cc1,1
AKT1,1,79,OC(=O)C=Cc1ccc(Cn2ccnc2)cc1,O=C(O)C=Cc1ccc(Cn2ccnc2)cc1,1
AKT1,1,80,COc1cc(C)c(Sc2cnc(NC(=O)c3ccc(CNC(C)C(C)C)cc3)s2)cc1C(=O)N1CCN(CC1)C(C)=O,COc1cc(C)c(Sc2cnc(NC(=O)c3ccc(CNC(C)C(C)C)cc3)s2)cc1C(=O)N1CCN(C(C)=O)CC1,1
AKT1,1,81,COc1cccc(Nc2c(cnc3c(C)cc(cc23)S(=O)(=O)c2cccc(c2)C(=O)N(C)C)C(N)=O)c1,COc1cccc(Nc2c(C(N)=O)cnc3c(C)cc(S(=O)(=O)c4cccc(C(=O)N(C)C)c4)cc23)c1,1
AKT1,1,82,CN1[C@@H]2CC[C@H](CC(=O)NC3CCCC3)O[C@@H]2COc2ccc(NC(=O)c3cc(C)on3)cc2C1=O,Cc1cc(C(=O)Nc2ccc3c(c2)C(=O)N(C)[C@@H]2CC[C@H](CC(=O)NC4CCCC4)O[C@@H]2CO3)no1,1
AKT1,1,83,CC(C)c1cc(C(C)C)c(CC(=O)NS(=O)(=O)Oc2c(cccc2C(C)C)C(C)C)c(c1)C(C)C,CC(C)c1cc(C(C)C)c(CC(=O)NS(=O)(=O)Oc2c(C(C)C)cccc2C(C)C)c(C(C)C)c1,1
AKT1,1,84,O[C@H]1COC[C@H]2O[C@@H](CC(=O)Nc3nccs3)CC[C@@H]2N(Cc2cccc(F)c2)C1,O=C(C[C@H]1CC[C@H]2[C@@H](COC[C@H](O)CN2Cc2cccc(F)c2)O1)Nc1nccs1,1
AKT1,1,85,COC(=O)N1CCN(Cc2cccc(NC(=O)Nc3ccc(C)nc3)c2F)CC1,COC(=O)N1CCN(Cc2cccc(NC(=O)Nc3ccc(C)nc3)c2F)CC1,1
AKT1,1,86,CC(C)C1C2CCC(C2)C1N,CC(C)C1C2CCC(C2)C1N,1
AKT1,1,87,CC(C)N1CCN(CC1)c1ccc(OC[C@H]2CO[C@@](Cn3cncn3)(O2)c2ccc(Cl)cc2Cl)cc1,CC(C)N1CCN(c2ccc(OC[C@H]3CO[C@](Cn4cncn4)(c4ccc(Cl)cc4Cl)O3)cc2)CC1,1
AKT1,1,88,Nc1ccc(cc1)S(=O)(=O)c1ccc(N)cc1,Nc1ccc(S(=O)(=O)c2ccc(N)cc2)cc1,1
AKT1,1,89,Clc1ccc(CNC(=O)c2cc3C2C2CCC3C2)cc1,,0
AKT1,1,90,COc1cc2ncnc(Nc3ccc(F)c(Cl)c3)c2cc1NC(=O)C=CCN1CCCCC1,COc1cc2ncnc(Nc3ccc(F)c(Cl)c3)c2cc1NC(=O)C=CCN1CCCCC1,1
AKT1,1,91,OC(COc1cccc2[nH]c(cc12)C#N)CN1CCN(CC1)C(c1ccccc1)c1ccccc1,N#Cc1cc2c(OCC(O)CN3CCN(C(c4ccccc4)c4ccccc4)CC3)cccc2[nH]1,1
AKT1,1,92,CO[C@H]1[C@@H](CC(=O)O[C@H](C)CC=CC=C[C@H](O)[C@H](C)C[C@H](CC=O)[C@@H]1O[C@@H]1O[C@H](C)[C@@H](O[C@H]2C[C@@](C)(OC(=O)CC(C)C)[C@@H](O)[C@H](C)O2)[C@@H]([C@H]1O)N(C)C)O,CO[C@@H]1[C@@H](O[C@@H]2O[C@H](C)[C@@H](O[C@H]3C[C@@](C)(OC(=O)CC(C)C)[C@@H](O)[C@H](C)O3)[C@H](N(C)C)[C@H]2O)[C@@H](CC=O)C[C@@H](C)[C@@H](O)C=CC=CC[C@@H](C)OC(=O)C[C@H]1O,1
AKT1,1,93,CC(C)(C)c1cc(cc(c1O)C(C)(C)C)C=C(/C#N)C(N)=S,CC(C)(C)c1cc(C=C(C#N)C(N)=S)cc(C(C)(C)C)c1O,1
AKT1,1,94,Nc1ncn([C@@H]2O[C@H](CO)[C@@H](O)[C@@H]2O)c(=O)n1,Nc1ncn([C@@H]2O[C@H](CO)[C@@H](O)[C@@H]2O)c(=O)n1,1
AKT1,1,95,CCc1ccc2NC(=O)/C(=C/3NC(=S)NC3=O)/c2c1,CCc1ccc2c(c1)/C(=C1/NC(=S)NC1=O)C(=O)N2,1
AKT1,1,96,Cc1cccc(C)c1NC(=O)CN1CCN(CCCC(c2ccc(F)cc2)c2ccc(F)cc2)CC1,Cc1cccc(C)c1NC(=O)CN1CCN(CCCC(c2ccc(F)cc2)c2ccc(F)cc2)CC1,1
AKT1,1,97,COc1ccc2C[C@H]3N(C)CCc4cc(O)cc(c34)-c2c1O,COc1ccc2c(c1O)-c1cc(O)cc3c1[C@@H](C2)N(C)CC3,1
AKT1,1,98,OC[C@H]1O[C@H](CC(=O)NCc2ccc(Oc3ccccc3)cc2)C[C@H]4[C@@H]1Oc5ccc(NC(=O)c6ccc7OCOc7c6)cc45,O=C(C[C@@H]1C[C@@H]2c3cc(NC(=O)c4ccc5c(c4)OCO5)ccc3O[C@@H]2[C@@H](CO)O1)NCc1ccc(Oc2ccccc2)cc1,1
AKT1,1,99,NS(=O)(=O)OC[C@@H]1C[C@H](C[C@@H]1O)n1ccc2c(N[C@H]3CCc4ccccc34)ncnc12,NS(=O)(=O)OC[C@@H]1C[C@@H](n2ccc3c(N[C@H]4CCc5ccccc54)ncnc32)C[C@@H]1O,1
AKT2,1,0,CCCN1C(C)=C(C(c2cccc(c2)[N+]([O-])=O)C(C(=O)ON2CCC(CC2)(c2ccccc2)c2ccccc2)=C1C)C(=O)OC,CCCN1C(C)=C(C(=O)OC)C(c2cccc([N+](=O)[O-])c2)C(C(=O)ON2CCC(c3ccccc3)(c3ccccc3)CC2)=C1C,1
AKT2,1,1,CCN(CC)CCCCNc1ncc2CN(C(=O)N(C)c2n1)c1c(Cl)c(OC)cc(OC)c1Cl,CCN(CC)CCCCNc1ncc2c(n1)N(C)C(=O)N(c1c(Cl)c(OC)cc(OC)c1Cl)C2,1
AKT2,1,2,CN1C(=S)NC(Cc2c[nH]c3ccccc23)C1=O,CN1C(=O)C(Cc2c[nH]c3ccccc23)NC1=S,1
AKT2,1,3,C[C@H](CO)N1C[C@H](C)[C@@H](CN(C)CC2CC2)Oc3ccc(NC(=O)Nc4ccccc4)cc3CC1=O,C[C@H](CO)N1C[C@H](C)[C@@H](CN(C)CC2CC2)Oc2ccc(NC(=O)Nc3ccccc3)cc2CC1=O,1
AKT2,1,4,Cc1cc(C(=O)NOCCO)c(Nc2ccc(I)cc2F)n(C)c1=O,Cc1cc(C(=O)NOCCO)c(Nc2ccc(I)cc2F)n(C)c1=O,1
AKT2,1,5,OC(=O)c1ccc(NC(=O)CCCN2C(=S)SC(=Cc3ccc4OCOc4c3)C2=O)cc1O,O=C(CCCN1C(=O)C(=Cc2ccc3c(c2)OCO3)SC1=S)Nc1ccc(C(=O)O)c(O)c1,1
AKT2,1,6,O=C1NC(=O)C(S1)=C/c1ccc2nccc(-c3ccncc3)c2c1,O=C1NC(=O)C(=Cc2ccc3nccc(-c4ccncc4)c3c2)S1,1
AKT2,1,7,COc1cc(cc(OC)c1O)[C@H]2[C@@H]3C(OCC3=O)C(OC4OC5COC(C)OC5C(O)C4O)c6cc7OCOc7cc26,COc1cc([C@@H]2c3cc4c(cc3C(OC3OC5COC(C)OC5C(O)C3O)C3OCC(=O)[C@@H]32)OCO4)cc(OC)c1O,1
AKT2,1,8,OC(Cn1cncn1)(Cn1cncn1)c1ccc(F)cc1F,OC(Cn1cncn1)(Cn1cncn1)c1ccc(F)cc1F,1
AKT2,1,9,Clc1ccc(Cn2cc(C=O)c3ccccc23)cc1,O=Cc1cn(Cc2ccc(Cl)cc2)c2ccccc12,1
AKT2,1,10,C[C@H](C=C[C@H](C)C(C)(C)O)[C@H]1CC[C@@H]2[C@]1(C)CCCC2=C/C=C1/C[C@@H](O)C[C@H](O)C1=C,C=C1/C(=C\C=C2CCC[C@]3(C)[C@@H]([C@H](C)C=C[C@H](C)C(C)(C)O)CC[C@@H]23)C[C@@H](O)C[C@@H]1O,1
AKT2,1,11,CCN1C[C@]2(C)CC[C@H](O)[C@]3([C@@H]2C[C@H]4C13)[C@@H]5C[C@H](O)[C@H]6C[C@]45[C@H](O)C6=C,C=C1[C@@H](O)[C@]23C[C@@H]1[C@@H](O)C[C@H]2[C@@]12C4[C@@H]3C[C@@H]1[C@@](C)(CC[C@@H]2O)CN4CC,1
AKT2,1,12,CCN1CCN(CC1)c1ccc(Nc2cc(ncn2)N(C)C(=O)Nc2c(Cl)c(OC)cc(OC)c2Cl)cc1,CCN1CCN(c2ccc(Nc3cc(N(C)C(=O)Nc4c(Cl)c(OC)cc(OC)c4Cl)ncn3)cc2)CC1,1
AKT2,1,13,CNC[C@H](O)c1cccc(O)c1,CNC[C@H](O)c1cccc(O)c1,1
AKT2,1,14,Cc1cc(OCCN2CCOCC2)nn1-c1ccc2ccccc2c1,Cc1cc(OCCN2CCOCC2)nn1-c1ccc2ccccc2c1,1
AKT2,1,15,CCOc1ccccc1OCCN[C@H](C)Cc1ccc(OC)c(c1)S(N)(=O)=O,CCOc1ccccc1OCCN[C@H](C)Cc1ccc(OC)c(S(N)(=O)=O)c1,1
AKT2,1,16,Nc1cc(c[nH]c1=O)-c1ccncc1,Nc1cc(-c2ccncc2)c[nH]c1=O,1
AKT2,1,17,Cc1ccc(cc1)S(=O)(=O)C=CC#N,Cc1ccc(S(=O)(=O)C=CC#N)cc1,1
AKT2,1,18,CC(C)Cc1ccc(cc1)C(C)C(O)=O,CC(C)Cc1ccc(C(C)C(=O)O)cc1,1
AKT2,1,19,COc1ccc(C2=NC(C(N2C(=O)N2CCNC(=O)C2)c2ccc(Cl)cc2)c2ccc(Cl)cc2)c(OC(C)C)c1,COc1ccc(C2=NC(c3ccc(Cl)cc3)C(c3ccc(Cl)cc3)N2C(=O)N2CCNC(=O)C2)c(OC(C)C)c1,1
AKT2,1,20,CCN(CC)CCCCNc1ncc2CN(C(=O)N(C)c2n1)c1c(Cl)c(OC)cc(OC)c1Cl,CCN(CC)CCCCNc1ncc2c(n1)N(C)C(=O)N(c1c(Cl)c(OC)cc(OC)c1Cl)C2,1
AKT2,1,21,CCC(=O)N1CCN(CC1)c1ccc(cc1C(F)(F)F)-n1c2c(ccc1=O)cnc1ccc(cc21)-c1cnc2ccccc2c1,CCC(=O)N1CCN(c2ccc(-n3c(=O)ccc4cnc5ccc(-c6cnc7ccccc7c6)cc5c43)cc2C(F)(F)F)CC1,1
AKT2,1,22,CCOC(=O)C1=C(C)N=c2sc(=Cc3ccc(OCC(=O)O)cc3)c(=O)n2C1c4ccc(SC)cc4,CCOC(=O)C1=C(C)N=c2sc(=Cc3ccc(OCC(=O)O)cc3)c(=O)n2C1c1ccc(SC)cc1,1
AKT2,1,23,CC(=O)Nc1ccccc1Nc2nc(NCCO)nc(n2)N3CCCC3,CC(=O)Nc1ccccc1Nc1nc(NCCO)nc(N2CCCC2)n1,1
AKT2,1,24,CCN1CCN(Cc2ccc(Nc3ncc4N(C)C(=O)c5ccccc5N(C)c4n3)cc2C(F)(F)F)CC1,CCN1CCN(Cc2ccc(Nc3ncc4c(n3)N(C)c3ccccc3C(=O)N4C)cc2C(F)(F)F)CC1,1
AKT2,1,25,CN1[C@@H]2CC[C@H](CC(=O)NCc3ccc(cc3)-c3ccccc3)O[C@@H]2COc2ccc(NC(=O)Cc3cccs3)cc2C1=O,CN1C(=O)c2cc(NC(=O)Cc3cccs3)ccc2OC[C@H]2O[C@@H](CC(=O)NCc3ccc(-c4ccccc4)cc3)CC[C@H]21,1
AKT2,1,26,Cn1nnnc1Sc2ncnc3scc(c4ccc(cc4)C(F)(F)F)c23,Cn1nnnc1Sc1ncnc2scc(-c3ccc(C(F)(F)F)cc3)c12,1
AKT2,1,27,CC(C)c1c(C(=O)Nc2ccccc2)c(c(-c2ccc(F)cc2)n1CCC(O)CC(O)CC(O)=O)-c1ccccc1,CC(C)c1c(C(=O)Nc2ccccc2)c(-c2ccccc2)c(-c2ccc(F)cc2)n1CCC(O)CC(O)CC(=O)O,1
AKT2,1,28,COc1cccc(c1)[C@]1(O)CCCC[C@H]1CN(C)C,COc1cccc([C@]2(O)CCCC[C@H]2CN(C)C)c1,1
AKT2,1,29,CO[C@@H]1C[C@H](C[C@@H](C)[C@@H]2CC(=O)[C@H](C)C=C(C)[C@@H](O)[C@@H](OC)C(=O)[C@H](C)C[C@H](C)C=CC=CC=C(C)[C@H](C[C@H]3CC[C@@H](C)[C@@](O)(O3)C(=O)C(=O)N3CC,,0
AKT2,1,30,Cn1cnc2c(F)c(Nc3ccc(Br)cc3F)c(cc12)C(=O)NOCCO,Cn1cnc2c(F)c(Nc3ccc(Br)cc3F)c(C(=O)NOCCO)cc21,1
AKT2,1,31,CNC1(C)C2CCC(C2)C1(C)C,CNC1(C)C2CCC(C2)C1(C)C,1
AKT2,1,32,CC1(C)Oc2ccc3ccc(=O)oc3c2CC1O,CC1(C)Oc2ccc3ccc(=O)oc3c2CC1O,1
AKT2,1,33,CCCCCCCCCCCCCCOc1ccc(o1)C(O)=O,CCCCCCCCCCCCCCOc1ccc(C(=O)O)o1,1
AKT2,1,34,COc1ccc2nccc([C@H](O)[C@H]3C[C@@H]4CC[N@]3C[C@@H]4C=C)c2c1,C=C[C@H]1C[N@@]2CC[C@H]1C[C@@H]2[C@@H](O)c1ccnc2ccc(OC)cc12,1
AKT2,1,35,COc1ccc(NC(=O)c2cc(OCCCN(C)C)nn2Cc2ccccc2)cc1,COc1ccc(NC(=O)c2cc(OCCCN(C)C)nn2Cc2ccccc2)cc1,1
AKT2,1,36,CCOC(=O)C1=C(C)NC(=S)NC1c1cccc(O)c1,CCOC(=O)C1=C(C)NC(=S)NC1c1cccc(O)c1,1
AKT2,1,37,COc1ccc(CN(C)C[C@H]2Oc3ccc(NC(=O)Cn4cnnn4)cc3C(=O)N(C[C@@H]2C)[C@@H](C)CO)cc1,COc1ccc(CN(C)C[C@H]2Oc3ccc(NC(=O)Cn4cnnn4)cc3C(=O)N([C@@H](C)CO)C[C@@H]2C)cc1,1
AKT2,1,38,OC[C@@H](O)CONC(=O)c1ccc(F)c(F)c1Nc1ccc(I)cc1F,O=C(NOC[C@H](O)CO)c1ccc(F)c(F)c1Nc1ccc(I)cc1F,1
AKT2,1,39,CCOC(=O)N1CCC(CC1)=C1c2ccc(Cl)cc2CCc2cccnc12,CCOC(=O)N1CCC(=C2c3ccc(Cl)cc3CCc3cccnc32)CC1,1
AKT2,1,40,CN1CCC(CNc2ccc3ncc(-c4cccc(OC(F)(F)F)c4)n3n2)CC1,CN1CCC(CNc2ccc3ncc(-c4cccc(OC(F)(F)F)c4)n3n2)CC1,1
AKT2,1,41,CC(C)(C)c1cc(NC(=O)Nc2ccc(cc2)-c2cn3c(n2)sc2cc(OCCN4CCOCC4)ccc32)no1,CC(C)(C)c1cc(NC(=O)Nc2ccc(-c3cn4c(n3)sc3cc(OCCN5CCOCC5)ccc34)cc2)no1,1
AKT2,1,42,CC(C)(C)OC(=O)c1ncn-2c1[C@@H]1CCCN1C(=O)c1c(Br)cccc-21,CC(C)(C)OC(=O)c1ncn2c1[C@@H]1CCCN1C(=O)c1c(Br)cccc1-2,1
AKT2,1,43,Clc1ccc(C(Cn2ccnc2)OCc2ccc(Sc3ccccc3)cc2)c(Cl)c1,Clc1ccc(C(Cn2ccnc2)OCc2ccc(Sc3ccccc3)cc2)c(Cl)c1,1
AKT2,1,44,ClCCNP1(=O)OCCCN1CCCl,O=P1(NCCCl)OCCCN1CCCl,1
AKT2,1,45,Nc1nc(=O)n(cc1F)[C@H]1C[C@H](O)[C@@H](CO)O1,Nc1nc(=O)n([C@H]2C[C@H](O)[C@@H](CO)O2)cc1F,1
AKT2,1,46,Clc1ccc(Cn2cc(C(=O)C(=O)Nc3ccncc3)c3ccccc23)cc1,O=C(Nc1ccncc1)C(=O)c1cn(Cc2ccc(Cl)cc2)c2ccccc12,1
AKT2,1,47,CN1CCc2cccc-3c2[C@H]1Cc1ccc(O)c(O)c-31,CN1CCc2cccc3c2[C@H]1Cc1ccc(O)c(O)c1-3,1
AKT2,1,48,CO[C@H](CN(C)Cc1cc(F)ccc1F)[C@@H](C)CN([C@@H](C)CO)S(=O)(=O)c1ccc(F)cc1,CO[C@H](CN(C)Cc1cc(F)ccc1F)[C@@H](C)CN([C@@H](C)CO)S(=O)(=O)c1ccc(F)cc1,1
AKT2,1,49,COc1cc2ncnc(Nc3ccc(Oc4ccccc4)cc3)c2cc1OC,COc1cc2ncnc(Nc3ccc(Oc4ccccc4)cc3)c2cc1OC,1
AKT2,1,50,CC(C)(C)NCC(O)COc1cccc2[nH]c(O)nc12,CC(C)(C)NCC(O)COc1cccc2[nH]c(O)nc12,1
AKT2,1,51,CCN1CCN(C(=O)N[C@@H](C(=O)N[C@H]2[C@H]3SCC(CSc4nnnn4C)=C(N3C2=O)C(O)=O)c2ccc(O)cc2)C(=O)C1=O,CCN1CCN(C(=O)N[C@@H](C(=O)N[C@@H]2C(=O)N3C(C(=O)O)=C(CSc4nnnn4C)CS[C@H]23)c2ccc(O)cc2)C(=O)C1=O,1
AKT2,1,52,O=C(N1CCC(CC1)N1CCCC1)c1ccc(Nc2nccc(n2)-c2cc3ccccc3s2)cc1,O=C(c1ccc(Nc2nccc(-c3cc4ccccc4s3)n2)cc1)N1CCC(N2CCCC2)CC1,1
AKT2,1,53,O=C1CC(Oc2ccccc12)c3ccccc3,O=C1CC(c2ccccc2)Oc2ccccc21,1
AKT2,1,54,COc1cc(NC(C)CCCN)c2ncccc2c1,COc1cc(NC(C)CCCN)c2ncccc2c1,1
AKT2,1,55,Clc1cccc(c1)-n1sc2ccccc2c1=O,O=c1c2ccccc2sn1-c1cccc(Cl)c1,1
AKT2,1,56,COC(=O)Nc1nc2cc(ccc2[nH]1)C(=O)c1cccs1,COC(=O)Nc1nc2cc(C(=O)c3cccs3)ccc2[nH]1,1
AKT2,1,57,COc1ccc2c3c([C@H](CO)N(CC4CC4)C[C@]33CN(Cc4ccc(F)cc4)C3)n(C)c2c1,COc1ccc2c3c(n(C)c2c1)[C@H](CO)N(CC1CC1)CC31CN(Cc2ccc(F)cc2)C1,1
AKT2,1,58,COc1ccc2cccc(CCNC(C)=O)c2c1,COc1ccc2cccc(CCNC(C)=O)c2c1,1
AKT2,1,59,COc1ccc2cc(ccc2c1)-c1ncnc2ccccc12,COc1ccc2cc(-c3ncnc4ccccc34)ccc2c1,1
AKT2,1,60,COc1ccc(OC)c(c1)C(O)CNC(=O)CN,COc1ccc(OC)c(C(O)CNC(=O)CN)c1,1
AKT2,1,61,CCOC(=O)c1cc2CN([C@@H](CCO)c2c(n1)c3cccc(c3)c4cccc(OC)c4)S(=O)C(C)(C)C,CCOC(=O)c1cc2c(c(-c3cccc(-c4cccc(OC)c4)c3)n1)[C@H](CCO)N(S(=O)C(C)(C)C)C2,1
AKT2,1,62,CC(C)CNc1ccnc(NCc2csc(n2)-c2ccccc2)n1,CC(C)CNc1ccnc(NCc2csc(-c3ccccc3)n2)n1,1
AKT2,1,63,C[C@@H]1CCN(C[C@@H]1N(C)c1ncnc2[nH]ccc12)C(=O)CC#N,C[C@@H]1CCN(C(=O)CC#N)C[C@@H]1N(C)c1ncnc2[nH]ccc12,1
AKT2,1,64,OC(=O)[C@H](Cc1ccc(Nc2nccc3ccncc23)cc1)NC1=C(Br)C(=O)C11CCCCC1,O=C(O)[C@H](Cc1ccc(Nc2nccc3ccncc23)cc1)NC1=C(Br)C(=O)C12CCCCC2,1
AKT2,1,65,COc1cc(OC)c(C(=O)CCCN2CCCC2)c(OC)c1,COc1cc(OC)c(C(=O)CCCN2CCCC2)c(OC)c1,1
AKT2,1,66,OC[C@H]1O[C@@H](CC(=O)NCc2ccc(Oc3ccccc3)cc2)CC[C@H]1NC(=O)c1ccc2OCOc2c1,O=C(C[C@H]1CC[C@@H](NC(=O)c2ccc3c(c2)OCO3)[C@@H](CO)O1)NCc1ccc(Oc2ccccc2)cc1,1
AKT2,1,67,Cn1cc(cn1)-c1ccc2nnc(Sc3ccc4ncccc4c3)n2n1,Cn1cc(-c2ccc3nnc(Sc4ccc5ncccc5c4)n3n2)cn1,1
AKT2,1,68,OC[C@H]1O[C@@H](C[C@@H]1O)n1cc(F)c(=O)[nH]c1=O,O=c1[nH]c(=O)n([C@@H]2C[C@H](O)[C@@H](CO)O2)cc1F,1
AKT2,1,69,CCCCC(=O)OCC(=O)[C@@]1(O)C[C@H](O[C@H]2C[C@H](NC(=O)C(F)(F)F)[C@H](O)[C@H](C)O2)c2c(O)c3C(=O)c4c(OC)cccc4C(=O)c3c(O)c2C1,CCCCC(=O)OCC(=O)[C@]1(O)Cc2c(O)c3c(c(O)c2[C@@H](O[C@H]2C[C@H](NC(=O)C(F)(F)F)[C@H](O)[C@H](C)O2)C1)C(=O)c1c(OC)cccc1C3=O,1
AKT2,1,70,O=C1NC(=O)[C@H]([C@@H]1c1c[nH]c2ccccc12)c1cn2CCCc3cccc1c23,O=C1NC(=O)[C@@H](c2cn3c4c(cccc24)CCC3)[C@@H]1c1c[nH]c2ccccc12,1
AKT2,1,71,OCCN(CCO)c1nc(N2CCCCC2)c2nc(nc(N3CCCCC3)c2n1)N(CCO)CCO,OCCN(CCO)c1nc(N2CCCCC2)c2nc(N(CCO)CCO)nc(N3CCCCC3)c2n1,1
AKT2,1,72,COc1cc(OC)c(C(=O)CCCN2CCCC2)c(OC)c1,COc1cc(OC)c(C(=O)CCCN2CCCC2)c(OC)c1,1
AKT2,1,73,Cc1cccc(C)c1NC(=O)CN1CCN(CCCC(c2ccc(F)cc2)c2ccc(F)cc2)CC1,Cc1cccc(C)c1NC(=O)CN1CCN(CCCC(c2ccc(F)cc2)c2ccc(F)cc2)CC1,1
AKT2,1,74,FC(F)(F)c1ccc(Oc2cccc(C=C3CCN(CC3)C(=O)Nc3cccnn3)c2)nc1,O=C(Nc1cccnn1)N1CCC(=Cc2cccc(Oc3ccc(C(F)(F)F)cn3)c2)CC1,1
AKT2,1,75,Cc1cccc(C)c1NC(=O)CN1CCN(CCCC(c2ccc(F)cc2)c2ccc(F)cc2)CC1,Cc1cccc(C)c1NC(=O)CN1CCN(CCCC(c2ccc(F)cc2)c2ccc(F)cc2)CC1,1
AKT2,1,76,CN(C)c1ccc(cc1)C=C1/C(=O)Nc2ccccc12,CN(C)c1ccc(C=C2C(=O)Nc3ccccc32)cc1,1
AKT2,1,77,Nc1nc2ccc(OC(F)(F)F)cc2s1,Nc1nc2ccc(OC(F)(F)F)cc2s1,1
AKT2,1,78,COc1cc(Nc2ncc3CN=C(c4cc(Cl)ccc4-c3n2)c2c(F)cccc2OC)ccc1C(O)=O,COc1cc(Nc2ncc3c(n2)-c2ccc(Cl)cc2C(c2c(F)cccc2OC)=NC3)ccc1C(=O)O,1
AKT2,1,79,Cn1cnnc1Sc1c(ncn1C)[N+]([O-])=O,Cn1cnnc1Sc1c([N+](=O)[O-])ncn1C,1
AKT2,1,80,CCN(CCCOc1ccc2c(Nc3cc(CC(=O)Nc4cccc(F)c4)[nH]n3)ncnc2c1)CCOP(O)(O)=O,CCN(CCCOc1ccc2c(Nc3cc(CC(=O)Nc4cccc(F)c4)[nH]n3)ncnc2c1)CCOP(=O)(O)O,1
AKT2,1,81,CCN(CC)C(=O)c1cccnc1,CCN(CC)C(=O)c1cccnc1,1
AKT2,1,82,COc1cc2c3CCNC(=O)c3[nH]c2cc1F,COc1cc2c3c([nH]c2cc1F)C(=O)NCC3,1
AKT2,1,83,Oc1ccc(Cl)cc1Cn1nc(oc1=O)-c1ccc(cc1)C(F)(F)F,O=c1oc(-c2ccc(C(F)(F)F)cc2)nn1Cc1cc(Cl)ccc1O,1
AKT2,1,84,CN1[C@H]2CC[C@@H]1C[C@@H](C2)OC(=O)c3c[nH]c4ccccc34,CN1[C@@H]2CC[C@H]1C[C@@H](OC(=O)c1c[nH]c3ccccc13)C2,1
AKT2,1,85,CN(C)CC(=O)Nc1ccc2[nH]c(=O)c3ccccc3c2c1,CN(C)CC(=O)Nc1ccc2[nH]c(=O)c3ccccc3c2c1,1
AKT2,1,86,COC(=O)C1CC2=CC(=O)CCC2(C)C34OC4CC5(C)C(CCC65CCC(=O)O6)C13,COC(=O)C1CC2=CC(=O)CCC2(C)C23OC2CC2(C)C(CCC24CCC(=O)O4)C13,1
AKT2,1,87,CNC(=O)c1cccc(c1)-c1ccc2c(nc(nc2n1)N1CCOC[C@@H]1C)N1CCOC[C@@H]1C,CNC(=O)c1cccc(-c2ccc3c(N4CCOC[C@@H]4C)nc(N4CCOC[C@@H]4C)nc3n2)c1,1
AKT2,1,88,CCN(CC)Cc1cc(Nc2ccnc3cc(Cl)ccc23)ccc1O,CCN(CC)Cc1cc(Nc2ccnc3cc(Cl)ccc23)ccc1O,1
AKT2,1,89,CC1(C)N2[C@H](Cc3c1[nH]c4ccccc34)C(=O)N(Cc5ccccc5)C2=O,CC1(C)c2[nH]c3ccccc3c2C[C@@H]2C(=O)N(Cc3ccccc3)C(=O)N21,1
AKT2,1,90,Fc1cc2CN(CCn3cc(C4=C(C(=O)NC4=O)c4cnc5ccccn45)c(c1)c23)C(=O)N1CCCCC1,O=C1NC(=O)C(c2cnc3ccccn23)=C1c1cn2c3c(cc(F)cc13)CN(C(=O)N1CCCCC1)CC2,1
AKT2,1,91,CCc1ccc2NC(=O)/C(=C/3NC(=S)NC3=O)/c2c1,CCc1ccc2c(c1)/C(=C1/NC(=S)NC1=O)C(=O)N2,1
AKT2,1,92,COC(=O)N1CCN(C(CN2CCCC2)C1)C(=O)Cc3ccc(Cl)c(Cl)c3,COC(=O)N1CCN(C(=O)Cc2ccc(Cl)c(Cl)c2)C(CN2CCCC2)C1,1
AKT2,1,93,CC(=O)O[C@@H]1C2=C(C)[C@H](C[C@@](O)([C@@H](OC(=O)c3ccccc3)[C@@H]3[C@@]4(CO[C@@H]4C[C@H](O)[C@@]3(C)C1=O)OC(C)=O)C2(C)C)OC(=O)[C@H](O)[C@@H](NC(=O),,0
AKT2,1,94,CC(C)n1nc(C)nc1-c1cn2CCOc3cc(ccc3-c2n1)-c1cnn(c1)C(C)(C)C(N)=O,Cc1nc(-c2cn3c(n2)-c2ccc(-c4cnn(C(C)(C)C(N)=O)c4)cc2OCC3)n(C(C)C)n1,1
AKT2,1,95,CC(C)NC(=O)N[C@H]1C=C[C@H](CC(=O)NC2Cc3ccccc3C2)O[C@H]1CO,CC(C)NC(=O)N[C@H]1C=C[C@H](CC(=O)NC2Cc3ccccc3C2)O[C@H]1CO,1
AKT2,1,96,Clc1ccc(CON=C(Cn2ccnc2)c3ccc(Cl)cc3Cl)c(Cl)c1,Clc1ccc(CON=C(Cn2ccnc2)c2ccc(Cl)cc2Cl)c(Cl)c1,1
AKT2,1,97,CCCCc1ccc2[nH]c(NC(=O)OC)nc2c1,CCCCc1ccc2[nH]c(NC(=O)OC)nc2c1,1
AKT2,1,98,COc1cc(Nc2ncc(F)c(Nc3ccc4OC(C)(C)C(=O)Nc4n3)n2)cc(OC)c1OC,COc1cc(Nc2ncc(F)c(Nc3ccc4c(n3)NC(=O)C(C)(C)O4)n2)cc(OC)c1OC,1
AKT2,1,99,OC(=O)c1ccc(Nc2ncc3CN=C(c4cc(Cl)ccc4-c3n2)c2c(F)cccc2F)cc1,O=C(O)c1ccc(Nc2ncc3c(n2)-c2ccc(Cl)cc2C(c2c(F)cccc2F)=NC3)cc1,1
AURKB,1,0,NC1CCN(CC1)c1ccc2NC(=O)CCC[C@H]2N,,0
AURKB,1,1,O=C(CCCCCCCn1cc(nn1)-c1cccnc1)Nc1ccccc1-c1ccccc1,O=C(CCCCCCCn1cc(-c2cccnc2)nn1)Nc1ccccc1-c1ccccc1,1
AURKB,1,2,Cc1ccc(NC(=O)c2cccc(c2)C(C)(C)C#N)cc1Nc1ccc2ncn(C)c(=O)c2c1,Cc1ccc(NC(=O)c2cccc(C(C)(C)C#N)c2)cc1Nc1ccc2ncn(C)c(=O)c2c1,1
AURKB,1,3,OC[C@H](NC(=O)C(Cl)Cl)[C@H](O)c1ccc(cc1)[N+]([O-])=O,O=C(N[C@@H](CO)[C@H](O)c1ccc([N+](=O)[O-])cc1)C(Cl)Cl,1
AURKB,1,4,CC(C)(C)CNC(=O)c1ccc(NC2=NC(=O)/C(=C/c3ccc(O)c(O)c3)SC2=O)cc1,CC(C)(C)CNC(=O)c1ccc(NC2=NC(=O)/C(=C/c3ccc(O)c(O)c3)SC2=O)cc1,1
AURKB,1,5,CC(C)C(=O)OCC(=O)[C@@]12O[C@@H](O[C@@H]1C[C@H]1[C@@H]3CCC4=CC(=O)C=C[C@]4(C)[C@H]3[C@@H](O)C[C@]21C)C1CCCCC1,CC(C)C(=O)OCC(=O)[C@@]12O[C@H](C3CCCCC3)O[C@@H]1C[C@H]1[C@@H]3CCC4=CC(=O)C=C[C@]4(C)[C@H]3[C@@H](O)C[C@@]12C,1
AURKB,1,6,COC(=O)Nc1nc2ccc(cc2[nH]1)S(=O)c1ccccc1,COC(=O)Nc1nc2ccc(S(=O)c3ccccc3)cc2[nH]1,1
AURKB,1,7,COc1cc2c(NC3CCN(C)CC3)nc(nc2cc1OCCOCCN(C)C)N1CCCN(C)CC1,COc1cc2c(NC3CCN(C)CC3)nc(N3CCCN(C)CC3)nc2cc1OCCOCCN(C)C,1
AURKB,1,8,CCC(C)C(=O)OCC(=O)NN(Cc1ccccc1)c2ccccc2C,CCC(C)C(=O)OCC(=O)NN(Cc1ccccc1)c1ccccc1C,1
AURKB,1,9,COC[C@@H](NC(C)=O)C(=O)NCc1ccccc1,COC[C@@H](NC(C)=O)C(=O)NCc1ccccc1,1
AURKB,1,10,COc1cc2c3CCNC(=O)c3[nH]c2cc1F,COc1cc2c3c([nH]c2cc1F)C(=O)NCC3,1
AURKB,1,11,CC1=CCC[C@@]2(C)O[C@H]2[C@@H]2OC(=O)C(=C)[C@@H]2CC1,C=C1C(=O)O[C@@H]2[C@H]1CCC(C)=CCC[C@@]1(C)O[C@@H]21,1
AURKB,1,12,CCOc1cc2ncc(C#N)c(Nc3ccc(OCc4ccccn4)c(Cl)c3)c2cc1NC(=O)C=CCN(C)C,CCOc1cc2ncc(C#N)c(Nc3ccc(OCc4ccccn4)c(Cl)c3)c2cc1NC(=O)C=CCN(C)C,1
AURKB,1,13,Clc1cc(Cl)c(NC(=O)Nc2ccncc2)c(Cl)c1,O=C(Nc1ccncc1)Nc1c(Cl)cc(Cl)cc1Cl,1
AURKB,1,14,CCCCCCCCN1C(=O)C(=C(C)C1(C)O)C(=O)C,CCCCCCCCN1C(=O)C(C(C)=O)=C(C)C1(C)O,1
AURKB,1,15,COC[C@H]([C@@H](O)[C@@H](O)C(=O)NCC[C@@H](C)c1nc(/C=C/C[C@H]2OC3(C[C@H](O)[C@H]2C)OC([C@@H](C[C@@H](O)[C@@H](C)[C@@H](O)[C@@H](C)/C=C(C)/C(=C/C=C/C(=CC#N),,0
AURKB,1,16,NC1CCN(C1)c1cccnc1,NC1CCN(c2cccnc2)C1,1
AURKB,1,17,CC(=O)N1C(=N)S/C(=C/c2cc3ccc(C)cc3nc2O)/C1=O,CC(=O)N1C(=N)S/C(=C/c2cc3ccc(C)cc3nc2O)C1=O,1
AURKB,1,18,CCc1cnc(s1)N1[C@@H](CO)[C@H]([C@H]1C#N)c1ccc(cc1)-c1cccc(F)c1,CCc1cnc(N2[C@H](C#N)[C@H](c3ccc(-c4cccc(F)c4)cc3)[C@@H]2CO)s1,1
AURKB,1,19,CCCCC[C@H](O)/C=C/C1=C(C/C=CCCCC(=O)O)C(=O)CC1,CCCCC[C@H](O)/C=C/C1=C(CC=CCCCC(=O)O)C(=O)CC1,1
AURKB,1,20,CN(C(=O)Cc1ccc(cc1)-c1ccccn1)c1nc(C)c(s1)S(N)(=O)=O,Cc1nc(N(C)C(=O)Cc2ccc(-c3ccccn3)cc2)sc1S(N)(=O)=O,1
AURKB,1,21,Oc1c(CN2CCCC2)cc(COCc3ccccc3)c4cccnc14,Oc1c(CN2CCCC2)cc(COCc2ccccc2)c2cccnc12,1
AURKB,1,22,COc1cc(F)c(F)c(Nc2ccc(I)cc2F)c1NS(=O)(=O)C1(C[C@H](O)CO)CC1,COc1cc(F)c(F)c(Nc2ccc(I)cc2F)c1NS(=O)(=O)C1(C[C@H](O)CO)CC1,1
AURKB,1,23,OC[C@@H]1[C@H]([C@H](C#N)N1C(=O)Nc1cccc(F)c1)c1ccccc1,N#C[C@H]1[C@H](c2ccccc2)[C@@H](CO)N1C(=O)Nc1cccc(F)c1,1
AURKB,1,24,Nc1ccn([C@@H]2O[C@H](CO)[C@@H](O)[C@H]2O)c(=O)n1,Nc1ccn([C@@H]2O[C@H](CO)[C@@H](O)[C@H]2O)c(=O)n1,1
AURKB,1,25,Nc1nc(S)c2ncn([C@@H]3O[C@H](CO)[C@@H](O)[C@H]3O)c2n1,Nc1nc(S)c2ncn([C@@H]3O[C@H](CO)[C@@H](O)[C@H]3O)c2n1,1
AURKB,1,26,CC(C)CCN1C(C)C(=O)N(C)c2cnc(Nc3cc(F)cc(Br)c3C)nc12,Cc1c(Br)cc(F)cc1Nc1ncc2c(n1)N(CCC(C)C)C(C)C(=O)N2C,1
AURKB,1,27,CCOc1cc2ncc(C#N)c(Nc3ccc(F)c(Cl)c3)c2cc1NC(=O)C=CCN(C)C,CCOc1cc2ncc(C#N)c(Nc3ccc(F)c(Cl)c3)c2cc1NC(=O)C=CCN(C)C,1
AURKB,1,28,CN(C)CCCN1c2ccccc2CCc2ccc(Cl)cc12,CN(C)CCCN1c2ccccc2CCc2ccc(Cl)cc21,1
AURKB,1,29,CC(=O)c1c(O)c(C)c(O)c(Cc2c(O)c(C(=O)/C=C/c3ccccc3)c4OC(C)(C)C=Cc4c2O)c1O,CC(=O)c1c(O)c(C)c(O)c(Cc2c(O)c3c(c(C(=O)/C=C/c4ccccc4)c2O)OC(C)(C)C=C3)c1O,1
AURKB,1,30,CCN(CC)CCNC(=O)c1c(C)[nH]c(C=C2/C(=O)Nc3ccc(F)cc23)c1C,CCN(CC)CCNC(=O)c1c(C)[nH]c(C=C2C(=O)Nc3ccc(F)cc32)c1C,1
AURKB,1,31,COc1ccc2c3c([C@H](CO)N(C)C[C@]33CN(C3)S(=O)(=O)c3cccc(C)c3)n(C)c2c1,COc1ccc2c3c(n(C)c2c1)[C@H](CO)N(C)CC31CN(S(=O)(=O)c2cccc(C)c2)C1,1
AURKB,1,32,CC(=C)[C@@H]1CC[C@@]2(CC[C@]3(C)[C@H](CC[C@@H]4[C@@]5(C)CC[C@H](OC(=O)CC(C)(C)C(O)=O)C(C)(C)[C@@H]5CC[C@@]34C)[C@@H]12)C(O)=O,C=C(C)[C@@H]1CC[C@]2(C(=O)O)CC[C@]3(C)[C@H](CC[C@@H]4[C@@]5(C)CC[C@H](OC(=O)CC(C)(C)C(=O)O)C(C)(C)[C@@H]5CC[C@]43C)[C@@H]12,1
AURKB,1,33,CCCCCCCCc1ccc(CCC(N)(CO)CO)cc1,CCCCCCCCc1ccc(CCC(N)(CO)CO)cc1,1
AURKB,1,34,CC(C)[C@@H](N(CCCN)C(=O)c1ccc(C)cc1)c1oc2cc(Cl)ccc2c(=O)c1Cc1ccccc1,Cc1ccc(C(=O)N(CCCN)[C@@H](c2oc3cc(Cl)ccc3c(=O)c2Cc2ccccc2)C(C)C)cc1,1
AURKB,1,35,CC(=O)c1c(C)c2cnc(Nc3ccc(cn3)N3CCNCC3)nc2n(C2CCCC2)c1=O,CC(=O)c1c(C)c2cnc(Nc3ccc(N4CCNCC4)cn3)nc2n(C2CCCC2)c1=O,1
AURKB,1,36,CCOC(=O)C1=C(C)NC(C)=C(C1c1ccccc1C=CC(=O)OC(C)(C)C)C(=O)OCC,CCOC(=O)C1=C(C)NC(C)=C(C(=O)OCC)C1c1ccccc1C=CC(=O)OC(C)(C)C,1
AURKB,1,37,Cn1nc(N)c2cn([C@@H]3O[C@H](CO)[C@@H](O)[C@H]3O)c3ncnc1c23,CN1N=C(N)c2cn([C@@H]3O[C@H](CO)[C@@H](O)[C@H]3O)c3ncnc1c23,1
AURKB,1,38,CCCNC(=O)N1[C@H](CO)[C@H]([C@H]1C#N)c1ccc(cc1)C1=CCCCC1,CCCNC(=O)N1[C@H](C#N)[C@H](c2ccc(C3=CCCCC3)cc2)[C@H]1CO,1
AURKB,1,39,Cn1cnc2c(F)c(Nc3ccc(Br)cc3Cl)c(cc12)C(=O)NOCCO,Cn1cnc2c(F)c(Nc3ccc(Br)cc3Cl)c(C(=O)NOCCO)cc21,1
AURKB,1,40,OC[C@@H]1O[C@@H](CC(=O)NCCc2ccncc2)CC[C@H]1NC(=O)CN1CCOCC1,O=C(C[C@H]1CC[C@@H](NC(=O)CN2CCOCC2)[C@H](CO)O1)NCCc1ccncc1,1
AURKB,1,41,CC[C@H]1OC(=O)[C@H](C)[C@@H](O[C@H]2C[C@@](C)(OC)[C@@H](O)[C@H](C)O2)[C@H](C)[C@@H](O[C@@H]2O[C@H](C)C[C@@H]([C@H]2OC(=O)CC)N(C)C)[C@](C)(O)C[C@@H](C)C(=O)[C@H](C)[C@@H](O),,0
AURKB,1,42,COc1cc(C)c(Sc2cnc(NC(=O)c3ccc(CNC(C)C(C)C)cc3)s2)cc1C(=O)N1CCN(CC1)C(C)=O,COc1cc(C)c(Sc2cnc(NC(=O)c3ccc(CNC(C)C(C)C)cc3)s2)cc1C(=O)N1CCN(C(C)=O)CC1,1
AURKB,1,43,C[C@@H](CO)N1C[C@H](C)[C@@H](CN(C)S(=O)(=O)c2ccc(Cl)cc2)OCCCC[C@H](C)Oc3ccc(NC(=O)Nc4c(C)noc4C)cc3C1=O,Cc1noc(C)c1NC(=O)Nc1ccc2c(c1)C(=O)N([C@@H](C)CO)C[C@H](C)[C@@H](CN(C)S(=O)(=O)c1ccc(Cl)cc1)OCCCC[C@H](C)O2,1
AURKB,1,44,CCOc1cc(CC(=O)N[C@@H](CC(C)C)c2ccccc2N2CCCCC2)ccc1C(O)=O,CCOc1cc(CC(=O)N[C@@H](CC(C)C)c2ccccc2N2CCCCC2)ccc1C(=O)O,1
AURKB,1,45,O=C(O[C@H]1CN2CCC1CC2)N1CCc2ccccc2[C@@H]1c1ccccc1,O=C(O[C@H]1CN2CCC1CC2)N1CCc2ccccc2[C@@H]1c1ccccc1,1
AURKB,1,46,CCCNC(=O)c1cc2CN([C@H](CCO)c2c(n1)-c1cccc(c1)-c1cccc(OC)c1)[S@@](=O)C(C)(C)C,CCCNC(=O)c1cc2c(c(-c3cccc(-c4cccc(OC)c4)c3)n1)[C@@H](CCO)N([S@@](=O)C(C)(C)C)C2,1
AURKB,1,47,CC(C)c1c(C(=O)Nc2ccccc2)c(c(-c2ccc(F)cc2)n1CCC(O)CC(O)CC(O)=O)-c1ccccc1,CC(C)c1c(C(=O)Nc2ccccc2)c(-c2ccccc2)c(-c2ccc(F)cc2)n1CCC(O)CC(O)CC(=O)O,1
AURKB,1,48,O=C(N1CCNCC1)c1ccc(cc1)C=Cc1n[nH]c2ccccc12,O=C(c1ccc(C=Cc2n[nH]c3ccccc23)cc1)N1CCNCC1,1
AURKB,1,49,CN(C)CCCN1c2ccccc2Sc2ccc(cc12)C(F)(F)F,CN(C)CCCN1c2ccccc2Sc2ccc(C(F)(F)F)cc21,1
AURKB,1,50,CC[C@H](CO)Nc1nc(NCc2ccccc2)c2ncn(C(C)C)c2n1,CC[C@H](CO)Nc1nc(NCc2ccccc2)c2ncn(C(C)C)c2n1,1
AURKB,1,51,CCN1CCN(Cc2ccc(Nc3ncc4N(C)C(=O)c5ccccc5N(C)c4n3)cc2C(F)(F)F)CC1,CCN1CCN(Cc2ccc(Nc3ncc4c(n3)N(C)c3ccccc3C(=O)N4C)cc2C(F)(F)F)CC1,1
AURKB,1,52,CCC1=C[C@@H]2C[N@](C1)Cc1c([nH]c3ccccc13)[C@@](C2)(C(=O)OC)c1cc2c(cc1OC)N(C)[C@@H]1[C@]22CCN3CC=C[C@@](CC)(C,,0
AURKB,1,53,Cc1cc(c(O)c(C)c1CC1=NCCN1)C(C)(C)C,Cc1cc(C(C)(C)C)c(O)c(C)c1CC1=NCCN1,1
AURKB,1,54,CN1[C@H]2CC[C@@H](CC(=O)N[C@@H]3CCN(Cc4ccccc4)C3)O[C@@H]2COc2ccc(NC(=O)c3ccc(F)c(F)c3)cc2C1=O,CN1C(=O)c2cc(NC(=O)c3ccc(F)c(F)c3)ccc2OC[C@H]2O[C@H](CC(=O)N[C@@H]3CCN(Cc4ccccc4)C3)CC[C@@H]21,1
AURKB,1,55,CN(CC#CCN1CCCC(CO)C1)C(=O)C,CC(=O)N(C)CC#CCN1CCCC(CO)C1,1
AURKB,1,56,Nc1nc(Nc2ccc3CC[C@@H](CCc3c2)N2CCCC2)nn1-c1cc2CCCc3ccccc3-c2nn1,Nc1nc(Nc2ccc3c(c2)CC[C@@H](N2CCCC2)CC3)nn1-c1cc2c(nn1)-c1ccccc1CCC2,1
AURKB,1,57,Clc1cccc(Nc2nc(C#N)nc3n(cnc23)C4CCCC4)c1,N#Cc1nc(Nc2cccc(Cl)c2)c2ncn(C3CCCC3)c2n1,1
AURKB,1,58,CC(C)OC(=O)CCCC=C/C[C@H]1[C@@H](O)C[C@@H](O)[C@@H]1C=C[C@@H](O)COc1cccc(c1)C(F)(F)F,CC(C)OC(=O)CCCC=CC[C@@H]1[C@@H](C=C[C@@H](O)COc2cccc(C(F)(F)F)c2)[C@H](O)C[C@@H]1O,1
AURKB,1,59,Nc1nc2ccc(Cl)cc2c2nc(nn12)-c1ccco1,Nc1nc2ccc(Cl)cc2c2nc(-c3ccco3)nn12,1
AURKB,1,60,O=c1[nH]c2ccccc2n1C3CCN(Cc4ccc(cc4)c5nc6cc7[nH]cnc7cc6nc5c8ccccc8)CC3,O=c1[nH]c2ccccc2n1C1CCN(Cc2ccc(-c3nc4cc5[nH]cnc5cc4nc3-c3ccccc3)cc2)CC1,1
AURKB,1,61,CN(C)c1ccc2O[C@H]3[C@H](C[C@H](CC(=O)O)O[C@@H]3CO)c2c1,CN(C)c1ccc2c(c1)[C@H]1C[C@H](CC(=O)O)O[C@H](CO)[C@H]1O2,1
AURKB,1,62,Clc1ccc2Nc3cscc3C(=O)Nc2c1,O=C1Nc2cc(Cl)ccc2Nc2cscc21,1
AURKB,1,63,CCNC(=O)c1cc2CN([C@@H](CCO)c2c(n1)-c1cccc(c1)-c1cccc(OC)c1)[S@@](=O)C(C)(C)C,CCNC(=O)c1cc2c(c(-c3cccc(-c4cccc(OC)c4)c3)n1)[C@H](CCO)N([S@@](=O)C(C)(C)C)C2,1
AURKB,1,64,COc1ccc(C2CC(=NCCS2)c2c(O)cc(C)oc2=O)c(OC)c1,COc1ccc(C2CC(c3c(O)cc(C)oc3=O)=NCCS2)c(OC)c1,1
AURKB,1,65,CC(C)c1ccc2Sc3cc(F)ccc3CC(N3CCN(CCO)CC3)c2c1,CC(C)c1ccc2c(c1)C(N1CCN(CCO)CC1)Cc1ccc(F)cc1S2,1
AURKB,1,66,COc1ccc(NC(=O)c2ccc(cc2)C(=N)N(C)C)c(c1)C(=O)Nc1ccc(Cl)cn1,COc1ccc(NC(=O)c2ccc(C(=N)N(C)C)cc2)c(C(=O)Nc2ccc(Cl)cn2)c1,1
AURKB,1,67,C[C@H](CO)N1C[C@H](C)[C@H](CN(C)C(=O)[C@H](Cc2ccccc2)N(C)C)OCc3ccccc3-c4c(C1=O)n(C)c5ccccc45,C[C@H](CO)N1C[C@H](C)[C@H](CN(C)C(=O)[C@H](Cc2ccccc2)N(C)C)OCc2ccccc2-c2c(n(C)c3ccccc23)C1=O,1
AURKB,1,68,OC(CN1CCCCC1)C(O)=O,O=C(O)C(O)CN1CCCCC1,1
AURKB,1,69,CCOC(=O)C1=C(C)NC(C)=C(C1c1ccccc1C=CC(=O)OC(C)(C)C)C(=O)OCC,CCOC(=O)C1=C(C)NC(C)=C(C(=O)OCC)C1c1ccccc1C=CC(=O)OC(C)(C)C,1
AURKB,1,70,C[C@@H](NC(=O)[C@@H](NC(=O)[C@H](CCCc1ccc(c(C)c1)-c1ccccc1)CC(=O)NO)C(C)(C)C)c1ccccc1,Cc1cc(CCC[C@H](CC(=O)NO)C(=O)N[C@H](C(=O)N[C@H](C)c2ccccc2)C(C)(C)C)ccc1-c1ccccc1,1
AURKB,1,71,CCCN1CCC[C@@H]2Cc3n[nH]cc3C[C@@H]12,CCCN1CCC[C@@H]2Cc3n[nH]cc3C[C@H]21,1
AURKB,1,72,C[C@@H](CO)N1C[C@@H](C)[C@H](CN(C)S(=O)(=O)c2ccccc2C#N)OCc3ccccc3-c4ccccc4C1=O,C[C@@H]1CN([C@@H](C)CO)C(=O)c2ccccc2-c2ccccc2CO[C@H]1CN(C)S(=O)(=O)c1ccccc1C#N,1
AURKB,1,73,CC(C)(C)c1cnc(CSc2cnc(NC(=O)C3CCNCC3)s2)o1,CC(C)(C)c1cnc(CSc2cnc(NC(=O)C3CCNCC3)s2)o1,1
AURKB,1,74,CCOc1ccccc1-n1c(=O)c2ccccc2nc1C(C)N1CCN(CC1)C(=O)COc1ccc(Cl)cc1,CCOc1ccccc1-n1c(C(C)N2CCN(C(=O)COc3ccc(Cl)cc3)CC2)nc2ccccc2c1=O,1
AURKB,1,75,CC(=O)O[C@@H]1C2=C(C)[C@H](C[C@@](O)([C@@H](OC(=O)c3ccccc3)C3[C@@]4(CO[C@@H]4C[C@H](O)[C@@]3(C)C1=O)OC(C)=O)C2(C)C)OC(=O)[C@H](O)[C@@H](NC(=O),,0
AURKB,1,76,COC1(OC)C=CC(=O)C=C1NC(=O)c2ccccc2OC(=O)C,COC1(OC)C=CC(=O)C=C1NC(=O)c1ccccc1OC(C)=O,1
AURKB,1,77,CC(=O)Nc1ccc(O)cc1,CC(=O)Nc1ccc(O)cc1,1
AURKB,1,78,CC(C)C[C@H]([C@H](O)C(=O)NO)C(=O)N[C@H](C(=O)OC1CCCC1)c1ccccc1,CC(C)C[C@@H](C(=O)N[C@H](C(=O)OC1CCCC1)c1ccccc1)[C@H](O)C(=O)NO,1
AURKB,1,79,COc1cc2ncnc(Nc3cccc(Cl)c3)c2cc1OC,COc1cc2ncnc(Nc3cccc(Cl)c3)c2cc1OC,1
AURKB,1,80,CC(C)c1ccc(NC(=O)c2cccs2)c(c1)-c1nc2ccccc2[nH]c1=O,CC(C)c1ccc(NC(=O)c2cccs2)c(-c2nc3ccccc3[nH]c2=O)c1,1
AURKB,1,81,OC(=O)C=Cc1ccc(c(Cl)c1)-c1ccc(O)c(c1)C12C[C@H]3C[C@H](C[C@H](C3)C1)C2,O=C(O)C=Cc1ccc(-c2ccc(O)c(C34C[C@H]5C[C@@H](C3)C[C@@H](C4)C5)c2)c(Cl)c1,1
AURKB,1,82,CC(C)OC(=O)N1CCC(CC1)Oc1ncnc2n(ncc12)-c1ccc(cc1F)S(C)(=O)=O,CC(C)OC(=O)N1CCC(Oc2ncnc3c2cnn3-c2ccc(S(C)(=O)=O)cc2F)CC1,1
AURKB,1,83,CC(C)c1cc(C(C)C)c(CC(=O)NS(=O)(=O)Oc2c(cccc2C(C)C)C(C)C)c(c1)C(C)C,CC(C)c1cc(C(C)C)c(CC(=O)NS(=O)(=O)Oc2c(C(C)C)cccc2C(C)C)c(C(C)C)c1,1
AURKB,1,84,CN(C)C(=O)c1cccc(c1)-c1ccc(cc1)[C@H]1[C@@H](CO)N2[C@H]1CN(CC2=O)C(=O)CC1CC1,CN(C)C(=O)c1cccc(-c2ccc([C@H]3[C@@H](CO)N4C(=O)CN(C(=O)CC5CC5)C[C@@H]34)cc2)c1,1
AURKB,1,85,Cn1cnc(c1Sc1[nH]cnc2ncnc12)[N+]([O-])=O,Cn1cnc([N+](=O)[O-])c1Sc1[nH]cnc2ncnc1-2,1
AURKB,1,86,CN1[C@H]2CC[C@@H](CC(=O)NC3Cc4ccccc4C3)O[C@H]2COc2ccc(NC(=O)c3ccc(cc3)C(F)(F)F)cc2C1=O,CN1C(=O)c2cc(NC(=O)c3ccc(C(F)(F)F)cc3)ccc2OC[C@@H]2O[C@H](CC(=O)NC3Cc4ccccc4C3)CC[C@@H]21,1
AURKB,1,87,Nc1ncnc2n(cnc12)[C@@H]1O[C@H](CO)[C@@H](O)[C@@H]1O,Nc1ncnc2c1ncn2[C@@H]1O[C@H](CO)[C@@H](O)[C@@H]1O,1
AURKB,1,88,CCc1cc(-c2n[nH]c(C)c2-c2ccc3OCCOc3c2)c(O)cc1O,CCc1cc(-c2n[nH]c(C)c2-c2ccc3c(c2)OCCO3)c(O)cc1O,1
AURKB,1,89,CCC(C)C(=O)c1c(nc2nc(OC)ccc22)-cc3cccc(c3)S(=O)(=O)NCC=C[C@H](C)N(C)C(=O)C1=O)N(C,,0
AURKB,1,90,COc1ccc(cc1)-c1ccc(cc1)[C@H]1[C@@H](CO)N2CCCCN(C[C@H]12)C(=O)Cc1ccncc1,COc1ccc(-c2ccc([C@H]3[C@@H](CO)N4CCCCN(C(=O)Cc5ccncc5)C[C@H]34)cc2)cc1,1
AURKB,1,91,CC(C)NC(=O)COc1cccc(c1)-c1nc(Nc2ccc3[nH]ncc3c2)c2ccccc2n1,CC(C)NC(=O)COc1cccc(-c2nc(Nc3ccc4[nH]ncc4c3)c3ccccc3n2)c1,1
AURKB,1,92,COc1cc(C)c(Sc2cnc(NC(=O)c3ccc(CNC(C)C(C)C)cc3)s2)cc1C(=O)N1CCN(CC1)C(C)=O,COc1cc(C)c(Sc2cnc(NC(=O)c3ccc(CNC(C)C(C)C)cc3)s2)cc1C(=O)N1CCN(C(C)=O)CC1,1
AURKB,1,93,ClCC(=O)N=c1sccn1Cc2ccccc2Cl,O=C(CCl)N=c1sccn1Cc1ccccc1Cl,1
AURKB,1,94,CN1[C@H]2CC[C@@H]1C[C@@H](C2)OC(=O)N1Cc2ccccc2NC1=O,CN1[C@@H]2CC[C@H]1C[C@@H](OC(=O)N1Cc3ccccc3NC1=O)C2,1
AURKB,1,95,CC(C)C(=O)OC[C@H]1O[C@@H](n2ccc(N)nc2=O)[C@](C)(F)[C@@H]1OC(=O)C(C)C,CC(C)C(=O)OC[C@H]1O[C@@H](n2ccc(N)nc2=O)[C@](C)(F)[C@@H]1OC(=O)C(C)C,1
AURKB,1,96,COc1cc(Nc2ncc(F)c(Nc3ccc4OC(C)(C)C(=O)Nc4n3)n2)cc(OC)c1OC,COc1cc(Nc2ncc(F)c(Nc3ccc4c(n3)NC(=O)C(C)(C)O4)n2)cc(OC)c1OC,1
AURKB,1,97,Nc1nc(Cl)nc2n(cnc12)[C@H]1C[C@H](O)[C@@H](CO)O1,Nc1nc(Cl)nc2c1ncn2[C@H]1C[C@H](O)[C@@H](CO)O1,1
AURKB,1,98,CC(C)C1C2CCC(C2)C1N,CC(C)C1C2CCC(C2)C1N,1
AURKB,1,99,Clc1ccc(cc1)C1(CCNCC1)c1ccc(cc1)-c1cn[nH]c1,Clc1ccc(C2(c3ccc(-c4cn[nH]c4)cc3)CCNCC2)cc1,1
CTSK,3,0,CN(C)C(=O)C[C@@H]1CC[C@H](NC(=O)C2CCOCC2)[C@H](CO)O1,CN(C)C(=O)C[C@@H]1CC[C@H](NC(=O)C2CCOCC2)[C@H](CO)O1,1
CTSK,3,1,CC(C)NC(=O)Nc1ccc2O[C@@H](CN(C)Cc3ccc(cc3)c4ccccc4)[C@@H](C)CN([C@@H](C)CO)C(=O)c2c1,CC(C)NC(=O)Nc1ccc2c(c1)C(=O)N([C@@H](C)CO)C[C@H](C)[C@H](CN(C)Cc1ccc(-c3ccccc3)cc1)O2,1
CTSK,3,2,C[C@H]1O[C@H]1P(O)(O)=O,C[C@H]1O[C@H]1P(=O)(O)O,1
CTSK,3,3,CC(C)NC(=O)N(C)C[C@H]1OCCCC[C@@H](C)Oc2ccc(NC(=O)CCC(F)(F)F)cc2C(=O)N(C[C@@H]1C)[C@H](C)CO,CC(C)NC(=O)N(C)C[C@H]1OCCCC[C@@H](C)Oc2ccc(NC(=O)CCC(F)(F)F)cc2C(=O)N([C@H](C)CO)C[C@@H]1C,1
CTSK,3,4,CC(C)(C)c1cc(c(NC(=O)c2c[nH]c3ccccc3c2=O)cc1O)C(C)(C)C,CC(C)(C)c1cc(C(C)(C)C)c(NC(=O)c2c[nH]c3ccccc3c2=O)cc1O,1
CTSK,3,5,CN1[C@@H](CO)[C@H]2CCN[C@H]2c2cc(Br)ccc12,CN1c2ccc(Br)cc2[C@@H]2NCC[C@@H]2[C@@H]1CO,1
CTSK,3,6,CC(=O)N1[C@@H]2Cn3c(ccc(-c4ccncc4)c3=O)[C@H]1[C@H]([C@@H]2CO)C(=O)NC1Cc2ccccc2C1,CC(=O)N1[C@@H]2Cn3c(ccc(-c4ccncc4)c3=O)[C@H]1[C@@H](C(=O)NC1Cc3ccccc3C1)[C@@H]2CO,1
CTSK,3,7,COc1cccc(NC(=O)N[C@@H]2C=C[C@H](CC(=O)Nc3ccc(cc3)-c3ccccc3)O[C@H]2CO)c1,COc1cccc(NC(=O)N[C@@H]2C=C[C@H](CC(=O)Nc3ccc(-c4ccccc4)cc3)O[C@H]2CO)c1,1
CTSK,3,8,O[C@@H]1COC[C@@H]2O[C@@H](CC(=O)NCc3ccc(Cl)cc3)CC[C@H]2N(Cc2cc(F)ccc2F)C1,O=C(C[C@H]1CC[C@@H]2[C@H](COC[C@@H](O)CN2Cc2cc(F)ccc2F)O1)NCc1ccc(Cl)cc1,1
CTSK,3,9,OC[C@H]1O[C@@H](CC(=O)N2CCC(Cc3ccccc3)CC2)C=C[C@@H]1NC(=O)c1cnccn1,O=C(N[C@H]1C=C[C@H](CC(=O)N2CCC(Cc3ccccc3)CC2)O[C@@H]1CO)c1cnccn1,1
CTSK,3,10,CCOc1ccc(Cc2cc(ccc2Cl)[C@@H]2O[C@H](CO)[C@@H](O)[C@H](O)[C@@H]2O)cc1,CCOc1ccc(Cc2cc([C@@H]3O[C@H](CO)[C@@H](O)[C@H](O)[C@@H]3O)ccc2Cl)cc1,1
CTSK,3,11,CCCC1OC2CC3C4CCC5=CC(=O)C=CC5(C)C4C(O)CC3(C)C2(O1)C(=O)CO,CCCC1OC2CC3C4CCC5=CC(=O)C=CC5(C)C4C(O)CC3(C)C2(C(=O)CO)O1,1
CTSK,3,12,CC(C)NC(=O)N[C@H]1CC[C@H](CCn2cc(nn2)-c2ccc(F)cc2)O[C@@H]1CO,CC(C)NC(=O)N[C@H]1CC[C@H](CCn2cc(-c3ccc(F)cc3)nn2)O[C@@H]1CO,1
CTSK,3,13,OC[C@@H]1O[C@@H](CCNC(=O)C2CCC2)CC[C@H]1NC(=O)CN1CCOCC1,O=C(CN1CCOCC1)N[C@@H]1CC[C@H](CCNC(=O)C2CCC2)O[C@H]1CO,1
CTSK,3,14,CCCC(=O)Nc1ccc2c(OC[C@@H](C)N(Cc3ccccn3)C[C@@H](C)[C@@H](CN(C)C2=O)OC)c1,CCCC(=O)Nc1ccc2c(c1)OC[C@@H](C)N(Cc1ccccn1)C[C@@H](C)[C@H](OC)CN(C)C2=O,1
CTSK,3,15,Oc1ccc2C[C@H]3N(CC4CC4)CC[C@@]45[C@@H](Oc1c24)C(=O)CC[C@@]35O,O=C1CC[C@@]2(O)[C@H]3Cc4ccc(O)c5c4[C@@]2(CCN3CC2CC2)[C@H]1O5,1
CTSK,3,16,C[C@H](CO)N1C[C@H](C)[C@H](CN(C)S(=O)(=O)c2ccc(F)cc2)OCCCC[C@H](C)Oc3ccc(NC(=O)Nc4c(C)noc4C)cc3C1=O,Cc1noc(C)c1NC(=O)Nc1ccc2c(c1)C(=O)N([C@H](C)CO)C[C@H](C)[C@H](CN(C)S(=O)(=O)c1ccc(F)cc1)OCCCC[C@H](C)O2,1
CTSK,3,17,CCCn1c(=O)n(-c2ccc(Cl)cc2)c2[nH]cnc2c1=O,CCCn1c(=O)c2nc[nH]c2n(-c2ccc(Cl)cc2)c1=O,1
CTSK,3,18,Cc1ccc(cc1)N(CC1=NCCN1)c1cccc(O)c1,Cc1ccc(N(CC2=NCCN2)c2cccc(O)c2)cc1,1
CTSK,3,19,COc1ccc(cc1)C1Sc2ccccc2N(CCN(C)C)C(=O)C1OC(C)=O,COc1ccc(C2Sc3ccccc3N(CCN(C)C)C(=O)C2OC(C)=O)cc1,1
CTSK,3,20,CCc1ccc2c(nc(=O)n(CC)c2n1)-c1cccc(Cl)c1,CCc1ccc2c(-c3cccc(Cl)c3)nc(=O)n(CC)c2n1,1
CTSK,3,21,Nc1nc2CSOc2cc1-c1cccc(C=Cc2cccc(O)c2)c1,Nc1nc2c(cc1-c1cccc(C=Cc3cccc(O)c3)c1)OSC2,1
CTSK,3,22,O[C@H]1CC[C@@]2(O)[C@H]3Cc4ccc(O)c5O[C@@H]1[C@]2(CCN3CC1CCC1)c45,Oc1ccc2c3c1O[C@H]1[C@@H](O)CC[C@@]4(O)[C@@H](C2)N(CC2CCC2)CC[C@]314,1
CTSK,3,23,CO[C@H]1CN(C)C(=O)c2cc(NC(=O)C3CC3)ccc2OC[C@@H](C)N(C[C@H]1C)C(=O)c1ccccc1F,CO[C@H]1CN(C)C(=O)c2cc(NC(=O)C3CC3)ccc2OC[C@@H](C)N(C(=O)c2ccccc2F)C[C@H]1C,1
CTSK,3,24,COc1ccc2c(=O)c(coc2c1)c3cc4OCOc4cc3OC,COc1ccc2c(=O)c(-c3cc4c(cc3OC)OCO4)coc2c1,1
CTSK,3,25,C[C@H](CO)N1C[C@@H](C)[C@@H](CN(C)Cc2ccc(Oc3ccccc3)cc2)Oc4c(NC(=O)c5ccncc5)cccc4C1=O,C[C@@H]1CN([C@H](C)CO)C(=O)c2cccc(NC(=O)c3ccncc3)c2O[C@@H]1CN(C)Cc1ccc(Oc2ccccc2)cc1,1
CTSK,3,26,COc1ccc2c3c([C@H](CO)N(Cc4cc(OC)cc(OC)c4)C[C@]33CN(C3)C(=O)CN3CCOCC3)n(C)c2c1,COc1cc(CN2CC3(CN(C(=O)CN4CCOCC4)C3)c3c(n(C)c4cc(OC)ccc34)[C@@H]2CO)cc(OC)c1,1
CTSK,3,27,COc1ccccc1CNC(=O)C[C@@H]1O[C@@H](CO)[C@@H](NC(=O)CN(C)C)C=C1,COc1ccccc1CNC(=O)C[C@H]1C=C[C@H](NC(=O)CN(C)C)[C@H](CO)O1,1
CTSK,3,28,CC(C)NC(=O)N(C)C[C@@H]1OCCCC[C@@H](C)Oc2ccc(NC(=O)CCC(F)(F)F)cc2C(=O)N(C[C@@H]1C)[C@H](C)CO,CC(C)NC(=O)N(C)C[C@@H]1OCCCC[C@@H](C)Oc2ccc(NC(=O)CCC(F)(F)F)cc2C(=O)N([C@H](C)CO)C[C@@H]1C,1
CTSK,3,29,OC[C@@H]1O[C@@H](CC(=O)NC2CCCC2)C[C@@H]3[C@H]1Oc4ccc(NC(=O)CC4)cc34OC=C[C@H](C)[C@H]4O)OC(=O)C,,0
CTSK,3,30,COc1cc(ccc1O)[C@H]1Oc2cc(ccc2O[C@@H]1CO)[C@H]1Oc2cc(O)cc(O)c2C(=O)[C@@H]1O,COc1cc([C@H]2Oc3cc([C@H]4Oc5cc(O)cc(O)c5C(=O)[C@@H]4O)ccc3O[C@@H]2CO)ccc1O,1
CTSK,3,31,OC[C@H]1O[C@@H](CC(=O)NCc2ccc(Cl)cc2)C[C@@H]2[C@H]1Oc1ccc(NC(=O)C3CCOCC3)cc21,O=C(C[C@H]1C[C@H]2c3cc(NC(=O)C4CCOCC4)ccc3O[C@H]2[C@@H](CO)O1)NCc1ccc(Cl)cc1,1
CTSK,3,32,CCCn1c(SCC(=O)Nc2nc3CCCCc3s2)nc4n(C)c(=O)n(C)c(=O)c14,CCCn1c(SCC(=O)Nc2nc3c(s2)CCCC3)nc2c1c(=O)n(C)c(=O)n2C,1
CTSK,3,33,COc1cccc(CNC(=O)c2cc3CN([C@@H](CCO)c3c(n2)-c2cccc(C=CC)c2)[S@](=O)C(C)(C)C)c1,CC=Cc1cccc(-c2nc(C(=O)NCc3cccc(OC)c3)cc3c2[C@H](CCO)N([S@](=O)C(C)(C)C)C3)c1,1
CTSK,3,34,Nc1nc(N)c2nc(-c3cccc(O)c3)c(nc2n1)-c1cccc(O)c1,Nc1nc(N)c2nc(-c3cccc(O)c3)c(-c3cccc(O)c3)nc2n1,1
CTSK,3,35,OC[C@@H]1O[C@H](CC(=O)NCc2ccc(Oc3ccccc3)cc2)C[C@@H]4[C@H]1Oc5ccc(NC(=O)c6ccc7OCOc7c6)cc45,O=C(C[C@@H]1C[C@H]2c3cc(NC(=O)c4ccc5c(c4)OCO5)ccc3O[C@H]2[C@H](CO)O1)NCc1ccc(Oc2ccccc2)cc1,1
CTSK,3,36,CC(C)NC(=O)Nc1ccc2O[C@H](CN(C)C)[C@H](C)CN([C@H](C)CO)C(=O)c2c1,CC(C)NC(=O)Nc1ccc2c(c1)C(=O)N([C@H](C)CO)C[C@@H](C)[C@@H](CN(C)C)O2,1
CTSK,3,37,COc1ccc2c3c([C@@H](CO)N(Cc4ccncc4)C[C@]33CCN(CC3)C(=O)Cc3ccncc3)n(C)c2c1,COc1ccc2c3c(n(C)c2c1)[C@@H](CO)N(Cc1ccncc1)CC31CCN(C(=O)Cc2ccncc2)CC1,1
CTSK,3,38,OC[C@@H]1O[C@@H](CC(=O)NCc2ccc(Cl)cc2)CC[C@H]1NC(=O)CC1CC1,O=C(C[C@H]1CC[C@@H](NC(=O)CC2CC2)[C@H](CO)O1)NCc1ccc(Cl)cc1,1
CTSK,3,39,Cn1cc(C2=C(C(=O)NC2=O)c2ccc(Cl)cc2Cl)c2ccccc12,Cn1cc(C2=C(c3ccc(Cl)cc3Cl)C(=O)NC2=O)c2ccccc21,1
CTSK,3,40,CNCCC(Oc1ccccc1OC)c1ccccc1,CNCCC(Oc1ccccc1OC)c1ccccc1,1
CTSK,3,41,CNC(=O)C[C@@H]1CC[C@H]2[C@H](COc3ccc(NC(=O)c4cc(F)cc(F)c4)cc3C(=O)N2C)O1,CNC(=O)C[C@@H]1CC[C@H]2[C@H](COc3ccc(NC(=O)c4cc(F)cc(F)c4)cc3C(=O)N2C)O1,1
CTSK,3,42,COc1cc(F)c(cc1OC)C(=O)NC(C)(C)CO,COc1cc(F)c(C(=O)NC(C)(C)CO)cc1OC,1
CTSK,3,43,CNC(=O)c1cc2c(cn1)[nH]c1ccccc21,CNC(=O)c1cc2c(cn1)[nH]c1ccccc12,1
CTSK,3,44,CNC(=O)C[C@@H]1CC[C@H]2[C@H](COc3ccc(NC(=O)c4cc(F)cc(F)c4)cc3C(=O)N2C)O1,CNC(=O)C[C@@H]1CC[C@H]2[C@H](COc3ccc(NC(=O)c4cc(F)cc(F)c4)cc3C(=O)N2C)O1,1
CTSK,3,45,CCCNC(=O)N1C[C@@H](O)COC[C@@H]2O[C@H](CC(=O)N[C@@H]3CCN(Cc4ccccc4)C3)CC[C@@H]12,CCCNC(=O)N1C[C@@H](O)COC[C@@H]2O[C@H](CC(=O)N[C@@H]3CCN(Cc4ccccc4)C3)CC[C@H]21,1
CTSK,3,46,COc1cc2C[C@@H](CN(C)CCCN3CCc4cc(OC)c(OC)cc4CC3=O)c2cc1OC,COc1cc2c(cc1OC)CC(=O)N(CCCN(C)C[C@@H]1Cc3cc(OC)c(OC)cc31)CC2,1
CTSK,3,47,CCCNCC(O)COc1ccccc1C(=O)CCc1ccccc1,CCCNCC(O)COc1ccccc1C(=O)CCc1ccccc1,1
CTSK,3,48,O=C1NC(=O)C(S1)=C/c1ccc2nccnc2c1,O=C1NC(=O)C(=Cc2ccc3nccnc3c2)S1,1
CTSK,3,49,OC[C@H]1O[C@@H](CCNC(=O)c2ccc3OCOc3c2)CC[C@H]1NS(=O)(=O)c1ccc(Cl)cc1,O=C(NCC[C@H]1CC[C@@H](NS(=O)(=O)c2ccc(Cl)cc2)[C@@H](CO)O1)c1ccc2c(c1)OCO2,1
CTSK,3,50,CCN1CCN(CC1)C(c2cccnc2)c3cc(Cl)c4cccnc4c3O,CCN1CCN(C(c2cccnc2)c2cc(Cl)c3cccnc3c2O)CC1,1
CTSK,3,51,CCCN1C[C@@H](C)[C@H](CN(C)C(=O)c2ccc(NC(=O)Nc3cccc(OC)c3)cc2OC[C@@H]1C)OC,CCCN1C[C@@H](C)[C@@H](OC)CN(C)C(=O)c2ccc(NC(=O)Nc3cccc(OC)c3)cc2OC[C@@H]1C,1
CTSK,3,52,Cc1ccc(cc1)C(=O)NCCCCCC(=O)Nc1ccccc1N,Cc1ccc(C(=O)NCCCCCC(=O)Nc2ccccc2N)cc1,1
CTSK,3,53,CCC(=O)N1C[C@H](O)COC[C@@H]2O[C@H](CC(=O)NCc3cc(F)cc(F)c3)CC[C@H]12,CCC(=O)N1C[C@H](O)COC[C@@H]2O[C@H](CC(=O)NCc3cc(F)cc(F)c3)CC[C@@H]21,1
CTSK,3,54,O[C@H]1COC[C@@H]2O[C@H](CC(=O)NCc3ccc(Cl)cc3)CC[C@H]2N(Cc2cc(F)ccc2F)C1,O=C(C[C@@H]1CC[C@@H]2[C@H](COC[C@H](O)CN2Cc2cc(F)ccc2F)O1)NCc1ccc(Cl)cc1,1
CTSK,3,55,CC(C)C[C@H](NC(=O)[C@@H](O)[C@H](N)Cc1ccccc1)C(O)=O,CC(C)C[C@H](NC(=O)[C@@H](O)[C@H](N)Cc1ccccc1)C(=O)O,1
CTSK,3,56,OC(=O)c1cc(O)c2ccccc2n1,O=C(O)c1cc(O)c2ccccc2n1,1
CTSK,3,57,COc1ccc2c3c([C@H](CO)N(CC4CC4)C[C@]33CN(C3)S(=O)(=O)c3cn(C)cn3)n(C)c2c1,COc1ccc2c3c(n(C)c2c1)[C@H](CO)N(CC1CC1)CC31CN(S(=O)(=O)c2cn(C)cn2)C1,1
CTSK,3,58,CO[C@@H]1CN(C)C(=O)c2ccc(NC(=O)c3ccccc3F)cc2OC[C@@H](C)N(C[C@H]1C)S(C)(=O)=O,CO[C@@H]1CN(C)C(=O)c2ccc(NC(=O)c3ccccc3F)cc2OC[C@@H](C)N(S(C)(=O)=O)C[C@H]1C,1
CTSK,3,59,C[C@@H](CO)N1C[C@@H](C)[C@H](CN(C)C(=O)Nc2ccc(F)cc2)OCc3ccccc3-c4ccccc4C1=O,C[C@@H]1CN([C@@H](C)CO)C(=O)c2ccccc2-c2ccccc2CO[C@H]1CN(C)C(=O)Nc1ccc(F)cc1,1
CTSK,3,60,CC(C)c1noc(n1)N1CCC(COc2ccc(nc2)-c2ccc(cc2)S(C)(=O)=O)CC1,CC(C)c1noc(N2CCC(COc3ccc(-c4ccc(S(C)(=O)=O)cc4)nc3)CC2)n1,1
CTSK,3,61,CO[C@H]1CC[C@@H]2CCOc3ccc(cc3C(=O)N(C)C[C@H](OC)[C@@H](C)C(=O)N(C)C[C@H]1O2)C#N,CO[C@H]1CC[C@@H]2CCOc3ccc(C#N)cc3C(=O)N(C)C[C@H](OC)[C@@H](C)C(=O)N(C)C[C@H]1O2,1
CTSK,3,62,CN1[C@H]2CC[C@@H](CC(=O)NCc3ccc(cc3)-c3ccccc3)O[C@H]2COc2ccc(NS(C)(=O)=O)cc2C1=O,CN1C(=O)c2cc(NS(C)(=O)=O)ccc2OC[C@@H]2O[C@H](CC(=O)NCc3ccc(-c4ccccc4)cc3)CC[C@@H]21,1
CTSK,3,63,COc1ccc(cc1)S(=O)(=O)N1C[C@H](O)COC[C@H]2O[C@@H](CC(=O)N[C@H]3CCN(Cc4ccccc4)C3)CC[C@H]12,COc1ccc(S(=O)(=O)N2C[C@H](O)COC[C@H]3O[C@@H](CC(=O)N[C@H]4CCN(Cc5ccccc5)C4)CC[C@@H]32)cc1,1
CTSK,3,64,COc1cccc(CN2C(=O)[C@@H]3Cc4c([nH]c5ccccc45)C(C)(C)N3C2=O)c1,COc1cccc(CN2C(=O)[C@@H]3Cc4c([nH]c5ccccc45)C(C)(C)N3C2=O)c1,1
CTSK,3,65,CCN(CC)CCCCC1CCN(CC(=O)N2c3ccccc3C(=O)Nc3cccnc23)CC1,CCN(CC)CCCCC1CCN(CC(=O)N2c3ccccc3C(=O)Nc3cccnc32)CC1,1
CTSK,3,66,COc1ccccc1CNC(=O)C[C@H]2C[C@@H]3[C@@H](Oc4ccc(NC(=O)c5cccnc5)cc34)[C@H](CO)O2,COc1ccccc1CNC(=O)C[C@H]1C[C@H]2c3cc(NC(=O)c4cccnc4)ccc3O[C@H]2[C@H](CO)O1,1
CTSK,3,67,Nc1nc2n(COC(CO)CO)cnc2c(=O)[nH]1,Nc1nc2c(ncn2COC(CO)CO)c(=O)[nH]1,1
CTSK,3,68,O[C@@H]1COC[C@@H]2O[C@H](CC(=O)NCCCN3CCOCC3)CC[C@H]2N(C1)C(=O)c1ccccc1,O=C(C[C@@H]1CC[C@@H]2[C@H](COC[C@@H](O)CN2C(=O)c2ccccc2)O1)NCCCN1CCOCC1,1
CTSK,3,69,O[C@H]1COC[C@@H]2O[C@H](CC(=O)NCCN3CCCCC3)CC[C@H]2N(C1)S(=O)(=O)c1ccccc1,O=C(C[C@@H]1CC[C@@H]2[C@H](COC[C@H](O)CN2S(=O)(=O)c2ccccc2)O1)NCCN1CCCCC1,1
CTSK,3,70,COc1ccc(NC(=O)N(C)C[C@@H]2OCCCC[C@@H](C)Oc3ccc(NC(=O)C4CCCCC4)cc3C(=O)N(C[C@H]2C)[C@@H](C)CO)cc1,COc1ccc(NC(=O)N(C)C[C@@H]2OCCCC[C@@H](C)Oc3ccc(NC(=O)C4CCCCC4)cc3C(=O)N([C@@H](C)CO)C[C@H]2C)cc1,1
CTSK,3,71,CCOC(=O)c1ncn-2c1CN(C)C(=O)c1cc(F)ccc-21,CCOC(=O)c1ncn2c1CN(C)C(=O)c1cc(F)ccc1-2,1
CTSK,3,72,Cn1cnc2n(C)c(=O)[nH]c(=O)c12,Cn1cnc2c1c(=O)[nH]c(=O)n2C,1
CTSK,3,73,Cc1ccccc1CN1C2=NCCN2C(=O)C2=C1CCN(Cc1ccccc1)C2,Cc1ccccc1CN1C2=NCCN2C(=O)C2=C1CCN(Cc1ccccc1)C2,1
CTSK,3,74,OC[C@@H]1O[C@@H](CC(=O)NCc2cc(F)ccc2F)C[C@@H]2[C@H]1Oc1ccc(NC(=O)Cc3ccncc3)cc21,O=C(C[C@H]1C[C@H]2c3cc(NC(=O)Cc4ccncc4)ccc3O[C@H]2[C@H](CO)O1)NCc1cc(F)ccc1F,1
CTSK,3,75,COc1ccc(CN(C)C[C@@H]2OCCCC[C@@H](C)Oc3ccc(NC(=O)C4CCCCC4)cc3C(=O)N(C[C@H]2C)[C@H](C)CO)cc1,COc1ccc(CN(C)C[C@@H]2OCCCC[C@@H](C)Oc3ccc(NC(=O)C4CCCCC4)cc3C(=O)N([C@H](C)CO)C[C@H]2C)cc1,1
CTSK,3,76,CCOc1ccc(cc1)c2c(O)c3c(OC)c4CCC(C)(C)Oc4cc3oc2=O,CCOc1ccc(-c2c(O)c3c(OC)c4c(cc3oc2=O)OC(C)(C)CC4)cc1,1
CTSK,3,77,Nc1cccc2C(=O)N(C3CCC(=O)NC3=O)C(=O)c12,Nc1cccc2c1C(=O)N(C1CCC(=O)NC1=O)C2=O,1
CTSK,3,78,CC(N)C(=O)OC(C)(C)Cc1ccc(Cl)cc1,CC(N)C(=O)OC(C)(C)Cc1ccc(Cl)cc1,1
CTSK,3,79,Nc1ncnc2n(cnc12)C1CCCO1,Nc1ncnc2c1ncn2C1CCCO1,1
CTSK,3,80,CN1CCc2cc(Cl)c(O)cc2[C@@H]3[C@@H]1CCc4ccccc34,CN1CCc2cc(Cl)c(O)cc2[C@H]2c3ccccc3CC[C@@H]21,1
CTSK,3,81,CN(C)c1nc(nc(n1)N(C)C)N(C)C,CN(C)c1nc(N(C)C)nc(N(C)C)n1,1
CTSK,3,82,CO[C@H]1CC[C@H]2CCN(C)C(=O)[C@@H](C)[C@@H](CN(C)C(=O)c3cc(ccc3OC[C@@H]1O2)C#N)OC,CO[C@H]1CC[C@H]2CCN(C)C(=O)[C@@H](C)[C@H](OC)CN(C)C(=O)c3cc(C#N)ccc3OC[C@@H]1O2,1
CTSK,3,83,COC(=O)C[C@@H]1CC[C@@H]2[C@H](COC[C@@H](O)CN2CCC(F)(F)F)O1,COC(=O)C[C@@H]1CC[C@@H]2[C@H](COC[C@@H](O)CN2CCC(F)(F)F)O1,1
CTSK,3,84,CCCNC(=O)C[C@H]1CC[C@@H]2[C@H](COc3ccc(NC(=O)c4ccc5OCOc5c4)cc3C(=O)N2C)O1,CCCNC(=O)C[C@H]1CC[C@@H]2[C@H](COc3ccc(NC(=O)c4ccc5c(c4)OCO5)cc3C(=O)N2C)O1,1
CTSK,3,85,C[C@H](CO)N1C[C@H](C)[C@@H](CN(C)C(=O)NC2CCCCC2)Oc3c(cccc3C1=O)N(C)C,C[C@H](CO)N1C[C@H](C)[C@@H](CN(C)C(=O)NC2CCCCC2)Oc2c(cccc2N(C)C)C1=O,1
CTSK,3,86,CO[C@H]1CN(C)C(=O)c2cc(NS(=O)(=O)c3ccc(Cl)cc3)ccc2OC[C@H](C)N(C)C[C@H]1C,CO[C@H]1CN(C)C(=O)c2cc(NS(=O)(=O)c3ccc(Cl)cc3)ccc2OC[C@H](C)N(C)C[C@H]1C,1
CTSK,3,87,COCC(=O)Nc1ccc2c(OC[C@H](C)N(Cc3ccccc3)C[C@@H](C)[C@H](CN(C)C2=O)OC)c1,COCC(=O)Nc1ccc2c(c1)OC[C@H](C)N(Cc1ccccc1)C[C@@H](C)[C@@H](OC)CN(C)C2=O,1
CTSK,3,88,CCN(CC)CCOC(=O)c1ccc(N)cc1,CCN(CC)CCOC(=O)c1ccc(N)cc1,1
CTSK,3,89,OC[C@H]1O[C@@H](CC(=O)N2CCOCC2)CC[C@@H]1NC(=O)Cc1ccccc1,O=C(Cc1ccccc1)N[C@H]1CC[C@H](CC(=O)N2CCOCC2)O[C@@H]1CO,1
CTSK,3,90,COc1ccc2c3c([C@@H](CO)N(CC4CC4)C[C@]33CN(C3)S(=O)(=O)c3cn(C)cn3)n(C)c2c1,COc1ccc2c3c(n(C)c2c1)[C@@H](CO)N(CC1CC1)CC31CN(S(=O)(=O)c2cn(C)cn2)C1,1
CTSK,3,91,C[C@H](CO)N1C[C@H](C)[C@H](CN(C)Cc2ccccc2)OCCCC[C@@H](C)Oc3ccc(cc3C1=O)N(C)C,C[C@@H]1CCCCO[C@@H](CN(C)Cc2ccccc2)[C@@H](C)CN([C@H](C)CO)C(=O)c2cc(N(C)C)ccc2O1,1
CTSK,3,92,COc1ccccc1CNC(=O)C[C@@H]2C[C@H]3[C@H](Oc4ccc(cc34)N(C)C)[C@H](CO)O2,COc1ccccc1CNC(=O)C[C@@H]1C[C@@H]2c3cc(N(C)C)ccc3O[C@@H]2[C@H](CO)O1,1
CTSK,3,93,C[C@H](CO)N1C[C@@H](C)[C@@H](CN(C)C(=O)Cc2ccccc2)Oc2cc(ccc2S1(=O)=O)C#CC1CCCC1,C[C@@H]1CN([C@H](C)CO)S(=O)(=O)c2ccc(C#CC3CCCC3)cc2O[C@@H]1CN(C)C(=O)Cc1ccccc1,1
CTSK,3,94,CC(=O)Nc1ccc(cc1)C(=O)Nc1ccc(F)cc1N,CC(=O)Nc1ccc(C(=O)Nc2ccc(F)cc2N)cc1,1
CTSK,3,95,CN1CCN(CC1)C(=O)C[C@@H]1CC[C@@H](NC(=O)Nc2c(C)noc2C)[C@@H](CO)O1,Cc1noc(C)c1NC(=O)N[C@@H]1CC[C@@H](CC(=O)N2CCN(C)CC2)O[C@@H]1CO,1
CTSK,3,96,OC[C@H]1O[C@@H](CC(=O)N2CCOCC2)CC[C@@H]1NC(=O)Cc1ccccc1,O=C(Cc1ccccc1)N[C@H]1CC[C@H](CC(=O)N2CCOCC2)O[C@@H]1CO,1
CTSK,3,97,CCCCCN(CCCCC)C(=O)C(CCC(O)=O)NC(=O)c1ccc(Cl)c(Cl)c1,CCCCCN(CCCCC)C(=O)C(CCC(=O)O)NC(=O)c1ccc(Cl)c(Cl)c1,1
CTSK,3,98,COc1ccc(cc1)S(=O)(=O)N(C)C[C@@H]2OCCCC[C@@H](C)Oc3ccc(NS(=O)(=O)c4cn(C)cn4)cc3C(=O)N(C[C@@H]2C)[C@H](C)CO,COc1ccc(S(=O)(=O)N(C)C[C@@H]2OCCCC[C@@H](C)Oc3ccc(NS(=O)(=O)c4cn(C)cn4)cc3C(=O)N([C@H](C)CO)C[C@@H]2C)cc1,1
CTSK,3,99,CO[C@@H]1CN(C)C(=O)c2cc(NS(=O)(=O)C3CCCCC3)ccc2OC[C@H](C)NC[C@@H]1C,CO[C@@H]1CN(C)C(=O)c2cc(NS(=O)(=O)C3CCCCC3)ccc2OC[C@H](C)NC[C@@H]1C,1
EGFR,3,0,OC[C@@H]1O[C@@H](CCNC(=O)Cc2ccccn2)CC[C@H]1NC(=O)Nc1ccc(Cl)cc1,O=C(Cc1ccccn1)NCC[C@H]1CC[C@@H](NC(=O)Nc2ccc(Cl)cc2)[C@H](CO)O1,1
EGFR,3,1,CCC(=O)Nc1cccc(NC(=O)c2ccccc2Br)c1,CCC(=O)Nc1cccc(NC(=O)c2ccccc2Br)c1,1
EGFR,3,2,CN1[C@H]2CC[C@H]1C[C@H](C2)OC(=O)C(O)c1ccccc1,CN1[C@H]2CC[C@H]1CC(OC(=O)C(O)c1ccccc1)C2,1
EGFR,3,3,CC(C)(C)Cn1c(N)nc2ccc(nc12)-c1[nH]c(nc1-c1ccc(F)cc1)C(C)(C)C,CC(C)(C)Cn1c(N)nc2ccc(-c3[nH]c(C(C)(C)C)nc3-c3ccc(F)cc3)nc21,1
EGFR,3,4,OC[C@H]1OC(C[C@@H]1O)n1cc(c(=O)[nH]c1=O)C(F)(F)F,O=c1[nH]c(=O)n(C2C[C@H](O)[C@@H](CO)O2)cc1C(F)(F)F,1
EGFR,3,5,CCCCCCCCC=CCCCCCCCC(=O)NC(CO)Cc1ccc(O)cc1,CCCCCCCCC=CCCCCCCCC(=O)NC(CO)Cc1ccc(O)cc1,1
EGFR,3,6,OC[C@@H]1O[C@H](CC(=O)NCc2ccncn2)CC[C@H]1NC(=O)c1ccc(F)cc1,O=C(C[C@@H]1CC[C@@H](NC(=O)c2ccc(F)cc2)[C@H](CO)O1)NCc1ccncn1,1
EGFR,3,7,CO[C@@H]1CC[C@@H]2CCOc3c(cccc3C(=O)N(C)[C@H](C)C(=O)N(C)C[C@@H]1O2)C#N,CO[C@@H]1CC[C@@H]2CCOc3c(C#N)cccc3C(=O)N(C)[C@H](C)C(=O)N(C)C[C@@H]1O2,1
EGFR,3,8,CC(=O)N(CC(O)CO)c1c(I)c(C(=O)NCC(O)CO)c(I)c(C(=O)NCC(O)CO)c1I,CC(=O)N(CC(O)CO)c1c(I)c(C(=O)NCC(O)CO)c(I)c(C(=O)NCC(O)CO)c1I,1
EGFR,3,9,COc1ccc(cc1)c2cnc3O[C@H](CN(C)C(=O)C4CCCCC4)[C@H](C)CN([C@@H](C)CO)C(=O)c3c2,COc1ccc(-c2cnc3c(c2)C(=O)N([C@@H](C)CO)C[C@@H](C)[C@@H](CN(C)C(=O)C2CCCCC2)O3)cc1,1
EGFR,3,10,COc1ccc(cc1)S(=O)(=O)N(C)C[C@@H]2OCCCC[C@@H](C)Oc3ccc(NS(=O)(=O)c4cn(C)cn4)cc3C(=O)N(C[C@H]2C)[C@H](C)CO,COc1ccc(S(=O)(=O)N(C)C[C@@H]2OCCCC[C@@H](C)Oc3ccc(NS(=O)(=O)c4cn(C)cn4)cc3C(=O)N([C@H](C)CO)C[C@H]2C)cc1,1
EGFR,3,11,COCC(=O)NCC=Cc1ccc2ncnc(Nc3ccc(Oc4ccc(C)nc4)c(C)c3)c2c1,COCC(=O)NCC=Cc1ccc2ncnc(Nc3ccc(Oc4ccc(C)nc4)c(C)c3)c2c1,1
EGFR,3,12,CC(=O)O[C@@H]1[C@H](C[C@H]2[C@@H]3CC[C@H]4C[C@H](O)[C@H](C[C@]4(C)[C@@H]3CC[C@]12C)N1CCOCC1)[N+]1(CC=C)CCCC1,C=CC[N+]1([C@H]2C[C@H]3[C@@H]4CC[C@H]5C[C@H](O)[C@@H](N6CCOCC6)C[C@]5(C)[C@@H]4CC[C@]3(C)[C@@H]2OC(C)=O)CCCC1,1
EGFR,3,13,CC(=O)[C@H]1CC[C@H]2[C@@H]3CC[C@H]4C[C@](C)(O)CC[C@]4(C)[C@H]3CC[C@]12C,CC(=O)[C@H]1CC[C@H]2[C@@H]3CC[C@H]4C[C@](C)(O)CC[C@]4(C)[C@H]3CC[C@]12C,1
EGFR,3,14,COc1ccc2CN(C)CCC34C=CC(O)CC4Oc1c23,COc1ccc2c3c1OC1CC(O)C=CC31CCN(C)C2,1
EGFR,3,15,CNC(C)(C)Cc1ccccc1,CNC(C)(C)Cc1ccccc1,1
EGFR,3,16,O[C@H]1COC[C@H]2O[C@@H](CC(=O)NC3CCC3)CC[C@@H]2N(C1)C(=O)Nc1cc(Cl)cc(Cl)c1,O=C(C[C@H]1CC[C@H]2[C@@H](COC[C@H](O)CN2C(=O)Nc2cc(Cl)cc(Cl)c2)O1)NC1CCC1,1
EGFR,3,17,Cc1cc(C)cc(NC(=O)Cc2ccc(OC(C)(C)C(O)=O)cc2)c1,Cc1cc(C)cc(NC(=O)Cc2ccc(OC(C)(C)C(=O)O)cc2)c1,1
EGFR,3,18,OC[C@@H]1[C@H]2Cn3c(cccc3=O)[C@@H]([C@H]1C(=O)N1CCOCC1)N2Cc1cccc(Cl)c1,O=C([C@H]1[C@H](CO)[C@H]2Cn3c(cccc3=O)[C@@H]1N2Cc1cccc(Cl)c1)N1CCOCC1,1
EGFR,3,19,CN1CC(=O)N2[C@H](Cc3c([nH]c4ccccc34)[C@H]2c2ccc3OCOc3c2)C1=O,CN1CC(=O)N2[C@H](c3ccc4c(c3)OCO4)c3[nH]c4ccccc4c3C[C@@H]2C1=O,1
EGFR,3,20,COc1ccc(cc1)c2ccc(N)[n+](CCCC(=O)O)n2,COc1ccc(-c2ccc(N)[n+](CCCC(=O)O)n2)cc1,1
EGFR,3,21,OC[C@@H]1O[C@@H](CC(=O)NCC(F)(F)F)C[C@H]2[C@@H]1Oc3ccc(NC(=O)C4CCOCC4)cc23,O=C(C[C@H]1C[C@@H]2c3cc(NC(=O)C4CCOCC4)ccc3O[C@@H]2[C@H](CO)O1)NCC(F)(F)F,1
EGFR,3,22,CCCCc1nc(Cl)c(CO)n1Cc1ccc(cc1)-c1ccccc1-c1nnn[nH]1,CCCCc1nc(Cl)c(CO)n1Cc1ccc(-c2ccccc2-c2nnn[nH]2)cc1,1
EGFR,3,23,OCCN1C[C@H](O)[C@@H](O)[C@H](O)[C@H]1CO,OCCN1C[C@H](O)[C@@H](O)[C@H](O)[C@H]1CO,1
EGFR,3,24,CNCCN(C)Cc1c[nH]nc1-c1ccc(O[C@H]2C[C@@H](C2)OCCC2CCOCC2)cc1,CNCCN(C)Cc1c[nH]nc1-c1ccc(O[C@H]2C[C@H](OCCC3CCOCC3)C2)cc1,1
EGFR,3,25,CN1CCN(CC(=O)N2c3c(C)scc3C(=O)Nc3ccccc23)CC1,Cc1scc2c1N(C(=O)CN1CCN(C)CC1)c1ccccc1NC2=O,1
EGFR,3,26,CCc1ccccc1NC(=O)CSC(=O)NNC(=O)[C@@H](Cc2c[nH]c3ccccc23)NC(=O)OC(C)(C)C,CCc1ccccc1NC(=O)CSC(=O)NNC(=O)[C@@H](Cc1c[nH]c2ccccc12)NC(=O)OC(C)(C)C,1
EGFR,3,27,CC(C)c1ccc2oc3nc(N)c(cc3c(=O)c2c1)C(O)=O,CC(C)c1ccc2oc3nc(N)c(C(=O)O)cc3c(=O)c2c1,1
EGFR,3,28,CN(C)c1nc(N)nc(CSc2nnnn2c3ccc(Cl)cc3)n1,CN(C)c1nc(N)nc(CSc2nnnn2-c2ccc(Cl)cc2)n1,1
EGFR,3,29,CN(C)CCCN1c2ccccc2CCc2ccccc12,CN(C)CCCN1c2ccccc2CCc2ccccc21,1
EGFR,3,30,CCCc1c(OCCCCc2nnn[nH]2)ccc(C(C)=O)c1O,CCCc1c(OCCCCc2nnn[nH]2)ccc(C(C)=O)c1O,1
EGFR,3,31,Clc1ccc([C@@H]2CSC(S2)=C(C#N)n2ccnc2)c(Cl)c1,N#CC(=C1SC[C@@H](c2ccc(Cl)cc2Cl)S1)n1ccnc1,1
EGFR,3,32,CC(C)[C@@H]1CC[C@@H](C)C[C@@H]1P(=O)(c1ccccc1)c1ccccc1,CC(C)[C@@H]1CC[C@@H](C)C[C@@H]1P(=O)(c1ccccc1)c1ccccc1,1
EGFR,3,33,Nc1ncnc2nc(cc(-c3cccc(Br)c3)c12)-c1ccc(nc1)N1CCOCC1,Nc1ncnc2nc(-c3ccc(N4CCOCC4)nc3)cc(-c3cccc(Br)c3)c12,1
EGFR,3,34,CCN1C[C@]2(C)CC[C@H](OC)[C@@]34[C@@H]2[C@H](OC(=O)C)[C@@]5(OCO[C@]65C[C@H](OC)[C@H]7C[C@]4(O)[C@@H]6[C@H]7OC)C13,CCN1C[C@]2(C)CC[C@H](OC)[C@@]34C1[C@]1(OCO[C@@]15C[C@H](OC)[C@H]1C[C@]3(O)[C@@H]5[C@H]1OC)[C@@H](OC(C)=O)[C@H]24,1
EGFR,3,35,CC(C)c1cc(OC(C)=O)c(C)cc1OCCN(C)C,CC(=O)Oc1cc(C(C)C)c(OCCN(C)C)cc1C,1
EGFR,3,36,C(C1CN2CCC1CC2)N1c2ccccc2Sc2ccccc12,c1ccc2c(c1)Sc1ccccc1N2CC1CN2CCC1CC2,1
EGFR,3,37,C[C@H](CO)N1C[C@H](C)[C@H](CN(C)Cc2ccc3OCOc3c2)OCc4ccccc4-c5ccccc5C1=O,C[C@H](CO)N1C[C@H](C)[C@H](CN(C)Cc2ccc3c(c2)OCO3)OCc2ccccc2-c2ccccc2C1=O,1
EGFR,3,38,Cc1ccc(cc1)C(=C/CN1CCCC1)c1cccc(C=CC(O)=O)n1,Cc1ccc(C(=CCN2CCCC2)c2cccc(C=CC(=O)O)n2)cc1,1
EGFR,3,39,C[C@H](CCC(O)=O)[C@H]1CC[C@H]2[C@@H]3CC[C@@H]4C[C@H](O)CC[C@]4(C)[C@H]3C[C@H](O)[C@]12C,C[C@H](CCC(=O)O)[C@H]1CC[C@H]2[C@@H]3CC[C@@H]4C[C@H](O)CC[C@]4(C)[C@H]3C[C@H](O)[C@]12C,1
EGFR,3,40,CN(C)C(=O)c1ccc(cc1)-c1cccc(c1)-c1nc(cc2CN([C@H](CCO)c12)[S@](=O)C(C)(C)C)C(=O)N1CCN(C)CC1,CN1CCN(C(=O)c2cc3c(c(-c4cccc(-c5ccc(C(=O)N(C)C)cc5)c4)n2)[C@@H](CCO)N([S@](=O)C(C)(C)C)C3)CC1,1
EGFR,3,41,CCC(=O)Nc1ccc2OC[C@@H](C)N(C[C@H](C)[C@@H](CN(C)C(=O)c2c1)OC)C(=O)CC,CCC(=O)Nc1ccc2c(c1)C(=O)N(C)C[C@@H](OC)[C@@H](C)CN(C(=O)CC)[C@H](C)CO2,1
EGFR,3,42,CC(C)(C)NCC(O)COc1ccc(NC(=O)NC2CCCCC2)cc1,CC(C)(C)NCC(O)COc1ccc(NC(=O)NC2CCCCC2)cc1,1
EGFR,3,43,OC[C@H]1[C@H]([C@@H](CNC(=O)NC2CCCCC2)N1C(=O)C1CC1)c1ccccc1,O=C(NC[C@@H]1[C@H](c2ccccc2)[C@H](CO)N1C(=O)C1CC1)NC1CCCCC1,1
EGFR,3,44,CC1(C)[C@H](CC[C@@]2(C)C1CC[C@]1(C)C2C(=O)C=C2[C@@H]3C[C@](C)(CC[C@]3(C)CC[C@@]12C)C(O)=O)OC(=O)CCC(O)=O,CC1(C)C2CC[C@]3(C)C(C(=O)C=C4[C@@H]5C[C@@](C)(C(=O)O)CC[C@]5(C)CC[C@]43C)[C@@]2(C)CC[C@@H]1OC(=O)CCC(=O)O,1
EGFR,3,45,CCCCCCCN(C)C,CCCCCCCN(C)C,1
EGFR,3,46,O=S(=O)(N1CCCNCC1)c1cccc2cnccc12,O=S(=O)(c1cccc2cnccc12)N1CCCNCC1,1
EGFR,3,47,CO[C@@H]1CC[C@@H]2CCOc3c(cccc3C(=O)N(C)C[C@H](OC)[C@H](C)C(=O)N(C)C[C@@H]1O2)C#N,CO[C@H]1CN(C)C(=O)c2cccc(C#N)c2OCC[C@H]2CC[C@@H](OC)[C@H](CN(C)C(=O)[C@H]1C)O2,1
EGFR,3,48,CC(C)NC(=O)Nc1ccc2O[C@H](CN(C)Cc3ccc(cc3)c4ccccc4)[C@@H](C)CN([C@H](C)CO)C(=O)c2c1,CC(C)NC(=O)Nc1ccc2c(c1)C(=O)N([C@H](C)CO)C[C@H](C)[C@@H](CN(C)Cc1ccc(-c3ccccc3)cc1)O2,1
EGFR,3,49,Cc1nc(SCc2nc3ccccc3[nH]2)c4oc5ccccc5c4n1,Cc1nc(SCc2nc3ccccc3[nH]2)c2oc3ccccc3c2n1,1
EGFR,3,50,C[C@@H](NC(=O)C[C@H]1O[C@H](CO)[C@H](NC(=O)Cc2ccccn2)C=C1)c1ccccc1,C[C@@H](NC(=O)C[C@@H]1C=C[C@@H](NC(=O)Cc2ccccn2)[C@@H](CO)O1)c1ccccc1,1
EGFR,3,51,C[C@@H](CO)N1C[C@@H](C)[C@H](CN(C)Cc2ccc(cc2)c3ccccc3)Oc4ccc(NC(=O)CCN5CCOCC5)cc4C1=O,C[C@@H]1CN([C@@H](C)CO)C(=O)c2cc(NC(=O)CCN3CCOCC3)ccc2O[C@H]1CN(C)Cc1ccc(-c2ccccc2)cc1,1
EGFR,3,52,Cc1cccc(CN2C(=O)[C@@H]3Cc4c([nH]c5ccccc45)C(C)(C)N3C2=O)c1,Cc1cccc(CN2C(=O)[C@@H]3Cc4c([nH]c5ccccc45)C(C)(C)N3C2=O)c1,1
EGFR,3,53,CNC(=O)Oc1cccc2CC(C)(C)Oc21,CNC(=O)Oc1cccc2c1OC(C)(C)C2,1
EGFR,3,54,CN(C)[C@H]1[C@@H]2[C@@H](O)[C@H]3C(C(=O)c4c(O)cccc4[C@@]3(C)O)C(=O)[C@]2(O)C(=O)C(C(N)=O)C1=O,CN(C)[C@@H]1C(=O)C(C(N)=O)C(=O)[C@@]2(O)C(=O)C3C(=O)c4c(O)cccc4[C@@](C)(O)[C@H]3[C@H](O)[C@@H]12,1
EGFR,3,55,OC[C@H]1O[C@H](CC(=O)N2CCOCC2)C[C@H]2[C@@H]1Oc1ccc(NC(=O)c3cccnc3)cc21,O=C(Nc1ccc2c(c1)[C@H]1C[C@@H](CC(=O)N3CCOCC3)O[C@H](CO)[C@H]1O2)c1cccnc1,1
EGFR,3,56,Cc1ccccc1CN1C2=NCCN2C(=O)C2=C1CCN(Cc1ccccc1)C2,Cc1ccccc1CN1C2=NCCN2C(=O)C2=C1CCN(Cc1ccccc1)C2,1
EGFR,3,57,C[C@@H](CO)N1C[C@@H](C)[C@H](CN(C)S(=O)(=O)c2ccc(F)cc2)Oc3ccc(NC(=O)Cc4cn(C)c5ccccc45)cc3C1=O,C[C@@H]1CN([C@@H](C)CO)C(=O)c2cc(NC(=O)Cc3cn(C)c4ccccc34)ccc2O[C@H]1CN(C)S(=O)(=O)c1ccc(F)cc1,1
EGFR,3,58,COc1ccc2C[C@H]3N(C)CCc4cc(OC)c(Oc5c6OCOc6cc6CCN(C)[C@@H](Cc7ccc(Oc1c2)cc7)c56)cc34,COc1ccc2cc1Oc1ccc(cc1)C[C@H]1c3c(cc4c(c3Oc3cc5c(cc3OC)CCN(C)[C@@H]5C2)OCO4)CCN1C,1
EGFR,3,59,CCc1nc(N)nc(N)c1-c1ccc(Cl)cc1,CCc1nc(N)nc(N)c1-c1ccc(Cl)cc1,1
EGFR,3,60,Cc1cccc(CN2C(=O)[C@@H]3Cc4c([nH]c5ccccc45)C(C)(C)N3C2=O)c1,Cc1cccc(CN2C(=O)[C@@H]3Cc4c([nH]c5ccccc45)C(C)(C)N3C2=O)c1,1
EGFR,3,61,CCC1=C(C)CN(C(=O)NCCc2ccc(cc2)S(=O)(=O)NC(=O)NC3CCC(C)CC3)C1=O,CCC1=C(C)CN(C(=O)NCCc2ccc(S(=O)(=O)NC(=O)NC3CCC(C)CC3)cc2)C1=O,1
EGFR,3,62,O=C(Cn1c2ccccc2c3nc4SCCn4c(=O)c13)N5CCCC5,O=C(Cn1c2ccccc2c2nc3n(c(=O)c21)CCS3)N1CCCC1,1
EGFR,3,63,OCCn1cc(cn1)-c1cnc2nnn(Cc3ccc4ncccc4c3)c2n1,OCCn1cc(-c2cnc3nnn(Cc4ccc5ncccc5c4)c3n2)cn1,1
EGFR,3,64,COc1cc2CCN3Cc4c(C[C@H]3c2cc1OC)ccc(OC)c4OC,COc1cc2c(cc1OC)[C@@H]1Cc3ccc(OC)c(OC)c3CN1CC2,1
EGFR,3,65,Clc1ccccc1CN1CCc2sccc2C1,Clc1ccccc1CN1CCc2sccc2C1,1
EGFR,3,66,CC(C)(C)n1nc(Cc2cccc3ccccc23)c(C#N)c1N,CC(C)(C)n1nc(Cc2cccc3ccccc23)c(C#N)c1N,1
EGFR,3,67,COc1ccc(cc1)S(=O)(=O)N(C)C[C@H]2Oc3c(NC(=O)Nc4ccccc4)cccc3C(=O)N(C[C@H]2C)[C@H](C)CO,COc1ccc(S(=O)(=O)N(C)C[C@H]2Oc3c(NC(=O)Nc4ccccc4)cccc3C(=O)N([C@H](C)CO)C[C@H]2C)cc1,1
EGFR,3,68,COc1ccc(CNC(=O)c2cc3CN([C@@H](CCO)c3c(n2)-c2cccc(c2)-c2cccc(c2)C#N)[S@@](=O)C(C)(C)C)cc1,COc1ccc(CNC(=O)c2cc3c(c(-c4cccc(-c5cccc(C#N)c5)c4)n2)[C@H](CCO)N([S@@](=O)C(C)(C)C)C3)cc1,1
EGFR,3,69,COCC#Cc1ccc2c(O[C@H](CN(C)Cc3ccc4OCOc4c3)[C@H](C)CN([C@@H](C)CO)S2(=O)=O)c1,COCC#Cc1ccc2c(c1)O[C@H](CN(C)Cc1ccc3c(c1)OCO3)[C@H](C)CN([C@@H](C)CO)S2(=O)=O,1
EGFR,3,70,CCN(CC)C(=O)c1ccc(cc1)C1=CC2(CCNCC2)Oc2cccc(O)c12,CCN(CC)C(=O)c1ccc(C2=CC3(CCNCC3)Oc3cccc(O)c32)cc1,1
EGFR,3,71,Cc1cc2n(C)c3c(=O)n(Cc4ccccc4F)ncc3c2s1,Cc1cc2c(s1)c1cnn(Cc3ccccc3F)c(=O)c1n2C,1
EGFR,3,72,CC(C)NC(=O)N(C)C[C@@H]1OCCCC[C@@H](C)Oc2ccc(cc2C(=O)N(C[C@@H]1C)[C@H](C)CO)N(C)C,CC(C)NC(=O)N(C)C[C@@H]1OCCCC[C@@H](C)Oc2ccc(N(C)C)cc2C(=O)N([C@H](C)CO)C[C@@H]1C,1
EGFR,3,73,CCCCCCN(CCCCCC)C(=O)Cc1c([nH]c2ccc(Cl)cc12)-c1ccc(Cl)cc1,CCCCCCN(CCCCCC)C(=O)Cc1c(-c2ccc(Cl)cc2)[nH]c2ccc(Cl)cc12,1
EGFR,3,74,CCN(CC)CCNC(=O)c1ccc(N)cc1,CCN(CC)CCNC(=O)c1ccc(N)cc1,1
EGFR,3,75,COCCNC(=O)c1cc2CN([C@@H](CCO)c2c(n1)-c1cccc(c1)-c1cccc(F)c1)[S@@](=O)C(C)(C)C,COCCNC(=O)c1cc2c(c(-c3cccc(-c4cccc(F)c4)c3)n1)[C@H](CCO)N([S@@](=O)C(C)(C)C)C2,1
EGFR,3,76,OC[C@@H]1[C@H]([C@H]2CN(CC(=O)N12)C(=O)c1cccnc1)c1ccc(cc1)-c1ccccc1F,O=C(c1cccnc1)N1CC(=O)N2[C@H](CO)[C@@H](c3ccc(-c4ccccc4F)cc3)[C@H]2C1,1
EGFR,3,77,CC(C)NC(=O)Nc1ccc2O[C@H](CN(C)C)[C@H](C)CN([C@H](C)CO)C(=O)Cc2c1,CC(C)NC(=O)Nc1ccc2c(c1)CC(=O)N([C@H](C)CO)C[C@@H](C)[C@@H](CN(C)C)O2,1
EGFR,3,78,CC(C)NC(=O)Nc1ccc2O[C@H](C)CCCCO[C@H](CN(C)C(=O)Cc3ccccc3)[C@@H](C)CN([C@H](C)CO)C(=O)c2c1,CC(C)NC(=O)Nc1ccc2c(c1)C(=O)N([C@H](C)CO)C[C@H](C)[C@@H](CN(C)C(=O)Cc1ccccc1)OCCCC[C@@H](C)O2,1
EGFR,3,79,COc1cc(N)c(Cl)cc1C(=O)NC1CN2CCC1CC2,COc1cc(N)c(Cl)cc1C(=O)NC1CN2CCC1CC2,1
EGFR,3,80,O[C@H]1CC[C@@]2(O)[C@H]3Cc4ccc(O)c5O[C@@H]1[C@]2(CCN3CC1CCC1)c45,Oc1ccc2c3c1O[C@H]1[C@@H](O)CC[C@@]4(O)[C@@H](C2)N(CC2CCC2)CC[C@]314,1
EGFR,3,81,CCCNC(=O)c1cc2CN([C@H](CCO)c2c(n1)-c1cccc(c1)-c1cccc(OC)c1)[S@](=O)C(C)(C)C,CCCNC(=O)c1cc2c(c(-c3cccc(-c4cccc(OC)c4)c3)n1)[C@@H](CCO)N([S@](=O)C(C)(C)C)C2,1
EGFR,3,82,C[C@@H](CO)N1C[C@@H](C)[C@@H](CN(C)Cc2ccc3OCOc3c2)Oc4cc(Br)ccc4S1(=O)=O,C[C@@H]1CN([C@@H](C)CO)S(=O)(=O)c2ccc(Br)cc2O[C@@H]1CN(C)Cc1ccc2c(c1)OCO2,1
EGFR,3,83,COc1ccc(cc1)S(=O)(=O)N[C@@H]1CC[C@@H](CC(=O)N2CCC(Cc3ccccc3)CC2)O[C@@H]1CO,COc1ccc(S(=O)(=O)N[C@@H]2CC[C@@H](CC(=O)N3CCC(Cc4ccccc4)CC3)O[C@@H]2CO)cc1,1
EGFR,3,84,CCOC(=O)C1=C(C)NC(C)=C(C1c1cccc(c1)[N+]([O-])=O)C(=O)OC,CCOC(=O)C1=C(C)NC(C)=C(C(=O)OC)C1c1cccc([N+](=O)[O-])c1,1
EGFR,3,85,NC1CCN(CC1)c1cccc(Cl)n1,NC1CCN(c2cccc(Cl)n2)CC1,1
EGFR,3,86,NC(=O)Nc1sc(cc1C(N)=O)-c1ccc(F)cc1,NC(=O)Nc1sc(-c2ccc(F)cc2)cc1C(N)=O,1
EGFR,3,87,C[C@H]1CN([C@H](C)CN1Cc1ccc(F)cc1)C(=O)c1cc2c(cn(C)c2cc1Cl)C(=O)C(=O)N(C)C,C[C@@H]1CN(Cc2ccc(F)cc2)[C@@H](C)CN1C(=O)c1cc2c(C(=O)C(=O)N(C)C)cn(C)c2cc1Cl,1
EGFR,3,88,CCNC(=O)c1cc2CN([C@@H](CCO)c2c(n1)-c1cccc(c1)-c1cccc(OC)c1)[S@@](=O)C(C)(C)C,CCNC(=O)c1cc2c(c(-c3cccc(-c4cccc(OC)c4)c3)n1)[C@H](CCO)N([S@@](=O)C(C)(C)C)C2,1
EGFR,3,89,CCCCC(C)(C)[C@H](O)C=C[C@H]1[C@H](O)CC(=O)[C@@H]1CC=C/CCCC(O)=O,CCCCC(C)(C)[C@H](O)C=C[C@H]1[C@H](O)CC(=O)[C@@H]1CC=CCCCC(=O)O,1
EGFR,3,90,OC[C@H]1N[C@@H](C#N)[C@H]1c1ccc(cc1)-c1cccc(F)c1,N#C[C@@H]1N[C@H](CO)[C@@H]1c1ccc(-c2cccc(F)c2)cc1,1
EGFR,3,91,CNCC(O)c1ccc(OC(=O)C(C)(C)C)c(OC(=O)C(C)(C)C)c1,CNCC(O)c1ccc(OC(=O)C(C)(C)C)c(OC(=O)C(C)(C)C)c1,1
EGFR,3,92,CC(=O)N1C(=N)S/C(=C/c2cc3ccc(C)cc3nc2O)/C1=O,CC(=O)N1C(=N)S/C(=C/c2cc3ccc(C)cc3nc2O)C1=O,1
EGFR,3,93,COc1ccccc1C#Cc2cnc3O[C@H](CN(C)S(=O)(=O)c4cn(C)cn4)[C@H](C)CN([C@@H](C)CO)C(=O)c3c2,COc1ccccc1C#Cc1cnc2c(c1)C(=O)N([C@@H](C)CO)C[C@@H](C)[C@@H](CN(C)S(=O)(=O)c1cn(C)cn1)O2,1
EGFR,3,94,CN(C)CC#Cc1ccc(cc1)[C@@H]1[C@H](CO)N2CCCCN(C[C@H]12)S(=O)(=O)c1ccccc1C,Cc1ccccc1S(=O)(=O)N1CCCCN2[C@H](C1)[C@H](c1ccc(C#CCN(C)C)cc1)[C@@H]2CO,1
EGFR,3,95,C[C@@H](CO)N1C[C@@H](C)[C@@H](CN(C)C(=O)NC2CCCCC2)Oc3ccc(NC(=O)C4CCCCC4)cc3C1=O,C[C@@H]1CN([C@@H](C)CO)C(=O)c2cc(NC(=O)C3CCCCC3)ccc2O[C@@H]1CN(C)C(=O)NC1CCCCC1,1
EGFR,3,96,CCCCOc1c(cnc2[nH]ncc12)C(=O)c1c(F)cc(C)cc1F,CCCCOc1c(C(=O)c2c(F)cc(C)cc2F)cnc2[nH]ncc12,1
EGFR,3,97,CCCCn1c(=O)n(CCCO)c2nc([nH]c2c1=O)C12CC3CC1CC(C2)C3,CCCCn1c(=O)c2[nH]c(C34CC5CC(CC3C5)C4)nc2n(CCCO)c1=O,1
EGFR,3,98,CCCCCCCCCCCCCC(=O)N[C@@H](C)[C@H](O)c1ccccc1,CCCCCCCCCCCCCC(=O)N[C@@H](C)[C@H](O)c1ccccc1,1
EGFR,3,99,COc1ccc(NC(=O)N(C)C[C@@H]2OCCCC[C@@H](C)Oc3ccc(NC(=O)C4CCCCC4)cc3C(=O)N(C[C@H]2C)[C@@H](C)CO)cc1,COc1ccc(NC(=O)N(C)C[C@@H]2OCCCC[C@@H](C)Oc3ccc(NC(=O)C4CCCCC4)cc3C(=O)N([C@@H](C)CO)C[C@H]2C)cc1,1
HDAC1,3,0,CC[C@H](CO)Nc1nc(NCc2ccccc2)c2ncn(C(C)C)c2n1,CC[C@H](CO)Nc1nc(NCc2ccccc2)c2ncn(C(C)C)c2n1,1
HDAC1,3,1,CC(C)(C)[S@](=O)N1Cc2cc(nc(c2[C@@H]1CCO)-c1cccc(c1)-c1ccc(cc1)C#N)C(=O)N1CCCCC1,CC(C)(C)[S@](=O)N1Cc2cc(C(=O)N3CCCCC3)nc(-c3cccc(-c4ccc(C#N)cc4)c3)c2[C@@H]1CCO,1
HDAC1,3,2,COc1ccc(cc1OC)C=CC(=O)CC(=O)C=Cc1ccc(OC)c(OC)c1,COc1ccc(C=CC(=O)CC(=O)C=Cc2ccc(OC)c(OC)c2)cc1OC,1
HDAC1,3,3,CC(C)C#Cc1ccc(cc1)[C@H]1[C@@H](CO)N2[C@@H]1CN(CC2=O)S(=O)(=O)c1ccccc1,CC(C)C#Cc1ccc([C@H]2[C@@H](CO)N3C(=O)CN(S(=O)(=O)c4ccccc4)C[C@H]23)cc1,1
HDAC1,3,4,CCCCC(=O)OCC(=O)[C@@]1(O)C[C@H](O[C@H]2C[C@H](NC(=O)C(F)(F)F)[C@H](O)[C@H](C)O2)c2c(O)c3C(=O)c4c(OC)cccc4C(=O)c3c(O)c2C1,CCCCC(=O)OCC(=O)[C@]1(O)Cc2c(O)c3c(c(O)c2[C@@H](O[C@H]2C[C@H](NC(=O)C(F)(F)F)[C@H](O)[C@H](C)O2)C1)C(=O)c1c(OC)cccc1C3=O,1
HDAC1,3,5,Cc1cc(C2CCCCC2)n(O)c(=O)c1,Cc1cc(C2CCCCC2)n(O)c(=O)c1,1
HDAC1,3,6,COc1cc2ncnc(Nc3cccc(Br)c3)c2cc1OC,COc1cc2ncnc(Nc3cccc(Br)c3)c2cc1OC,1
HDAC1,3,7,COc1ccc(cc1)C(=O)C1CCN(CC1)c1ncnc2sccc12,COc1ccc(C(=O)C2CCN(c3ncnc4sccc34)CC2)cc1,1
HDAC1,3,8,CNC(=O)c1ccc(Nc2cc(Nc3ccccc3S(=O)(=O)C(C)C)c3cc[nH]c3n2)nc1,CNC(=O)c1ccc(Nc2cc(Nc3ccccc3S(=O)(=O)C(C)C)c3cc[nH]c3n2)nc1,1
HDAC1,3,9,CC[C@H](CO)Nc1nc(NCc2ccccc2)c2ncn(C(C)C)c2n1,CC[C@H](CO)Nc1nc(NCc2ccccc2)c2ncn(C(C)C)c2n1,1
HDAC1,3,10,OC1(CCN(Cc2ccccc2)c2ccccc2)CCCCC1,OC1(CCN(Cc2ccccc2)c2ccccc2)CCCCC1,1
HDAC1,3,11,CCOc1cc2ncc(C#N)c(Nc3ccc(OCc4ccccn4)c(Cl)c3)c2cc1NC(=O)C=CCN(C)C,CCOc1cc2ncc(C#N)c(Nc3ccc(OCc4ccccn4)c(Cl)c3)c2cc1NC(=O)C=CCN(C)C,1
HDAC1,3,12,Nc1ncn([C@@H]2O[C@H](CO)[C@@H](O)[C@@H]2O)c(=O)n1,Nc1ncn([C@@H]2O[C@H](CO)[C@@H](O)[C@@H]2O)c(=O)n1,1
HDAC1,3,13,CC(C)(C)Cn1c(N)nc2ccc(nc12)-c1[nH]c(nc1-c1ccc(F)cc1)C(C)(C)C,CC(C)(C)Cn1c(N)nc2ccc(-c3[nH]c(C(C)(C)C)nc3-c3ccc(F)cc3)nc21,1
HDAC1,3,14,CCCCC[C@H](O)/C=C/[C@H]1[C@H](O)C[C@@H]2C/C(=CCCCC(=O)O)/C[C@H]12,CCCCC[C@H](O)/C=C/[C@@H]1[C@H]2CC(=CCCCC(=O)O)C[C@H]2C[C@H]1O,1
HDAC1,3,15,OC(=O)c1ccc2c(c1)nc(Nc1cccc(Cl)c1)c1ccncc21,O=C(O)c1ccc2c(c1)nc(Nc1cccc(Cl)c1)c1ccncc12,1
HDAC1,3,16,COc1cc(ccc1Nc1ncc(c(Nc2cccc(NC(=O)C=C)c2)n1)C(F)(F)F)N1CCN(CC1)C(C)=O,C=CC(=O)Nc1cccc(Nc2nc(Nc3ccc(N4CCN(C(C)=O)CC4)cc3OC)ncc2C(F)(F)F)c1,1
HDAC1,3,17,CN1CCN(Cc2ccc(cc2C(F)(F)F)C(=O)Nc2cnc(C)c(Nc3nccc(n3)-c3cccnc3)c2)CC1,Cc1ncc(NC(=O)c2ccc(CN3CCN(C)CC3)c(C(F)(F)F)c2)cc1Nc1nccc(-c2cccnc2)n1,1
HDAC1,3,18,Cn1cc(C2=C(C(=O)NC2=O)c2cn(C3CCN(Cc4ccccn4)CC3)c3ccccc23)c2ccccc12,Cn1cc(C2=C(c3cn(C4CCN(Cc5ccccn5)CC4)c4ccccc34)C(=O)NC2=O)c2ccccc21,1
HDAC1,3,19,CC1(C)CCC(CN2CCN(CC2)c2ccc(C(=O)NS(=O)(=O)c3ccc(NCC4CCOCC4)c(c3)[N+]([O-])=O)c(Oc3cnc4[nH]ccc4c3)c2)=C(C1)c,,0
HDAC1,3,20,CC(C)c1ccc(NC(=O)c2cccs2)c(c1)-c1nc2ccccc2[nH]c1=O,CC(C)c1ccc(NC(=O)c2cccs2)c(-c2nc3ccccc3[nH]c2=O)c1,1
HDAC1,3,21,COC(=O)C[C@H]1CC[C@@H](NS(=O)(=O)c2ccc(OC)cc2)[C@@H](CO)O1,COC(=O)C[C@H]1CC[C@@H](NS(=O)(=O)c2ccc(OC)cc2)[C@@H](CO)O1,1
HDAC1,3,22,OCCCOc1ccc(cc1)C2=N[C@](Cc3ccccc3N=[N+]=[N-])([C@H](O2)c4ccccc4N=[N+]=[N-])C(=O)N5CCCCC5,[N-]=[N+]=Nc1ccccc1C[C@@]1(C(=O)N2CCCCC2)N=C(c2ccc(OCCCO)cc2)O[C@@H]1c1ccccc1N=[N+]=[N-],1
HDAC1,3,23,CC(=O)O[C@@H]1C2=C(C)[C@H](C[C@@](O)([C@@H](OC(=O)c3ccccc3)[C@@H]3[C@@]4(CO[C@@H]4C[C@H](O)[C@@]3(C)C1=O)OC(C)=O)C2(C)C)OC(=O)[C@H](O)[C@@H](NC(=O),,0
HDAC1,3,24,CCN(CC)CCCC(C)Nc1c2ccc(Cl)cc2nc2ccc(OC)cc12,CCN(CC)CCCC(C)Nc1c2ccc(Cl)cc2nc2ccc(OC)cc12,1
HDAC1,3,25,C[C@@H]1CC(=O)NN=C1c1ccc(N)c(c1)[N+]([O-])=O,C[C@@H]1CC(=O)NN=C1c1ccc(N)c([N+](=O)[O-])c1,1
HDAC1,3,26,Fc1ccc(CN2CCC(CC2)Nc2ncnc3sc(Cl)cc23)cc1C#N,N#Cc1cc(CN2CCC(Nc3ncnc4sc(Cl)cc34)CC2)ccc1F,1
HDAC1,3,27,NC(=N)NC(=N)NCCc1ccccc1,N=C(N)NC(=N)NCCc1ccccc1,1
HDAC1,3,28,CN1CCN(CCCN2c3ccccc3Sc3ccc(Cl)cc23)CC1,CN1CCN(CCCN2c3ccccc3Sc3ccc(Cl)cc32)CC1,1
HDAC1,3,29,COc1ccc(Cc2nccc3cc(OC)c(OC)cc23)cc1OC,COc1ccc(Cc2nccc3cc(OC)c(OC)cc23)cc1OC,1
HDAC1,3,30,CCCCCC(=O)O[C@@]1(CCC2C3CCC4=CC(=O)CC[C@]4(C)C3CC[C@]12C)C(C)=O,CCCCCC(=O)O[C@]1(C(C)=O)CCC2C3CCC4=CC(=O)CC[C@]4(C)C3CC[C@@]21C,1
HDAC1,3,31,C[C@]12CC[C@@H]3[C@@H](CCC4=Cc5oncc5C[C@]34C)[C@H]1CC[C@@]2(O)C#C,C#C[C@]1(O)CC[C@@H]2[C@@H]3CCC4=Cc5oncc5C[C@]4(C)[C@@H]3CC[C@@]21C,1
HDAC1,3,32,Oc1ccc(Cl)cc1C(=O)Nc1cc(cc(c1)C(F)(F)F)C(F)(F)F,O=C(Nc1cc(C(F)(F)F)cc(C(F)(F)F)c1)c1cc(Cl)ccc1O,1
HDAC1,3,33,Fc1ccc(Nc2cc3C(=O)NC(=O)c3cc2Nc2ccc(F)cc2)cc1,O=C1NC(=O)c2cc(Nc3ccc(F)cc3)c(Nc3ccc(F)cc3)cc21,1
HDAC1,3,34,ON=C1/C(Nc2ccccc12)=C1/C(=O)Nc2cc(Br)ccc12,O=C1Nc2cc(Br)ccc2/C1=C1/Nc2ccccc2C1=NO,1
HDAC1,3,35,CN1CCN(CC1)C1CCN(CC1)C(=O)Nc1cc(Oc2ccc(NC(=O)C3(CC3)C(=O)Nc3ccc(F)cc3)c(F)c2)ccn1,CN1CCN(C2CCN(C(=O)Nc3cc(Oc4ccc(NC(=O)C5(C(=O)Nc6ccc(F)cc6)CC5)c(F)c4)ccn3)CC2)CC1,1
HDAC1,3,36,Clc1ccc(OCCCCCCN=C(NC#N)Nc2ccncc2)cc1,N#CNC(=NCCCCCCOc1ccc(Cl)cc1)Nc1ccncc1,1
HDAC1,3,37,CNC(=O)c1cccc(c1)-c1ccc2c(nc(nc2n1)N1CCOC[C@@H]1C)N1CCOC[C@@H]1C,CNC(=O)c1cccc(-c2ccc3c(N4CCOC[C@@H]4C)nc(N4CCOC[C@@H]4C)nc3n2)c1,1
HDAC1,3,38,CCCOc1ccc(cc1N)C(=O)OCCN(CC)CC,CCCOc1ccc(C(=O)OCCN(CC)CC)cc1N,1
HDAC1,3,39,CCCN(CCC)c1nc(nc2ccccc12)N3CCCC3,CCCN(CCC)c1nc(N2CCCC2)nc2ccccc12,1
HDAC1,3,40,COC(=O)Nc1nc2cc(SC(C)C)ccc2[nH]1,COC(=O)Nc1nc2cc(SC(C)C)ccc2[nH]1,1
HDAC1,3,41,CC(C)C#Cc1ccc(cc1)[C@H]1[C@@H](CO)N2[C@@H]1CN(CC2=O)S(=O)(=O)c1ccccc1,CC(C)C#Cc1ccc([C@H]2[C@@H](CO)N3C(=O)CN(S(=O)(=O)c4ccccc4)C[C@H]23)cc1,1
HDAC1,3,42,Oc1ccc(C=C(C#N)C(=O)NCCCCc2ccccc2)cc1O,N#CC(=Cc1ccc(O)c(O)c1)C(=O)NCCCCc1ccccc1,1
HDAC1,3,43,COc1cc2c3n([C@H](C)c4ccccn4)c(=O)[nH]c3cnc2cc1-c1c(C)noc1C,COc1cc2c(cc1-c1c(C)noc1C)ncc1[nH]c(=O)n([C@H](C)c3ccccn3)c12,1
HDAC1,3,44,Fc1ccc(CN2CCC(CC2)Nc2ncnc3sc(Cl)cc23)cc1C#N,N#Cc1cc(CN2CCC(Nc3ncnc4sc(Cl)cc34)CC2)ccc1F,1
HDAC1,3,45,CNCCCC1c2ccccc2C=Cc2ccccc12,CNCCCC1c2ccccc2C=Cc2ccccc21,1
HDAC1,3,46,Cc1cccc(n1)-c1[nH]c(nc1-c1ccc2OCOc2c1)C(C)(C)C,Cc1cccc(-c2[nH]c(C(C)(C)C)nc2-c2ccc3c(c2)OCO3)n1,1
HDAC1,3,47,COc1cc2c(Nc3ccc(NC(=O)c4ccccc4)cc3)ncnc2cc1OCCCN1CCOCC1,COc1cc2c(Nc3ccc(NC(=O)c4ccccc4)cc3)ncnc2cc1OCCCN1CCOCC1,1
HDAC1,3,48,CCN1CCN(CC1)C(=O)c1cc2CN([C@H](CCO)c2c(n1)-c1cccc(c1)-c1ccc(cc1)C(=O)Nc1ccccc12,,0
HDAC1,3,49,COc1ccc2nc3CCCCC[C@@H]4C[C@H]4OC(=O)N[C@H](C(=O)N4C[C@@H](C[C@H]4C(=O)N[C@@]4(C[C@H]4C=C)C(=O)NS(=O)(=O)C4CC4)Oc3nc2c1)C(C)(C)C,C=C[C@@H]1C[C@]1(NC(=O)[C@@H]1C[C@@H]2CN1C(=O)[C@H](C(C)(C)C)NC(=O)O[C@@H]1C[C@H]1CCCCCc1nc3ccc(OC)cc3nc1O2)C(=O)NS(=O)(=O)C1CC1,1
HDAC1,3,50,CC(=O)Nc1ccc(cc1)C(=O)Nc1ccccc1N,CC(=O)Nc1ccc(C(=O)Nc2ccccc2N)cc1,1
HDAC1,3,51,CCc1c(O)cc(O)c(C(=O)c2ccc(OCCN3CCOCC3)c(OC)c2)c1CC(=O)N(CCOC)CCOC,CCc1c(O)cc(O)c(C(=O)c2ccc(OCCN3CCOCC3)c(OC)c2)c1CC(=O)N(CCOC)CCOC,1
HDAC1,3,52,CC(=O)c1c(O)c(C)c(O)c(Cc2c(O)c(C(=O)/C=C/c3ccccc3)c4OC(C)(C)C=Cc4c2O)c1O,CC(=O)c1c(O)c(C)c(O)c(Cc2c(O)c3c(c(C(=O)/C=C/c4ccccc4)c2O)OC(C)(C)C=C3)c1O,1
HDAC1,3,53,Nc1ccc(cc1)C(=O)Nc2ccc(O)c(c2)c3nc4ccccc4o3,Nc1ccc(C(=O)Nc2ccc(O)c(-c3nc4ccccc4o3)c2)cc1,1
HDAC1,3,54,Clc1ccc(COC(Cn2ccnc2)c2ccc(Cl)cc2Cl)c(Cl)c1,Clc1ccc(COC(Cn2ccnc2)c2ccc(Cl)cc2Cl)c(Cl)c1,1
HDAC1,3,55,O=C1CC2(CCCC2)CC(=O)N1CCNCC1COc2ccccc2O1,O=C1CC2(CCCC2)CC(=O)N1CCNCC1COc2ccccc2O1,1
HDAC1,3,56,CC[C@H]1N(C2CCCC2)c2nc(Nc3ccc(cc3OC)C(=O)NC3CCN(C)CC3)ncc2N(C)C1=O,CC[C@@H]1C(=O)N(C)c2cnc(Nc3ccc(C(=O)NC4CCN(C)CC4)cc3OC)nc2N1C1CCCC1,1
HDAC1,3,57,CCn1c(nc2cnc(Oc3cccc(NC(=O)c4ccc(OCCN5CCOCC5)cc4)c3)cc12)-c1nonc1N,CCn1c(-c2nonc2N)nc2cnc(Oc3cccc(NC(=O)c4ccc(OCCN5CCOCC5)cc4)c3)cc21,1
HDAC1,3,58,Cc1ccc(cc1)C(=O)n2c3ccccc3c4ccccc24,Cc1ccc(C(=O)n2c3ccccc3c3ccccc32)cc1,1
HDAC1,3,59,CCCCCCC(C)(C)c1ccc(C2CC(O)CCC2CCCO)c(O)c1,CCCCCCC(C)(C)c1ccc(C2CC(O)CCC2CCCO)c(O)c1,1
HDAC1,3,60,Cc1ccccc1N2CCN(CC2)c3ncnc4n(Cc5ccc(Cl)cc5)ncc34,Cc1ccccc1N1CCN(c2ncnc3c2cnn3Cc2ccc(Cl)cc2)CC1,1
HDAC1,3,61,CCCNC(=O)N1[C@@H](CO)[C@H]([C@H]1C#N)c1ccc(cc1)C1=CCCCC1,CCCNC(=O)N1[C@H](C#N)[C@H](c2ccc(C3=CCCCC3)cc2)[C@@H]1CO,1
HDAC1,3,62,C[C@@H](CO)N1C[C@@H](C)[C@H](CN(C)C(=O)Nc2cc(F)ccc2F)Oc3cc(C#CC4CCCC4)ccc3S1(=O)=O,C[C@@H]1CN([C@@H](C)CO)S(=O)(=O)c2ccc(C#CC3CCCC3)cc2O[C@H]1CN(C)C(=O)Nc1cc(F)ccc1F,1
HDAC1,3,63,CCc1cc(OC)c(cc1)C(=O)c1ccccc1,CCc1ccc(C(=O)c2ccccc2)c(OC)c1,1
HDAC1,3,64,CN1[C@@H]2CC[C@@H](CC(=O)NCCN3CCCCC3)O[C@H]2COc2ccc(NC(=O)Nc3ccc(Cl)cc3)cc2C1=O,CN1C(=O)c2cc(NC(=O)Nc3ccc(Cl)cc3)ccc2OC[C@@H]2O[C@H](CC(=O)NCCN3CCCCC3)CC[C@H]21,1
HDAC1,3,65,CC(C)(C)c1cc(cc(c1)C(C)(C)C)C(=O)C=Cc2ccc(cc2)C(=O)O,CC(C)(C)c1cc(C(=O)C=Cc2ccc(C(=O)O)cc2)cc(C(C)(C)C)c1,1
HDAC1,3,66,CN1[C@H]2CC[C@@H](CC(=O)N[C@H]3CCN(Cc4ccccc4)C3)O[C@H]2COc2ccc(NC(=O)c3ccc(F)c(F)c3)cc2C1=O,CN1C(=O)c2cc(NC(=O)c3ccc(F)c(F)c3)ccc2OC[C@@H]2O[C@H](CC(=O)N[C@H]3CCN(Cc4ccccc4)C3)CC[C@@H]21,1
HDAC1,3,67,CCCNC(=O)N1[C@H](CO)[C@@H]([C@@H]1C#N)c1ccc(cc1)C1=CCCCC1,CCCNC(=O)N1[C@H](CO)[C@H](c2ccc(C3=CCCCC3)cc2)[C@@H]1C#N,1
HDAC1,3,68,C[C@H](O)[C@H](O)[C@H](C)[C@@H]2CCOC2=O,C[C@@H]([C@@H](O)[C@H](C)O)[C@@H]1CCOC1=O,1
HDAC1,3,69,CC(C)(C)n1nc(-c2ccc(Cl)cc2)c2c(N)ncnc12,CC(C)(C)n1nc(-c2ccc(Cl)cc2)c2c(N)ncnc21,1
HDAC1,3,70,Cc1cccc(C)c1NC(=O)CN1CCN(CCCC(c2ccc(F)cc2)c2ccc(F)cc2)CC1,Cc1cccc(C)c1NC(=O)CN1CCN(CCCC(c2ccc(F)cc2)c2ccc(F)cc2)CC1,1
HDAC1,3,71,CN(C)c1ccc(NC(=O)Nc2cc(C)nc3c(F)cc(F)cc23)cc1,Cc1cc(NC(=O)Nc2ccc(N(C)C)cc2)c2cc(F)cc(F)c2n1,1
HDAC1,3,72,OCCN1CCN(CCC=C2c3ccccc3Sc3ccc(Cl)cc23)CC1,OCCN1CCN(CCC=C2c3ccccc3Sc3ccc(Cl)cc32)CC1,1
HDAC1,3,73,C[C@H](O)[C@H](O)[C@H]1CNc2n3cnc(C4CC4)c3c2C1,C[C@H](O)[C@H](O)[C@H]1CNC2=C(C1)c1c(C3CC3)ncn12,1
HDAC1,3,74,C[C@@H](CO)N1C[C@@H](C)[C@H](CN(C)S(=O)(=O)c2ccc(C)cc2)OCCCC[C@H](C)Oc2ccc(NC(=O)Cc3ccccc3)cc2C1=O,Cc1ccc(S(=O)(=O)N(C)C[C@@H]2OCCCC[C@H](C)Oc3ccc(NC(=O)Cc4ccccc4)cc3C(=O)N([C@@H](C)CO)C[C@H]2C)cc1,1
HDAC1,3,75,Fc1ccc(cc1)[C@H]1CC[C@H](N2[C@@H](CO)[C@H](CC(=O)NCc3ccc(F)cc3)O[C@@H]2CO)CC1,O=C(C[C@@H]1O[C@H](CO)N([C@H]2CC[C@H](c3ccc(F)cc3)CC2)[C@H]1CO)NCc1ccc(F)cc1,1
HDAC1,3,76,CN1[C@@H]2CC[C@@H](CC(=O)NCCc3ccncc3)O[C@@H]2COc2ccc(NC(=O)Nc3ccc(Cl)cc3)cc2C1=O,CN1C(=O)c2cc(NC(=O)Nc3ccc(Cl)cc3)ccc2OC[C@H]2O[C@H](CC(=O)NCCc3ccncc3)CC[C@H]21,1
HDAC1,3,77,CC(C)c1c(C(=O)Nc2ccccc2)c(c(-c2ccc(F)cc2)n1CCC(O)CC(O)CC(O)=O)-c1ccccc1,CC(C)c1c(C(=O)Nc2ccccc2)c(-c2ccccc2)c(-c2ccc(F)cc2)n1CCC(O)CC(O)CC(=O)O,1
HDAC1,3,78,C[C@@H](CO)N1C[C@H](C)[C@H](CN(C)CC2CCCCC2)OCCCC[C@@H](C)Oc2ccc(NC(=O)c3ccncc3)cc2C1=O,C[C@@H]1CCCCO[C@@H](CN(C)CC2CCCCC2)[C@@H](C)CN([C@@H](C)CO)C(=O)c2cc(NC(=O)c3ccncc3)ccc2O1,1
HDAC1,3,79,COc1cc(NC(C)CCCN)c2ncccc2c1,COc1cc(NC(C)CCCN)c2ncccc2c1,1
HDAC1,3,80,Cc1ccc(cc1)-c1nn(c2ncnc(N)c12)C(C)(C)C,Cc1ccc(-c2nn(C(C)(C)C)c3ncnc(N)c23)cc1,1
HDAC1,3,81,Oc1ccc(C=C(C#N)C(=O)NCCCCc2ccccc2)cc1O,N#CC(=Cc1ccc(O)c(O)c1)C(=O)NCCCCc1ccccc1,1
HDAC1,3,82,OC[C@@H]1O[C@H](CC(=O)NCc2ccc3OCOc3c2)C[C@@H]2[C@H]1Oc1ccc(NC(=O)c3cccnc3)cc21,O=C(C[C@@H]1C[C@H]2c3cc(NC(=O)c4cccnc4)ccc3O[C@H]2[C@H](CO)O1)NCc1ccc2c(c1)OCO2,1
HDAC1,3,83,C[C@@H]1[C@H]2[C@H](O)[C@H]3[C@H](N(C)C)C(=O)C(C(N)=O)C(=O)[C@@]3(O)C(=O)C2C(=O)c2c(O)cccc12,C[C@H]1c2cccc(O)c2C(=O)C2C(=O)[C@]3(O)C(=O)C(C(N)=O)C(=O)[C@@H](N(C)C)[C@@H]3[C@@H](O)[C@@H]21,1
HDAC1,3,84,CC(C)N(CCNC(=O)c1ccc(CNS(=O)(=O)c2ccc(C)cc2)cc1)Cc3ccccc3,Cc1ccc(S(=O)(=O)NCc2ccc(C(=O)NCCN(Cc3ccccc3)C(C)C)cc2)cc1,1
HDAC1,3,85,CCC(C)(C)C(=O)O[C@H]1C[C@@H](C)C=C2C=C[C@H](C)[C@H](CC[C@@H]3C[C@@H](O)CC(=O)O3)[C@@H]12,CCC(C)(C)C(=O)O[C@H]1C[C@@H](C)C=C2C=C[C@H](C)[C@H](CC[C@@H]3C[C@@H](O)CC(=O)O3)[C@H]21,1
HDAC1,3,86,COc1ccc(CCCn2ncc3c4nc(nn4c(N)nc23)c5ccco5)cc1,COc1ccc(CCCn2ncc3c2nc(N)n2nc(-c4ccco4)nc32)cc1,1
HDAC1,3,87,CC(=O)NCCc1c[nH]c2ccccc12,CC(=O)NCCc1c[nH]c2ccccc12,1
HDAC1,3,88,COCc1c(nc(C(C)C)c(/C=C/[C@@H](O)C[C@@H](O)CC(=O)O)c1c2ccc(F)cc2)C(C)C,COCc1c(C(C)C)nc(C(C)C)c(/C=C/[C@@H](O)C[C@@H](O)CC(=O)O)c1-c1ccc(F)cc1,1
HDAC1,3,89,CCOC(=O)C1=C(C)N=c2sc(=Cc3ccc(OCC(=O)O)cc3)c(=O)n2C1c4ccc(SC)cc4,CCOC(=O)C1=C(C)N=c2sc(=Cc3ccc(OCC(=O)O)cc3)c(=O)n2C1c1ccc(SC)cc1,1
HDAC1,3,90,C[C@@H](CO)N1C[C@H](C)[C@H](CN(C)Cc2ccncc2)Oc3ccc(NC(=O)Cc4cn(C)c5ccccc45)cc3C1=O,C[C@H]1CN([C@@H](C)CO)C(=O)c2cc(NC(=O)Cc3cn(C)c4ccccc34)ccc2O[C@H]1CN(C)Cc1ccncc1,1
HDAC1,3,91,Cc1ccc(cc1)C(=O)n2c3ccccc3c4ccccc24,Cc1ccc(C(=O)n2c3ccccc3c3ccccc32)cc1,1
HDAC1,3,92,COc1ccc(CN(C)C[C@H]2Oc3ccc(NC(=O)Cc4ccccc4)cc3CC(=O)N(C[C@H]2C)[C@H](C)CO)cc1,COc1ccc(CN(C)C[C@H]2Oc3ccc(NC(=O)Cc4ccccc4)cc3CC(=O)N([C@H](C)CO)C[C@H]2C)cc1,1
HDAC1,3,93,CCc1cn(cnc2nc(-c3cccc(c3)P(=O)(OC)OC)c3ccccc13)C(=O)NCCc3,,0
HDAC1,3,94,COc1cc2nccc(Oc3ccc(NC(=O)Nc4cc(C)on4)c(Cl)c3)c2cc1OC,COc1cc2nccc(Oc3ccc(NC(=O)Nc4cc(C)on4)c(Cl)c3)c2cc1OC,1
HDAC1,3,95,CC(=O)Nc1ccc(cc1)C(=O)Nc1ccccc1N,CC(=O)Nc1ccc(C(=O)Nc2ccccc2N)cc1,1
HDAC1,3,96,Cc1ccc(cc1)C(=O)NCCCCCC(=O)Nc1ccccc1N,Cc1ccc(C(=O)NCCCCCC(=O)Nc2ccccc2N)cc1,1
HDAC1,3,97,FC(F)(F)CNC(=O)C1(CCCCN2CCC(CC2)NC(=O)c2ccccc2-c2ccc(cc2)C(F)(F)F)c2ccccc2-c2ccccc12,O=C(NC1CCN(CCCCC2(C(=O)NCC(F)(F)F)c3ccccc3-c3ccccc32)CC1)c1ccccc1-c1ccc(C(F)(F)F)cc1,1
HDAC1,3,98,CN(CCOc1ccc(CC(Nc2ccccc2C(=O)c2ccccc2)C(O)=O)cc1)c1ccccn1,CN(CCOc1ccc(CC(Nc2ccccc2C(=O)c2ccccc2)C(=O)O)cc1)c1ccccn1,1
HDAC1,3,99,Cc1ccc(NCCCc2ccccc2)c(N)c1,Cc1ccc(NCCCc2ccccc2)c(N)c1,1
MTOR,1,0,CCCCOc1ccc(Cl)cc1N-c1ncnc2sc(C)c(-c3ccc(F)cc3)c12,CCCCOc1ccc(Cl)cc1Nc1ncnc2sc(C)c(-c3ccc(F)cc3)c12,1
MTOR,1,1,CC(C)OC(=O)CCCC=C/C[C@H]1[C@@H](O)C[C@@H](O)[C@@H]1C=C[C@@H](O)COc1cccc(c1)C(F)(F)F,CC(C)OC(=O)CCCC=CC[C@@H]1[C@@H](C=C[C@@H](O)COc2cccc(C(F)(F)F)c2)[C@H](O)C[C@@H]1O,1
MTOR,1,2,FC(F)(F)c1ccc(Oc2cccc(C=C3CCN(CC3)C(=O)Nc3cccnn3)c2)nc1,O=C(Nc1cccnn1)N1CCC(=Cc2cccc(Oc3ccc(C(F)(F)F)cn3)c2)CC1,1
MTOR,1,3,CCc1cc2C(=O)c3c([nH]c4cc(ccc34)C#N)C(C)(C)c2cc1N1CCC(CC1)N1CCOCC1,CCc1cc2c(cc1N1CCC(N3CCOCC3)CC1)C(C)(C)c1[nH]c3cc(C#N)ccc3c1C2=O,1
MTOR,1,4,CC(C)c1ccc(NC(=O)c2cccs2)c(c1)-c1nc2ccccc2[nH]c1=O,CC(C)c1ccc(NC(=O)c2cccs2)c(-c2nc3ccccc3[nH]c2=O)c1,1
MTOR,1,5,CC(C)C(=O)OCCC(SSC(CCOC(=O)C(C)C)=C(/C)N(Cc1cnc(C)nc1N)C=O)=C(C)N(Cc1cnc(C)nc1N)C=O,CC(=C(CCOC(=O)C(C)C)SSC(CCOC(=O)C(C)C)=C(C)N(C=O)Cc1cnc(C)nc1N)N(C=O)Cc1cnc(C)nc1N,1
MTOR,1,6,CN(C)CCC=C1/c2ccccc2Sc2ccc(Cl)cc12,CN(C)CCC=C1c2ccccc2Sc2ccc(Cl)cc21,1
MTOR,1,7,Cc1cccc(CN2CCN(CC2)C(c2ccccc2)c2ccc(Cl)cc2)c1,Cc1cccc(CN2CCN(C(c3ccccc3)c3ccc(Cl)cc3)CC2)c1,1
MTOR,1,8,C[C@@H]1CC[C@H]2[C@@H](C)C(=O)O[C@@H]3O[C@@]4(C)CC[C@@H]1[C@@]23OO4,C[C@@H]1CC[C@H]2[C@@H](C)C(=O)O[C@@H]3O[C@@]4(C)CC[C@@H]1[C@]32OO4,1
MTOR,1,9,C[C@H]1CCC[C@@]2(C)O[C@H]2C[C@@H](OC(=O)C[C@@H](O)C(C)(C)C(=O)[C@H](C)[C@H]1O)C(C)=Cc1csc(C)n1,CC(=Cc1csc(C)n1)[C@H]1C[C@@H]2O[C@]2(C)CCC[C@H](C)[C@H](O)[C@@H](C)C(=O)C(C)(C)[C@H](O)CC(=O)O1,1
MTOR,1,10,CC(C)c1cc(C(=O)N2Cc3ccc(CN4CCN(C)CC4)cc3C2)c(O)cc1O,CC(C)c1cc(C(=O)N2Cc3ccc(CN4CCN(C)CC4)cc3C2)c(O)cc1O,1
MTOR,1,11,CCN(CC)CCOc1ccc(cc1)C(=C(/Cl)c1ccccc1)c1ccccc1,CCN(CC)CCOc1ccc(C(=C(Cl)c2ccccc2)c2ccccc2)cc1,1
MTOR,1,12,CCc1nc(c(s1)-c1ccnc(NC(=O)c2ccccc2)c1)-c1cccc(C)c1,CCc1nc(-c2cccc(C)c2)c(-c2ccnc(NC(=O)c3ccccc3)c2)s1,1
MTOR,1,13,FC(F)(F)c1ccc(Oc2cccc(CC3CCN(CC3)C(=O)Nc3cccnc3)c2)nc1,O=C(Nc1cccnc1)N1CCC(Cc2cccc(Oc3ccc(C(F)(F)F)cn3)c2)CC1,1
MTOR,1,14,CN1CCC(CNc2ccc3ncc(-c4cccc(OC(F)(F)F)c4)n3n2)CC1,CN1CCC(CNc2ccc3ncc(-c4cccc(OC(F)(F)F)c4)n3n2)CC1,1
MTOR,1,15,CC(=O)c1c(C)c2cnc(Nc3ccc(cn3)N3CCNCC3)nc2n(C2CCCC2)c1=O,CC(=O)c1c(C)c2cnc(Nc3ccc(N4CCNCC4)cn3)nc2n(C2CCCC2)c1=O,1
MTOR,1,16,CCCc1c(OCCCOc2ccc(OCC(O)=O)cc2)ccc(C(C)=O)c1O,CCCc1c(OCCCOc2ccc(OCC(=O)O)cc2)ccc(C(C)=O)c1O,1
MTOR,1,17,CN(C)CCc1c[nH]c2ccc(Cn3cncn3)cc12,CN(C)CCc1c[nH]c2ccc(Cn3cncn3)cc12,1
MTOR,1,18,ONC(=O)CCCCCCNC(=O)c1cnc(nc1)N(c1ccccc1)c1ccccc1,O=C(CCCCCCNC(=O)c1cnc(N(c2ccccc2)c2ccccc2)nc1)NO,1
MTOR,1,19,CC(C)(C)c1nc(c(s1)-c1ccnc(N)n1)-c1cccc(NS(=O)(=O)c2c(F)cccc2F)c1F,CC(C)(C)c1nc(-c2cccc(NS(=O)(=O)c3c(F)cccc3F)c2F)c(-c2ccnc(N)n2)s1,1
MTOR,1,20,CC(C)c1cc(-c2n[nH]c(=O)n2-c2ccc3n(C)ccc3c2)c(O)cc1O,CC(C)c1cc(-c2n[nH]c(=O)n2-c2ccc3c(ccn3C)c2)c(O)cc1O,1
MTOR,1,21,C[C@H](O)C(=O)N1CCN(Cc2sc3c(nc(nc3c2C)-c2cnc(N)nc2)N2CCOCC2)CC1,Cc1c(CN2CCN(C(=O)[C@H](C)O)CC2)sc2c(N3CCOCC3)nc(-c3cnc(N)nc3)nc12,1
MTOR,1,22,Cc1cccc(C)c1NC(=O)CN1CCN(CCCC(c2ccc(F)cc2)c2ccc(F)cc2)CC1,Cc1cccc(C)c1NC(=O)CN1CCN(CCCC(c2ccc(F)cc2)c2ccc(F)cc2)CC1,1
MTOR,1,23,CCCCC[C@H](O)C=C[C@H]1[C@H](O)CC(=O)[C@@H]1CC=C/CCCC(O)=O,CCCCC[C@H](O)C=C[C@H]1[C@H](O)CC(=O)[C@@H]1CC=CCCCC(=O)O,1
MTOR,1,24,NS(=O)(=O)C#Cc1ccccc1,NS(=O)(=O)C#Cc1ccccc1,1
MTOR,1,25,Nc1nc(N)c2nc(CC(CC#C)c3ccc(cc3)C(=O)N[C@@H](CCC(O)=O)C(O)=O)cnc2n1,C#CCC(Cc1cnc2nc(N)nc(N)c2n1)c1ccc(C(=O)N[C@@H](CCC(=O)O)C(=O)O)cc1,1
MTOR,1,26,CC[C@H]1N(C(C)C)c2nc(Nc3ccc(cc3OC)C(=O)N[C@H]3CC[C@@H](CC3)N3CCN(CC4CC4)CC3)ncc2N(C)C1=O,CC[C@@H]1C(=O)N(C)c2cnc(Nc3ccc(C(=O)N[C@H]4CC[C@H](N5CCN(CC6CC6)CC5)CC4)cc3OC)nc2N1C(C)C,1
MTOR,1,27,Fc1cc2CN(CCn3cc(C4=C(C(=O)NC4=O)c4cnc5ccccn45)c(c1)c23)C(=O)N1CCCCC1,O=C1NC(=O)C(c2cnc3ccccn23)=C1c1cn2c3c(cc(F)cc13)CN(C(=O)N1CCCCC1)CC2,1
MTOR,1,28,CC(C)(C)OC(=O)c1ncn-2c1[C@@H]1CCCN1C(=O)c1c(Br)cccc-21,CC(C)(C)OC(=O)c1ncn2c1[C@@H]1CCCN1C(=O)c1c(Br)cccc1-2,1
MTOR,1,29,OCCN(CCO)c1nc(N2CCCCC2)c2nc(nc(N3CCCCC3)c2n1)N(CCO)CCO,OCCN(CCO)c1nc(N2CCCCC2)c2nc(N(CCO)CCO)nc(N3CCCCC3)c2n1,1
MTOR,1,30,CC(=O)Nc1ccc(CC(O)=O)cc1,CC(=O)Nc1ccc(CC(=O)O)cc1,1
MTOR,1,31,COCCOc1cc2ncnc(Nc3cccc(c3)C#C)c2cc1OCCOC,C#Cc1cccc(Nc2ncnc3cc(OCCOC)c(OCCOC)cc23)c1,1
MTOR,1,32,COc1cc(CNC(=O)CCCCC=CC(C)C)ccc1O,COc1cc(CNC(=O)CCCCC=CC(C)C)ccc1O,1
MTOR,1,33,CCCCCCCCC=CCCCCCCCC(=O)NC(CO)Cc1ccc(O)cc1,CCCCCCCCC=CCCCCCCCC(=O)NC(CO)Cc1ccc(O)cc1,1
MTOR,1,34,O=c1[nH]c2ccccc2n1CCCN1CCN(CC1)C(c1ccccc1)c1ccccc1,O=c1[nH]c2ccccc2n1CCCN1CCN(C(c2ccccc2)c2ccccc2)CC1,1
MTOR,1,35,CN(C)CCCN1c2ccccc2Sc2ccc(Cl)cc12,CN(C)CCCN1c2ccccc2Sc2ccc(Cl)cc21,1
MTOR,1,36,CCCc1cc(ccn1)c2nc(cs2)c3ccc(C)cc3,CCCc1cc(-c2nc(-c3ccc(C)cc3)cs2)ccn1,1
MTOR,1,37,CCCCCCCCC=C/CCCCCCCC(=O)NCCO,CCCCCCCCC=CCCCCCCCC(=O)NCCO,1
MTOR,1,38,O=c1ccc2ccc(OCCCCN3CCN(CC3)c3cccc4sccc34)cc2[nH]1,O=c1ccc2ccc(OCCCCN3CCN(c4cccc5sccc45)CC3)cc2[nH]1,1
MTOR,1,39,OC(=O)CCCc1ccc(cc1)N(CCCl)CCCl,O=C(O)CCCc1ccc(N(CCCl)CCCl)cc1,1
MTOR,1,40,C[C@@H](Oc1cc(sc1C(N)=O)-n1cnc2ccc(CN3CCN(C)CC3)cc12)c1ccccc1C(F)(F)F,C[C@@H](Oc1cc(-n2cnc3ccc(CN4CCN(C)CC4)cc32)sc1C(N)=O)c1ccccc1C(F)(F)F,1
MTOR,1,41,CCN(CC)CCCCNc1ncc2cc(-c3cc(OC)cc(OC)c3)c(NC(=O)NC(C)(C)C)nc2n1,CCN(CC)CCCCNc1ncc2cc(-c3cc(OC)cc(OC)c3)c(NC(=O)NC(C)(C)C)nc2n1,1
MTOR,1,42,C[C@H]1O[C@H]1P(O)(O)=O,C[C@H]1O[C@H]1P(=O)(O)O,1
MTOR,1,43,CC1(C)CCC(=C(CN2CCN(CC2)c2ccc(cc2)C(=O)NS(=O)(=O)c2ccc(N[C@H](CCN3CCOCC3)CSc3ccccc3)c(c2)S(=O)(=O)C(F),,0
MTOR,1,44,CNC(=O)c1cc(Oc2ccc(NC(=O)Nc3ccc(Cl)c(c3)C(F)(F)F)cc2)ccn1,CNC(=O)c1cc(Oc2ccc(NC(=O)Nc3ccc(Cl)c(C(F)(F)F)c3)cc2)ccn1,1
MTOR,1,45,COC(=O)CCc1ccc(OCC(O)CNC(C)C)cc1,COC(=O)CCc1ccc(OCC(O)CNC(C)C)cc1,1
MTOR,1,46,OCCN1CCN(CCCN2c3ccccc3Sc3ccc(cc23)C(F)(F)F)CC1,OCCN1CCN(CCCN2c3ccccc3Sc3ccc(C(F)(F)F)cc32)CC1,1
MTOR,1,47,COc1cc(N(C)CCN(C)C)c(NC(=O)C=C)cc1Nc1nccc(n1)-c1cn(C)c2ccccc12,C=CC(=O)Nc1cc(Nc2nccc(-c3cn(C)c4ccccc34)n2)c(OC)cc1N(C)CCN(C)C,1
MTOR,1,48,Cc1cccc(CN2C(=O)[C@@H]3Cc4c([nH]c5ccccc45)C(C)(C)N3C2=O)c1,Cc1cccc(CN2C(=O)[C@@H]3Cc4c([nH]c5ccccc45)C(C)(C)N3C2=O)c1,1
MTOR,1,49,CC(C)n1nc(C)nc1-c1cn2CCOc3cc(ccc3-c2n1)-c1cnn(c1)C(C)(C)C(N)=O,Cc1nc(-c2cn3c(n2)-c2ccc(-c4cnn(C(C)(C)C(N)=O)c4)cc2OCC3)n(C(C)C)n1,1
MTOR,1,50,C[C@@H](O)C#Cc1ccc2c(O[C@@H](CN(C)Cc3ccc(cc3)-c3ccccc3C)[C@@H](C)CN([C@@H](C)CO)S2(=O)=O)c1,Cc1ccccc1-c1ccc(CN(C)C[C@@H]2Oc3cc(C#C[C@@H](C)O)ccc3S(=O)(=O)N([C@@H](C)CO)C[C@@H]2C)cc1,1
MTOR,1,51,CC(C)Nc1cc(-c2c[nH]c(c2)C(=O)N[C@H](CO)c2cccc(Cl)c2)c(Cl)cn1,CC(C)Nc1cc(-c2c[nH]c(C(=O)N[C@H](CO)c3cccc(Cl)c3)c2)c(Cl)cn1,1
MTOR,1,52,OC[C@H]1O[C@H](CCNS(=O)(=O)c2cccc(Cl)c2)CC[C@@H]1NC(=O)Nc1cccc(F)c1,O=C(Nc1cccc(F)c1)N[C@H]1CC[C@@H](CCNS(=O)(=O)c2cccc(Cl)c2)O[C@@H]1CO,1
MTOR,1,53,Cn1cc(c(n1)-c1ccc(NC(=O)c2ccc(F)cc2)cc1C(F)(F)F)-c1ccnc(N)c1,Cn1cc(-c2ccnc(N)c2)c(-c2ccc(NC(=O)c3ccc(F)cc3)cc2C(F)(F)F)n1,1
MTOR,1,54,C[C@@H]1COC(Nc2ccc3ncnc(Nc4ccc(OCc5nccs5)c(Cl)c4)c3c2)=N1,C[C@@H]1COC(Nc2ccc3ncnc(Nc4ccc(OCc5nccs5)c(Cl)c4)c3c2)=N1,1
MTOR,1,55,Cn1c2ncn(CC3OCCO3)c2c(=O)n(C)c1=O,Cn1c(=O)c2c(ncn2CC2OCCO2)n(C)c1=O,1
MTOR,1,56,CCC(C)n1ncn(-c2ccc(cc2)N2CCN(CC2)c2ccc(OC[C@H]3CO[C@@](Cn4cncn4)(O3)c3ccc(Cl)cc3Cl)cc2)c1=O,CCC(C)n1ncn(-c2ccc(N3CCN(c4ccc(OC[C@H]5CO[C@](Cn6cncn6)(c6ccc(Cl)cc6Cl)O5)cc4)CC3)cc2)c1=O,1
MTOR,1,57,CNc1cc(OC)c(cc1Cl)C(=O)N[C@@H]1CCN(Cc2ccccc2)[C@@H]1C.CNc1cc(OC)c(cc1Cl)C(=O)N[C@H]1CCN(Cc2ccccc2)[C@H]1C,CNc1cc(OC)c(C(=O)N[C@@H]2CCN(Cc3ccccc3)[C@@H]2C)cc1Cl.CNc1cc(OC)c(C(=O)N[C@H]2CCN(Cc3ccccc3)[C@H]2C)cc1Cl,1
MTOR,1,58,Fc1ccc(C(=O)NOCC2CC2)c(Nc2ccc(I)cc2Cl)c1F,O=C(NOCC1CC1)c1ccc(F)c(F)c1Nc1ccc(I)cc1Cl,1
MTOR,1,59,NC(=O)CC[C@H](NC(=O)Cc1ccccc1)C(O)=O,NC(=O)CC[C@H](NC(=O)Cc1ccccc1)C(=O)O,1
MTOR,1,60,CN(C)C(=O)c1ccc(cc1)S(=O)(=O)c1ccc(NC(=O)C(C)(O)C(F)(F)F)c(Cl)c1,CN(C)C(=O)c1ccc(S(=O)(=O)c2ccc(NC(=O)C(C)(O)C(F)(F)F)c(Cl)c2)cc1,1
MTOR,1,61,CO[C@H]1C[C@H](C)CC2=C(OC)C(=O)C=C(NC(=O)C(C)=CC=C/[C@H](OC)[C@@H](OC(N)=O)C(C)=C[C@H](C)[C@H]1O)C2=O,COC1=C2C[C@@H](C)C[C@H](OC)[C@H](O)[C@@H](C)C=C(C)[C@H](OC(N)=O)[C@@H](OC)C=CC=C(C)C(=O)NC(=CC1=O)C2=O,1
MTOR,1,62,CC(C)c1cc(C(C)C)c(CC(=O)NS(=O)(=O)Oc2c(cccc2C(C)C)C(C)C)c(c1)C(C)C,CC(C)c1cc(C(C)C)c(CC(=O)NS(=O)(=O)Oc2c(C(C)C)cccc2C(C)C)c(C(C)C)c1,1
MTOR,1,63,Clc1cccc2cc(sc12)C(=O)N[C@H]1CN2CCC1CC2,O=C(N[C@H]1CN2CCC1CC2)c1cc2cccc(Cl)c2s1,1
MTOR,1,64,CCN(CCCCOC(=O)c1ccc(OC)c(OC)c1)C(C)Cc1ccc(OC)cc1,CCN(CCCCOC(=O)c1ccc(OC)c(OC)c1)C(C)Cc1ccc(OC)cc1,1
MTOR,1,65,Cn1cc[nH]c1=S,Cn1cc[nH]c1=S,1
MTOR,1,66,CCOc1ccccc1OCCN[C@H](C)Cc1ccc(OC)c(c1)S(N)(=O)=O,CCOc1ccccc1OCCN[C@H](C)Cc1ccc(OC)c(S(N)(=O)=O)c1,1
MTOR,1,67,C[C@H](O)C(=O)N1CCN(Cc2sc3c(nc(nc3c2C)-c2cnc(N)nc2)N2CCOCC2)CC1,Cc1c(CN2CCN(C(=O)[C@H](C)O)CC2)sc2c(N3CCOCC3)nc(-c3cnc(N)nc3)nc12,1
MTOR,1,68,COc1ccc(CCc2nc3cc(ccc3n2C[C@H](C)N2CCOCC2)-c2c(C)noc2C)cc1Cl,COc1ccc(CCc2nc3cc(-c4c(C)noc4C)ccc3n2C[C@H](C)N2CCOCC2)cc1Cl,1
MTOR,1,69,CN(C)CC=CC(=O)Nc1cc2c(Nc3ccc(F)c(Cl)c3)ncnc2cc1O[C@H]1CCOC1,CN(C)CC=CC(=O)Nc1cc2c(Nc3ccc(F)c(Cl)c3)ncnc2cc1O[C@H]1CCOC1,1
MTOR,1,70,CCCCNc1c(C(=O)OCC)c(C)nc2n(CC)ncc12,CCCCNc1c(C(=O)OCC)c(C)nc2c1cnn2CC,1
MTOR,1,71,CN1CCN(C)C(=O)C1c1ccc(Nc2nc(cn(C)c2=O)-c2cccc(NC(=O)c3cc4CCCCc4s3)c2C)cc1,Cc1c(NC(=O)c2cc3c(s2)CCCC3)cccc1-c1cn(C)c(=O)c(Nc2ccc(C3C(=O)N(C)CCN3C)cc2)n1,1
MTOR,1,72,CCN(CC)CCNC(=O)c1cc(ccc1OC)S(C)(=O)=O,CCN(CC)CCNC(=O)c1cc(S(C)(=O)=O)ccc1OC,1
MTOR,1,73,Nc1nc(F)nc2n(cnc12)[C@@H]1O[C@H](COP(O)(O)=O)[C@@H](O)[C@@H]1O,Nc1nc(F)nc2c1ncn2[C@@H]1O[C@H](COP(=O)(O)O)[C@@H](O)[C@@H]1O,1
MTOR,1,74,COc1cc(Nc2c(cnc3cc(OCCCN4CCN(C)CC4)c(OC)cc23)C#N)c(Cl)cc1Cl,COc1cc(Nc2c(C#N)cnc3cc(OCCCN4CCN(C)CC4)c(OC)cc23)c(Cl)cc1Cl,1
MTOR,1,75,Clc1ccccc1C(c1ccccc1)(c1ccccc1)n1ccnc1,Clc1ccccc1C(c1ccccc1)(c1ccccc1)n1ccnc1,1
MTOR,1,76,CC[C@H]1OC(=O)[C@H](C)[C@H](O[C@@H]2C[C@@](C)(OC)[C@@H](O)[C@H](C)O2)[C@@H](C)[C@@H](O)C[C@H]1CC(=O)NCC1(CCC[C@H]1CCC(=O)OC)C(C)C,CC[C@H]1OC(=O)[C@H](C)[C@H](O[C@@H]2C[C@@](C)(OC)[C@@H](O)[C@H](C)O2)[C@@H](C)[C@@H](O)C[C@H]1CC(=O)NCC1(C(C)C)CCC[C@H]1CCC(=O)OC,1
MTOR,1,77,Cc1ccccc1C(=O)Nc1ccc(C(=O)N2CCCC(O)c3cc(Cl)ccc23)c(C)c1,Cc1ccccc1C(=O)Nc1ccc(C(=O)N2CCCC(O)c3cc(Cl)ccc32)c(C)c1,1
MTOR,1,78,Oc1ccc(NC(=O)CCCc2ccc(cc2)-c2ccccc2F)cc1,O=C(CCCc1ccc(-c2ccccc2F)cc1)Nc1ccc(O)cc1,1
MTOR,1,79,Clc1ccc(CON=C(/Cn2ccnc2)c2ccc(Cl)cc2Cl)c(Cl)c1,Clc1ccc(CON=C(Cn2ccnc2)c2ccc(Cl)cc2Cl)c(Cl)c1,1
MTOR,1,80,COc1cc(ccc1Nc1ncc2N(C)C(=O)CC(C)N(C3CCCC3)c2n1)C(=O)NC1CCN(C)CC1,COc1cc(C(=O)NC2CCN(C)CC2)ccc1Nc1ncc2c(n1)N(C1CCCC1)C(C)CC(=O)N2C,1
MTOR,1,81,CC(C)(Oc1ccc(Cl)cc1)C(O)=O,CC(C)(Oc1ccc(Cl)cc1)C(=O)O,1
MTOR,1,82,COc1cc2c(Oc3ccc(NC(=O)C4(CC4)C(=O)Nc4ccc(F)cc4)cc3F)ccnc2cc1OCCCN1CCOCC1,COc1cc2c(Oc3ccc(NC(=O)C4(C(=O)Nc5ccc(F)cc5)CC4)cc3F)ccnc2cc1OCCCN1CCOCC1,1
MTOR,1,83,COc1cc(cc(OC)c1OC)[C@H]1[C@@H]2[C@H](COC2=O)[C@@H](O)c2cc3OCOc3cc12,COc1cc([C@@H]2c3cc4c(cc3[C@H](O)[C@H]3COC(=O)[C@H]23)OCO4)cc(OC)c1OC,1
MTOR,1,84,CCCCN(CCCC)CCCOc1ccc(cc1)C(=O)c1c(CCCC)oc2ccc(NS(C)(=O)=O)cc12,CCCCc1oc2ccc(NS(C)(=O)=O)cc2c1C(=O)c1ccc(OCCCN(CCCC)CCCC)cc1,1
MTOR,1,85,OCC1OC(C(O)C(O)C1O)c1c(O)ccc2c1occ(-c1ccc(O)cc1)c2=O,O=c1c(-c2ccc(O)cc2)coc2c(C3OC(CO)C(O)C(O)C3O)c(O)ccc12,1
MTOR,1,86,CCN1CCN(CC1)C(=O)Cc1ccc(Nc2ncc(F)c(Nc3ccc(cc3)C(=O)Nc3ccccc3Cl)n2)cc1,CCN1CCN(C(=O)Cc2ccc(Nc3ncc(F)c(Nc4ccc(C(=O)Nc5ccccc5Cl)cc4)n3)cc2)CC1,1
MTOR,1,87,CCCCc1oc2ccccc2c1C(=O)c1cc(I)c(OCCN(CC)CC)c(I)c1,CCCCc1oc2ccccc2c1C(=O)c1cc(I)c(OCCN(CC)CC)c(I)c1,1
MTOR,1,88,CN1[C@H]2CC[C@@H](CC(=O)N[C@@H]3CCN(Cc4ccccc4)C3)O[C@H]2COc2ccc(NC(=O)Cc3cccs3)cc2C1=O,CN1C(=O)c2cc(NC(=O)Cc3cccs3)ccc2OC[C@@H]2O[C@H](CC(=O)N[C@@H]3CCN(Cc4ccccc4)C3)CC[C@@H]21,1
MTOR,1,89,COCCOc1ccc(Nc2ncc(F)c(Nc3cccc(NC(=O)C=C)c3)n2)cc1,C=CC(=O)Nc1cccc(Nc2nc(Nc3ccc(OCCOC)cc3)ncc2F)c1,1
MTOR,1,90,Cc1ccc(cc1)C(=O)n2c3ccccc3c4ccccc24,Cc1ccc(C(=O)n2c3ccccc3c3ccccc32)cc1,1
MTOR,1,91,CC1CN(CCCn2c3ccccc3c4ccccc24)CC(C)N1,CC1CN(CCCn2c3ccccc3c3ccccc32)CC(C)N1,1
MTOR,1,92,C[C@H](O[C@H]1OCCN(Cc2n[nH]c(=O)[nH]2)[C@H]1c1ccc(F)cc1)c1cc(cc(c1)C(F)(F)F)C(F)(F)F,C[C@H](O[C@H]1OCCN(Cc2n[nH]c(=O)[nH]2)[C@H]1c1ccc(F)cc1)c1cc(C(F)(F)F)cc(C(F)(F)F)c1,1
MTOR,1,93,COCCOc1cc2ncnc(Nc3cccc(c3)C#C)c2cc1OCCOC,C#Cc1cccc(Nc2ncnc3cc(OCCOC)c(OCCOC)cc23)c1,1
MTOR,1,94,Clc1cc(Cl)c(OCC(=O)NN=Cc2ccc[nH]2)c(Cl)c1,O=C(COc1c(Cl)cc(Cl)cc1Cl)NN=Cc1ccc[nH]1,1
MTOR,1,95,CC(C)c1cc(-c2n[nH]c(=O)n2-c2ccc3n(C)ccc3c2)c(O)cc1O,CC(C)c1cc(-c2n[nH]c(=O)n2-c2ccc3c(ccn3C)c2)c(O)cc1O,1
MTOR,1,96,O=C(NC1CCN(CCc2c[nH]c3ccccc23)CC1)c1ccccc1,O=C(NC1CCN(CCc2c[nH]c3ccccc23)CC1)c1ccccc1,1
MTOR,1,97,N[C@H]1[C@@H](CC[C@@H](OC(=O)N2CCC(CC2)n2c3cccnc3[nH]c2=O)c2ncccc12)c1cccc(F)c1F,N[C@@H]1c2cccnc2[C@H](OC(=O)N2CCC(n3c(=O)[nH]c4ncccc43)CC2)CC[C@H]1c1cccc(F)c1F,1
MTOR,1,98,CN1CCN(CC1)c1ccc(OC(F)(F)F)c(Nc2ncc3CCc4c(nn(CCO)c4-c3n2)C(N)=O)c1,CN1CCN(c2ccc(OC(F)(F)F)c(Nc3ncc4c(n3)-c3c(c(C(N)=O)nn3CCO)CC4)c2)CC1,1
MTOR,1,99,COc1cc2ncnc(Nc3ccc(F)c(Cl)c3)c2cc1NC(=O)C=CCN1CCCCC1,COc1cc2ncnc(Nc3ccc(F)c(Cl)c3)c2cc1NC(=O)C=CCN1CCCCC1,1
PIK3CA,8,0,COc1ccccc1Nc2nc(nc(n2)N3CCOCC3)N4CCOCC4,COc1ccccc1Nc1nc(N2CCOCC2)nc(N2CCOCC2)n1,1
PIK3CA,8,1,CN(C)CCCO[C@H]1[C@H](O[C@@H]2OC(C)(C)O[C@H]12)[C@H](O)CO,CN(C)CCCO[C@@H]1[C@H]2OC(C)(C)O[C@H]2O[C@@H]1[C@H](O)CO,1
PIK3CA,8,2,Cc1ccc(cc1)S(=O)(=O)Nc1nc2ccccc2nc1Nc1ccc2nsnc2c1,Cc1ccc(S(=O)(=O)Nc2nc3ccccc3nc2Nc2ccc3nsnc3c2)cc1,1
PIK3CA,8,3,COc1cc2nccc(Oc3ccc(NC(=O)C4(CC4)C(=O)Nc4ccc(F)cc4)cc3)c2cc1OC,COc1cc2nccc(Oc3ccc(NC(=O)C4(C(=O)Nc5ccc(F)cc5)CC4)cc3)c2cc1OC,1
PIK3CA,8,4,Clc1cccc(c1)N1CCNCC1,Clc1cccc(N2CCNCC2)c1,1
PIK3CA,8,5,O=C(O(OC(=O)c1ccccn1)OC(=O)c1ccccn1)c1ccccn1,,0
PIK3CA,8,6,OCCNCCCOc1cccc(Cl)c1Cl,OCCNCCCOc1cccc(Cl)c1Cl,1
PIK3CA,8,7,CN1CCN(CC1)c1ccc(OC(F)(F)F)c(Nc2ncc3CCc4c(nn(CCO)c4-c3n2)C(N)=O)c1,CN1CCN(c2ccc(OC(F)(F)F)c(Nc3ncc4c(n3)-c3c(c(C(N)=O)nn3CCO)CC4)c2)CC1,1
PIK3CA,8,8,COc1ccc(NC(=O)Nc2ccc3O[C@@H](C)CCCCO[C@H](CN(C)CC4CC4)[C@@H](C)CN([C@@H](C)CO)C(=O)c3c2)cc1,COc1ccc(NC(=O)Nc2ccc3c(c2)C(=O)N([C@@H](C)CO)C[C@H](C)[C@@H](CN(C)CC2CC2)OCCCC[C@H](C)O3)cc1,1
PIK3CA,8,9,CO[C@H]1[C@@H](C[C@@H]2CN3CCc4c([nH]c5cc(OC)ccc45)[C@H]3C[C@@H]2[C@@H]1C(=O)OC)OC(=O)c1cc(OC)c(OC)c(OC)c1,COC(=O)[C@H]1[C@H]2C[C@@H]3c4[nH]c5cc(OC)ccc5c4CCN3C[C@H]2C[C@@H](OC(=O)c2cc(OC)c(OC)c(OC)c2)[C@@H]1OC,1
PIK3CA,8,10,C[C@@H](CO)N1C[C@@H](C)[C@H](CN(C)CC2CCCCC2)OCCCC[C@H](C)Oc3ccc(NC(=O)c4ccncc4)cc3C1=O,C[C@@H]1CN([C@@H](C)CO)C(=O)c2cc(NC(=O)c3ccncc3)ccc2O[C@@H](C)CCCCO[C@H]1CN(C)CC1CCCCC1,1
PIK3CA,8,11,COc1cc2c(ncnc2cc1OCCCN1CCCCC1)N1CCN(CC1)C(=O)Nc1ccc(OC(C)C)cc1,COc1cc2c(N3CCN(C(=O)Nc4ccc(OC(C)C)cc4)CC3)ncnc2cc1OCCCN1CCCCC1,1
PIK3CA,8,12,CNc1cc(OC)c(cc1Cl)C(=O)N[C@@H]1CCN(Cc2ccccc2)[C@@H]1C.CNc1cc(OC)c(cc1Cl)C(=O)N[C@H]1CCN(Cc2ccccc2)[C@H]1C,CNc1cc(OC)c(C(=O)N[C@@H]2CCN(Cc3ccccc3)[C@@H]2C)cc1Cl.CNc1cc(OC)c(C(=O)N[C@H]2CCN(Cc3ccccc3)[C@H]2C)cc1Cl,1
PIK3CA,8,13,CN1CCc2cccc-3c2[C@@H]1Cc1ccc(O)c(O)c-31.CN1CCc2cccc-3c2[C@H]1Cc1ccc(O)c(O)c-31,CN1CCc2cccc3c2[C@@H]1Cc1ccc(O)c(O)c1-3.CN1CCc2cccc3c2[C@H]1Cc1ccc(O)c(O)c1-3,1
PIK3CA,8,14,C[C@@H](CO)N1C[C@@H](C)[C@H](CN(C)C(=O)Nc2ccccc2)OCc2ccccc2-c2c(C1=O)n(C)c1ccccc21,C[C@@H]1CN([C@@H](C)CO)C(=O)c2c(c3ccccc3n2C)-c2ccccc2CO[C@H]1CN(C)C(=O)Nc1ccccc1,1
PIK3CA,8,15,Clc1ccccc1NC(=O)COC(=O)CNC(=O)c2ccccc2Cl,O=C(COC(=O)CNC(=O)c1ccccc1Cl)Nc1ccccc1Cl,1
PIK3CA,8,16,CCOC(=O)C(C)(C)Oc1ccc(Cl)cc1,CCOC(=O)C(C)(C)Oc1ccc(Cl)cc1,1
PIK3CA,8,17,OC[C@H]1OC(C[C@@H]1O)n1cc(c(=O)[nH]c1=O)C(F)(F)F,O=c1[nH]c(=O)n(C2C[C@H](O)[C@@H](CO)O2)cc1C(F)(F)F,1
PIK3CA,8,18,CCc1csc(n1)N1[C@H](CO)[C@H]([C@H]1C#N)c1ccc(cc1)C=CC,CC=Cc1ccc([C@H]2[C@@H](C#N)N(c3nc(CC)cs3)[C@@H]2CO)cc1,1
PIK3CA,8,19,N[C@H]1[C@@H](CC[C@@H](OC(=O)N2CCC(CC2)n2c3cccnc3[nH]c2=O)c2ncccc12)c1cccc(F)c1F,N[C@@H]1c2cccnc2[C@H](OC(=O)N2CCC(n3c(=O)[nH]c4ncccc43)CC2)CC[C@H]1c1cccc(F)c1F,1
PIK3CA,8,20,CN1CCOC(c2ccccc2)c2ccccc2C1,CN1CCOC(c2ccccc2)c2ccccc2C1,1
PIK3CA,8,21,O[C@H]1COC[C@@H]2O[C@@H](CC(=O)NCC3CCCCC3)CC[C@H]2N(CCC(F)(F)F)C1,O=C(C[C@H]1CC[C@@H]2[C@H](COC[C@H](O)CN2CCC(F)(F)F)O1)NCC1CCCCC1,1
PIK3CA,8,22,Clc1ccccc1CN1CCc2sccc2C1,Clc1ccccc1CN1CCc2sccc2C1,1
PIK3CA,8,23,CC(C)Nc1cc(-c2c[nH]c(c2)C(=O)N[C@H](CO)c2cccc(Cl)c2)c(Cl)cn1,CC(C)Nc1cc(-c2c[nH]c(C(=O)N[C@H](CO)c3cccc(Cl)c3)c2)c(Cl)cn1,1
PIK3CA,8,24,CC(C)[C@@H]1N(C)C(=O)[C@@H](Cc2ccccc2)NC(=O)[C@H](CC(O)=O)NC(=O)CNC(=O)[C@H](CCCNC(N)=N)NC1=O,CC(C)[C@H]1C(=O)N[C@@H](CCCNC(=N)N)C(=O)NCC(=O)N[C@@H](CC(=O)O)C(=O)N[C@H](Cc2ccccc2)C(=O)N1C,1
PIK3CA,8,25,CN(C)N=Nc1ccc(cc1)C(O)=O,CN(C)N=Nc1ccc(C(=O)O)cc1,1
PIK3CA,8,26,COCCCOc1cc(C[C@@H](C[C@H](N)[C@@H](O)C[C@@H](C(C)C)C(=O)NCC(C)(C)C(N)=O)C(C)C)ccc1OC,COCCCOc1cc(C[C@@H](C[C@H](N)[C@@H](O)C[C@H](C(=O)NCC(C)(C)C(N)=O)C(C)C)C(C)C)ccc1OC,1
PIK3CA,8,27,CCCCCn1c(SCCc2ccccc2)nc3n(C)c(=O)[nH]c(=O)c13,CCCCCn1c(SCCc2ccccc2)nc2c1c(=O)[nH]c(=O)n2C,1
PIK3CA,8,28,NC(=N)NC(=O)c1cnccn1,N=C(N)NC(=O)c1cnccn1,1
PIK3CA,8,29,O=c1[nH]c2ccccc2n1C3CCN(Cc4ccc(cc4)c5nc6cc7[nH]cnc7cc6nc5c8ccccc8)CC3,O=c1[nH]c2ccccc2n1C1CCN(Cc2ccc(-c3nc4cc5[nH]cnc5cc4nc3-c3ccccc3)cc2)CC1,1
PIK3CA,8,30,CC(C)(C)c1cc(c(NC(=O)c2c[nH]c3ccccc3c2=O)cc1O)C(C)(C)C,CC(C)(C)c1cc(C(C)(C)C)c(NC(=O)c2c[nH]c3ccccc3c2=O)cc1O,1
PIK3CA,8,31,CC(C)(N)C(=O)N[C@H](COCc1ccccc1)C(=O)N1CCC2(CN(c3ccccc23)S(C)(=O)=O)CC1,CC(C)(N)C(=O)N[C@H](COCc1ccccc1)C(=O)N1CCC2(CC1)CN(S(C)(=O)=O)c1ccccc12,1
PIK3CA,8,32,C[C@]12CC[C@H]3[C@@H](CCC4=CC(=O)CC[C@]34C)[C@@H]1CC[C@@H]2C(=O)CO,C[C@]12CC[C@H]3[C@@H](CCC4=CC(=O)CC[C@@]43C)[C@@H]1CC[C@@H]2C(=O)CO,1
PIK3CA,8,33,C[C@H](CO)N1C[C@@H](C)[C@@H](CN(C)C(=O)Nc2ccc(cc2)-c2ccccc2)OCc2ccccc2-c2ccccc2C1=O,C[C@@H]1CN([C@H](C)CO)C(=O)c2ccccc2-c2ccccc2CO[C@@H]1CN(C)C(=O)Nc1ccc(-c2ccccc2)cc1,1
PIK3CA,8,34,CN(Cc1ccccc1)C(=O)[C@H](Cc1ccc2ccccc2c1)NC(=O)[C@@H]1CCCN1C(=O)Nc1ccccc1[N+]([O-])=O,CN(Cc1ccccc1)C(=O)[C@H](Cc1ccc2ccccc2c1)NC(=O)[C@@H]1CCCN1C(=O)Nc1ccccc1[N+](=O)[O-],1
PIK3CA,8,35,C(C1CCN(CC1)c2ncnc3sccc23)c4ccccc4,c1ccc(CC2CCN(c3ncnc4sccc34)CC2)cc1,1
PIK3CA,8,36,CC(C)(OCc1nn(Cc2ccccc2)c2ccccc12)C(O)=O,CC(C)(OCc1nn(Cc2ccccc2)c2ccccc12)C(=O)O,1
PIK3CA,8,37,CC(C)CC1N2C(=O)[C@](NC(=O)C3CN(C)[C@@H]4Cc5c(Br)[nH]c6cccc(C4=C3)c56)(OC2(O)[C@@H]2CCCN2C1=O)C(C)C,CC(C)CC1C(=O)N2CCC[C@H]2C2(O)O[C@](NC(=O)C3C=C4c5cccc6[nH]c(Br)c(c56)C[C@H]4N(C)C3)(C(C)C)C(=O)N12,1
PIK3CA,8,38,CN(C)C(=O)c1cccc(c1)-c1ccc(cc1)[C@H]1[C@@H](CO)N2[C@H]1CN(CC2=O)C(=O)CC1CC1,CN(C)C(=O)c1cccc(-c2ccc([C@H]3[C@@H](CO)N4C(=O)CN(C(=O)CC5CC5)C[C@@H]34)cc2)c1,1
PIK3CA,8,39,Cc1cc(cc2nnc(Nc3ccc(OCCN4CCCC4)cc3)nc12)-c1cc(OC(=O)c2ccccc2)ccc1Cl,Cc1cc(-c2cc(OC(=O)c3ccccc3)ccc2Cl)cc2nnc(Nc3ccc(OCCN4CCCC4)cc3)nc12,1
PIK3CA,8,40,CC(C)NC(=O)N1[C@@H](CO)[C@@H]([C@H]1C#N)c1ccc(cc1)C#CC1CCCCC1,CC(C)NC(=O)N1[C@H](C#N)[C@@H](c2ccc(C#CC3CCCCC3)cc2)[C@@H]1CO,1
PIK3CA,8,41,CO[C@H]1C[C@H](C)CC2=C(NCC=C)C(=O)C=C(NC(=O)C(C)=CC=C/[C@H](OC)[C@@H](OC(N)=O)C(C)=C[C@H](C)[C@H]1O)C2=O,C=CCNC1=C2C[C@@H](C)C[C@H](OC)[C@H](O)[C@@H](C)C=C(C)[C@H](OC(N)=O)[C@@H](OC)C=CC=C(C)C(=O)NC(=CC1=O)C2=O,1
PIK3CA,8,42,CN1CCN(CC1)C(=O)[C@@H]1[C@@H](CO)[C@@H]2Cn3c(ccc(-c4cccc(F)c4)c3=O)[C@@H]2N1C(C)C,CC(C)N1[C@H](C(=O)N2CCN(C)CC2)[C@@H](CO)[C@@H]2Cn3c(ccc(-c4cccc(F)c4)c3=O)[C@@H]21,1
PIK3CA,8,43,Cn1cnc2nc(NCCO)nc(NCc3ccccc3)c12,Cn1cnc2nc(NCCO)nc(NCc3ccccc3)c21,1
PIK3CA,8,44,COCC#Cc1ccc2c(O[C@@H](CN(C)Cc3ccc4OCOc4c3)[C@H](C)CN([C@@H](C)CO)S2(=O)=O)c1,COCC#Cc1ccc2c(c1)O[C@@H](CN(C)Cc1ccc3c(c1)OCO3)[C@H](C)CN([C@@H](C)CO)S2(=O)=O,1
PIK3CA,8,45,OC(C1CCN(CCc2ccccc2)CC1)c1ccccc1,OC(c1ccccc1)C1CCN(CCc2ccccc2)CC1,1
PIK3CA,8,46,CCN1C[C@@]2(C=C)C3CC4OC[C@@H]3[C@@H]1[C@H]2[C@@]45CC[C@](C)([C@@H]6O[C@]64O[C@H](CO)[C@@H](O)[C@H](O)[C@H]7C(=O)C[C@@]4(CCC[C@]6(C)[C@H](O)C(C)=O)[C@@H](O,,0
PIK3CA,8,47,CCCCOc1cc(ccc1N)C(=O)OCCN(CC)CC,CCCCOc1cc(C(=O)OCCN(CC)CC)ccc1N,1
PIK3CA,8,48,CC(C)c1ccc2Sc3cc(F)ccc3CC(N3CCN(CCO)CC3)c2c1,CC(C)c1ccc2c(c1)C(N1CCN(CCO)CC1)Cc1ccc(F)cc1S2,1
PIK3CA,8,49,CN1CC(=O)N=C1NC(=O)Nc1cccc(Cl)c1,CN1CC(=O)N=C1NC(=O)Nc1cccc(Cl)c1,1
PIK3CA,8,50,Nc1nc(=O)c2nc(CNc3ccc(cc3)C(=O)N[C@@H](CCC(O)=O)C(O)=O)cnc2[nH]1,Nc1nc(=O)c2nc(CNc3ccc(C(=O)N[C@@H](CCC(=O)O)C(=O)O)cc3)cnc2[nH]1,1
PIK3CA,8,51,COc1ccc2c3c([C@@H](CO)NC[C@]33CCN(CC3)S(=O)(=O)c3cccc(C)c3)n(C)c2c1,COc1ccc2c3c(n(C)c2c1)[C@@H](CO)NCC31CCN(S(=O)(=O)c2cccc(C)c2)CC1,1
PIK3CA,8,52,CCN(CC)C(=O)Nc1ccc(OCC(O)CNC(C)(C)C)c(c1)C(C)=O,CCN(CC)C(=O)Nc1ccc(OCC(O)CNC(C)(C)C)c(C(C)=O)c1,1
PIK3CA,8,53,NC1(CCN(CC1)c1ncnc2[nH]ccc12)C(=O)N[C@@H](CCO)c1ccc(Cl)cc1,NC1(C(=O)N[C@@H](CCO)c2ccc(Cl)cc2)CCN(c2ncnc3[nH]ccc23)CC1,1
PIK3CA,8,54,Oc1c(Br)cc(C=C2C(=O)Nc3ccc(I)cc23)cc1Br,O=C1Nc2ccc(I)cc2C1=Cc1cc(Br)c(O)c(Br)c1,1
PIK3CA,8,55,CN1c2ccccc2C(NCCCCCCC(O)=O)c2ccc(Cl)cc2S1(=O)=O,CN1c2ccccc2C(NCCCCCCC(=O)O)c2ccc(Cl)cc2S1(=O)=O,1
PIK3CA,8,56,CC(N)C12CC3CC(CC(C3)C1)C2,CC(N)C12CC3CC(CC(C3)C1)C2,1
PIK3CA,8,57,Cc1ccc(cc1)C(=C/CN1CCCC1)c1ccccn1,Cc1ccc(C(=CCN2CCCC2)c2ccccn2)cc1,1
PIK3CA,8,58,O[C@H]1COC[C@@H]2O[C@H](CC(=O)NCc3ccc(Cl)c(Cl)c3)CC[C@H]2N(C1)C(=O)c1ccccc1F,O=C(C[C@@H]1CC[C@@H]2[C@H](COC[C@H](O)CN2C(=O)c2ccccc2F)O1)NCc1ccc(Cl)c(Cl)c1,1
PIK3CA,8,59,CN(C)C(=O)C[C@@H]1CC[C@@H]2[C@H](COc3ccc(NC(=O)c4ccc(F)cc4)cc3C(=O)N2C)O1,CN(C)C(=O)C[C@@H]1CC[C@@H]2[C@H](COc3ccc(NC(=O)c4ccc(F)cc4)cc3C(=O)N2C)O1,1
PIK3CA,8,60,C[C@]1(CCCN1c1nc(Nc2cc(n[nH]2)C2CC2)c2cccn2n1)C(=O)Nc1ccc(F)nc1,C[C@@]1(C(=O)Nc2ccc(F)nc2)CCCN1c1nc(Nc2cc(C3CC3)n[nH]2)c2cccn2n1,1
PIK3CA,8,61,O[C@@H]1C[C@](O)(C[C@@H](OC(=O)C=Cc2ccc(O)c(O)c2)[C@@H]1O)C(O)=O,O=C(C=Cc1ccc(O)c(O)c1)O[C@@H]1C[C@](O)(C(=O)O)C[C@@H](O)[C@H]1O,1
PIK3CA,8,62,NCC(=O)CCC(O)=O,NCC(=O)CCC(=O)O,1
PIK3CA,8,63,CC(=O)N[C@H](CS)C(O)=O,CC(=O)N[C@H](CS)C(=O)O,1
PIK3CA,8,64,CC1COc2c(N3CCN(C)CC3)c(F)cc3c2n1cc(C(O)=O)c3=O,CC1COc2c(N3CCN(C)CC3)c(F)cc3c(=O)c(C(=O)O)cn1c23,1
PIK3CA,8,65,Oc1ccc(cc1)C=Cc1cc(O)cc(O)c1,Oc1ccc(C=Cc2cc(O)cc(O)c2)cc1,1
PIK3CA,8,66,O=C(O[C@H]1CN2CCC1CC2)C1NCc2ccccc2[C@@H]1c1ccccc1,O=C(O[C@H]1CN2CCC1CC2)C1NCc2ccccc2[C@@H]1c1ccccc1,1
PIK3CA,8,67,OC[C@H]1O[C@H](CC(=O)NCc2ccc(Oc3ccccc3)cc2)C=C[C@H]1NC(=O)c1ccccc1,O=C(C[C@@H]1C=C[C@@H](NC(=O)c2ccccc2)[C@@H](CO)O1)NCc1ccc(Oc2ccccc2)cc1,1
PIK3CA,8,68,CN(C)CCc1c[nH]c2ccc(C[C@H]3COC(=O)N3)cc12,CN(C)CCc1c[nH]c2ccc(C[C@H]3COC(=O)N3)cc12,1
PIK3CA,8,69,CCNC(=O)N1CCN(CCCC(c2ccc(F)cc2)c2ccc(F)cc2)CC1,CCNC(=O)N1CCN(CCCC(c2ccc(F)cc2)c2ccc(F)cc2)CC1,1
PIK3CA,8,70,CCCC(CCC)C(=O)Nc1ccn([C@H]2CC[C@H](O)[C@H](CCCOC(=O)N2CC)N(CCC(C)C)C(=O)C(O)=O)c1,CCCC(CCC)C(=O)Nc1ccn([C@H]2CC[C@H](O)[C@@H](N(CCC(C)C)C(=O)C(=O)O)CCCOC(=O)N2CC)c1,1
PIK3CA,8,71,OCCN1CCN(CCCN2c3ccccc3Sc3ccc(cc23)C(F)(F)F)CC1,OCCN1CCN(CCCN2c3ccccc3Sc3ccc(C(F)(F)F)cc32)CC1,1
PIK3CA,8,72,C[C@H](CO)N1C[C@@H](C)[C@@H](CN(C)Cc2ccccc2)OCCCC[C@H](C)Oc2ccc(cc2C1=O)N(C)C,C[C@@H]1CN([C@H](C)CO)C(=O)c2cc(N(C)C)ccc2O[C@@H](C)CCCCO[C@@H]1CN(C)Cc1ccccc1,1
PIK3CA,8,73,C[C@@H]1CN(Cc2ncccn2)C[C@H]1c1nc2n(ncc2c(=O)[nH]1)C1CCOCC1,C[C@@H]1CN(Cc2ncccn2)C[C@H]1c1nc2c(cnn2C2CCOCC2)c(=O)[nH]1,1
PIK3CA,8,74,Oc1c(I)cc(Cl)c2cccnc12,Oc1c(I)cc(Cl)c2cccnc12,1
PIK3CA,8,75,CNC[C@H]1Oc2cc(ccc2S(=O)(=O)N(C[C@@H]1C)[C@@H](C)CO)-c1ccccc1F,CNC[C@H]1Oc2cc(-c3ccccc3F)ccc2S(=O)(=O)N([C@@H](C)CO)C[C@@H]1C,1
PIK3CA,8,76,Cc1c(Cl)cccc1Nc1ccccc1C(O)=O,Cc1c(Cl)cccc1Nc1ccccc1C(=O)O,1
PIK3CA,8,77,Nc1nc(Nc2ccc3CC[C@@H](CCc3c2)N2CCCC2)nn1-c1cc2CCCc3ccccc3-c2nn1,Nc1nc(Nc2ccc3c(c2)CC[C@@H](N2CCCC2)CC3)nn1-c1cc2c(nn1)-c1ccccc1CCC2,1
PIK3CA,8,78,CC1CN(CC(C)O1)c2nc3ccccc3nc2SCC(=O)Nc4ccccc4,CC1CN(c2nc3ccccc3nc2SCC(=O)Nc2ccccc2)CC(C)O1,1
PIK3CA,8,79,COC(=O)N[C@@H](C(C)C)C(=O)N1CC2(CC2)C[C@H]1c1ncc([nH]1)-c1ccc2-c3ccc(cc3C(F)(F)c2c1)-c1ccc2nc([nH]c2c1)[C@@H]1[C@H]2CC[C@H](C2,,0
PIK3CA,8,80,CN1C(=O)COc2c1cc(Cl)cc2C(=O)Nc1ccc(cc1)-c1ccccc1,CN1C(=O)COc2c(C(=O)Nc3ccc(-c4ccccc4)cc3)cc(Cl)cc21,1
PIK3CA,8,81,CCC1(CC)C(=O)NC(=O)N(C)C1=O,CCC1(CC)C(=O)NC(=O)N(C)C1=O,1
PIK3CA,8,82,NS(=O)(=O)c1cccc2c3nc(O)c(O)nc3cc([N+](=O)[O-])c12,NS(=O)(=O)c1cccc2c1c([N+](=O)[O-])cc1nc(O)c(O)nc12,1
PIK3CA,8,83,CC(C)(C)CC(C)(C)c1ccc(O)c(Cc2ccc(Cl)cc2Cl)c1,CC(C)(C)CC(C)(C)c1ccc(O)c(Cc2ccc(Cl)cc2Cl)c1,1
PIK3CA,8,84,CCCCCC(=O)O[C@@]1(CCC2C3CCC4=CC(=O)CC[C@]4(C)C3CC[C@]12C)C(C)=O,CCCCCC(=O)O[C@]1(C(C)=O)CCC2C3CCC4=CC(=O)CC[C@]4(C)C3CC[C@@]21C,1
PIK3CA,8,85,Cc1c(Cl)cccc1Nc1ccccc1C(O)=O,Cc1c(Cl)cccc1Nc1ccccc1C(=O)O,1
PIK3CA,8,86,COc1cc2CCN3Cc4c(C[C@H]3c2cc1OC)ccc(OC)c4OC,COc1cc2c(cc1OC)[C@@H]1Cc3ccc(OC)c(OC)c3CN1CC2,1
PIK3CA,8,87,O[C@H]1COC[C@@H]2O[C@H](CC(=O)Nc3ccc(cc3)-c3ccccc3)CC[C@H]2N(C1)C(=O)c1ccccc1,O=C(C[C@@H]1CC[C@@H]2[C@H](COC[C@H](O)CN2C(=O)c2ccccc2)O1)Nc1ccc(-c2ccccc2)cc1,1
PIK3CA,8,88,OCC(O)C(O)C(O)C(=O)CO,O=C(CO)C(O)C(O)C(O)CO,1
PIK3CA,8,89,CO[C@@H]1[C@@H](OC(N)=O)[C@@H](O)[C@H](Oc2ccc3c(O)c(NC(=O)c4ccc(O)c(CC=C(C)C)c4)c(=O)oc3c2C)OC1(C)C,CO[C@@H]1[C@@H](OC(N)=O)[C@@H](O)[C@H](Oc2ccc3c(O)c(NC(=O)c4ccc(O)c(CC=C(C)C)c4)c(=O)oc3c2C)OC1(C)C,1
PIK3CA,8,90,CC1CC(CC(C)(C)C1)OC(=O)c1ccccc1O,CC1CC(OC(=O)c2ccccc2O)CC(C)(C)C1,1
PIK3CA,8,91,Cn1cc(cn1)-c1ccc2nnc(Sc3ccc4ncccc4c3)n2n1,Cn1cc(-c2ccc3nnc(Sc4ccc5ncccc5c4)n3n2)cn1,1
PIK3CA,8,92,COc1cc2c(Oc3ccc4[nH]c(C)cc4c3F)ncnc2cc1OCCCN1CCCC1,COc1cc2c(Oc3ccc4[nH]c(C)cc4c3F)ncnc2cc1OCCCN1CCCC1,1
PIK3CA,8,93,CO[C@H]1C=CO[C@@]2(C)Oc3c(C2=O)c2c(c(O)c3C)c(O)c(NC(=O)C(C)=CC=C[C@H](C)[C@H](O)[C@@H](C)[C@@H](O)[C@@H](C)[C@H](OC(C)=O)[C@@H]1C)c1=NC3(C,,0
PIK3CA,8,94,C[C@H]1O[C@]2(CS1)CN1CCC2CC1[N@@+]#N,C[C@H]1O[C@]2(CS1)CN1CCC2CC1[N+]#N,1
PIK3CA,8,95,CC(C)c1cc(OC(C)=O)c(C)cc1OCCN(C)C,CC(=O)Oc1cc(C(C)C)c(OCCN(C)C)cc1C,1
PIK3CA,8,96,CN(C)c1ccc(cc1)[C@@H]1CC[C@@]2(C)[C@@H](CC[C@@]2(OC(C)=O)C(C)=O)[C@H]1C(O)=O,CC(=O)O[C@@]1(C(C)=O)CC[C@H]2[C@@H](C(=O)O)[C@H](c3ccc(N(C)C)cc3)CC[C@@]21C,1
PIK3CA,8,97,COc1ccc(cc1OC)C(=O)C2CCCN(CCc3ccccc3)C2,COc1ccc(C(=O)C2CCCN(CCc3ccccc3)C2)cc1OC,1
PIK3CA,8,98,COc1cc2CCN(CCc3ccc(NC(=O)c4cccc5c4[nH]c4c(OC)cccc4c5=O)cc3)Cc2cc1OC,COc1cc2c(cc1OC)CN(CCc1ccc(NC(=O)c3cccc4c(=O)c5cccc(OC)c5[nH]c34)cc1)CC2,1
PIK3CA,8,99,COC(=O)N1CCN(Cc2cccc(NC(=O)Nc3ccc(C)nc3)c2F)CC1,COC(=O)N1CCN(Cc2cccc(NC(=O)Nc3ccc(C)nc3)c2F)CC1,1
SMAD3,4,0,OC[C@@H]1[C@@H]([C@H](C#N)N1C(=O)Nc1ccc(F)cc1)c1ccc(cc1)-c1cccnc1,N#C[C@H]1[C@@H](c2ccc(-c3cccnc3)cc2)[C@@H](CO)N1C(=O)Nc1ccc(F)cc1,1
SMAD3,4,1,CO[C@H]1CC[C@H]2CCN(C)C(=O)[C@@H](C)[C@@H](CN(C)C(=O)c3cccc(C#N)c3OC[C@H]1O2)OC,CO[C@H]1CC[C@H]2CCN(C)C(=O)[C@@H](C)[C@H](OC)CN(C)C(=O)c3cccc(C#N)c3OC[C@H]1O2,1
SMAD3,4,2,Cc1cc(C)n(n1)c2nc(NCCCO)c3c4CCCCc4sc3n2,Cc1cc(C)n(-c2nc(NCCCO)c3c4c(sc3n2)CCCC4)n1,1
SMAD3,4,3,Nc1ncnc2n(cnc12)[C@H]1CC[C@@H](CO)O1,Nc1ncnc2c1ncn2[C@H]1CC[C@@H](CO)O1,1
SMAD3,4,4,CC(C)NC(=O)N(C)C[C@H]1OCCCC[C@@H](C)Oc2ccc(NC(=O)C3CCCCC3)cc2C(=O)N(C[C@@H]1C)[C@H](C)CO,CC(C)NC(=O)N(C)C[C@H]1OCCCC[C@@H](C)Oc2ccc(NC(=O)C3CCCCC3)cc2C(=O)N([C@H](C)CO)C[C@@H]1C,1
SMAD3,4,5,CC(C)(C)C(=O)OCOC(=O)[C@@H]1N2[C@H](SC1(C)C)[C@H](N=CN1CCCCCC1)C2=O,CC(C)(C)C(=O)OCOC(=O)[C@@H]1N2C(=O)[C@@H](N=CN3CCCCCC3)[C@H]2SC1(C)C,1
SMAD3,4,6,CCCN1C[C@@H](C)[C@@H](CN(C)C(=O)c2cc(NC(=O)c3cnccn3)ccc2OC[C@@H]1C)OC,CCCN1C[C@@H](C)[C@H](OC)CN(C)C(=O)c2cc(NC(=O)c3cnccn3)ccc2OC[C@@H]1C,1
SMAD3,4,7,C[C@@H](CO)N1C[C@H](C)[C@@H](CN(C)CC2CCCCC2)OCCCC[C@H](C)Oc3ccc(NC(=O)c4ccncc4)cc3C1=O,C[C@H]1CCCCO[C@H](CN(C)CC2CCCCC2)[C@@H](C)CN([C@@H](C)CO)C(=O)c2cc(NC(=O)c3ccncc3)ccc2O1,1
SMAD3,4,8,OC[C@@H]1O[C@@H](CC(=O)N2CCOCC2)CC[C@@H]1NC(=O)c1ccccn1,O=C(N[C@H]1CC[C@H](CC(=O)N2CCOCC2)O[C@H]1CO)c1ccccn1,1
SMAD3,4,9,CCNC(=O)c1cc2CN([C@@H](CCO)c2c(n1)-c1cccc(c1)-c1cccc(F)c1)[S@@](=O)C(C)(C)C,CCNC(=O)c1cc2c(c(-c3cccc(-c4cccc(F)c4)c3)n1)[C@H](CCO)N([S@@](=O)C(C)(C)C)C2,1
SMAD3,4,10,CCCCN(CCCC)C(=O)CN1C[C@@H]([C@H]([C@@H]1c1ccc(OC)cc1)C(O)=O)c1ccc2OCOc2c1,CCCCN(CCCC)C(=O)CN1C[C@H](c2ccc3c(c2)OCO3)[C@@H](C(=O)O)[C@@H]1c1ccc(OC)cc1,1
SMAD3,4,11,CNC(C)C(O)c1ccccc1,CNC(C)C(O)c1ccccc1,1
SMAD3,4,12,O=C(OCC#CCSc1nnc(o1)c2cccc3ccccc23)c4cc5ccccc5o4,O=C(OCC#CCSc1nnc(-c2cccc3ccccc23)o1)c1cc2ccccc2o1,1
SMAD3,4,13,OC[C@@H]1O[C@@H](CC(=O)NCc2ccc(Cl)cc2)CC[C@H]1NC(=O)CC1CC1,O=C(C[C@H]1CC[C@@H](NC(=O)CC2CC2)[C@H](CO)O1)NCc1ccc(Cl)cc1,1
SMAD3,4,14,COc1cccc(CNC(=O)c2cc3CN([C@@H](CCO)c3c(n2)-c2cccc(c2)-c2ccncc2)[S@](=O)C(C)(C)C)c1,COc1cccc(CNC(=O)c2cc3c(c(-c4cccc(-c5ccncc5)c4)n2)[C@H](CCO)N([S@](=O)C(C)(C)C)C3)c1,1
SMAD3,4,15,COc1ccc(Nc2ccn(n2)-c2ccccc2)cc1,COc1ccc(Nc2ccn(-c3ccccc3)n2)cc1,1
SMAD3,4,16,CCCNC(=O)N1[C@@H](OC(C)=O)[C@H](CCCCC(C)(C)C)CC[C@H]1CO,CCCNC(=O)N1[C@H](CO)CC[C@@H](CCCCC(C)(C)C)[C@@H]1OC(C)=O,1
SMAD3,4,17,Cc1cc(CS(=O)(=O)c2ccccc2)cc(OCc2ccc(CN3CCC[C@@H]3CO)cc2)c1,Cc1cc(CS(=O)(=O)c2ccccc2)cc(OCc2ccc(CN3CCC[C@@H]3CO)cc2)c1,1
SMAD3,4,18,C[C@@H](NC(=O)C[C@@H]1CC[C@@H](NC(=O)CN2CCOCC2)[C@H](CO)O1)c1ccccc1,C[C@@H](NC(=O)C[C@@H]1CC[C@@H](NC(=O)CN2CCOCC2)[C@H](CO)O1)c1ccccc1,1
SMAD3,4,19,CCCNC(=O)C[C@H]1CC[C@@H]2[C@H](COc3ccc(NC(=O)CCC)cc3C(=O)N2C)O1,CCCNC(=O)C[C@H]1CC[C@@H]2[C@H](COc3ccc(NC(=O)CCC)cc3C(=O)N2C)O1,1
SMAD3,4,20,OC[C@@H]1[C@H]2[C@H](CN(C(=O)C3CCOCC3)c3ccccc23)N1Cc1ccc(Cl)cc1,O=C(C1CCOCC1)N1C[C@H]2[C@@H](c3ccccc31)[C@@H](CO)N2Cc1ccc(Cl)cc1,1
SMAD3,4,21,OC[C@@H]1O[C@@H](CC(=O)NCCc2ccncc2)CC[C@H]1NC(=O)CN1CCOCC1,O=C(C[C@H]1CC[C@@H](NC(=O)CN2CCOCC2)[C@H](CO)O1)NCCc1ccncc1,1
SMAD3,4,22,COCC(=O)N[C@H]1CC[C@@H](CC(=O)N2CCCCC2)O[C@@H]1CO,COCC(=O)N[C@H]1CC[C@@H](CC(=O)N2CCCCC2)O[C@@H]1CO,1
SMAD3,4,23,O[C@H]1COC[C@@H]2O[C@@H](CC(=O)NCCc3ccncc3)CC[C@H]2N(Cc2cccc(c2)C(F)(F)F)C1,O=C(C[C@H]1CC[C@@H]2[C@H](COC[C@H](O)CN2Cc2cccc(C(F)(F)F)c2)O1)NCCc1ccncc1,1
SMAD3,4,24,OC[C@@H]1O[C@H](CCNC(=O)Cc2ccccn2)CC[C@H]1NC(=O)Nc1ccc(Cl)cc1,O=C(Cc1ccccn1)NCC[C@@H]1CC[C@@H](NC(=O)Nc2ccc(Cl)cc2)[C@H](CO)O1,1
SMAD3,4,25,C[C@@H](CO)N1C[C@@H](C)[C@@H](CN(C)C)OCCCC[C@@H](C)Oc2ccc(NS(=O)(=O)c3cn(C)cn3)cc2C1=O,C[C@@H]1CCCCO[C@H](CN(C)C)[C@H](C)CN([C@@H](C)CO)C(=O)c2cc(NS(=O)(=O)c3cn(C)cn3)ccc2O1,1
SMAD3,4,26,CN(C)CCCN1c2ccccc2Sc2ccc(cc12)C(C)=O,CC(=O)c1ccc2c(c1)N(CCCN(C)C)c1ccccc1S2,1
SMAD3,4,27,COc1cccc(c1)N2CCN(CC2)C(c1ccccc1)c1ccccc1,COc1cccc(N2CCN(C(c3ccccc3)c3ccccc3)CC2)c1,1
SMAD3,4,28,CN1CCN(Cc2ccc(cc2)C(=O)Nc2ccc(C)c(Nc3nccc(n3)-c3cccnc3)c2)CC1,Cc1ccc(NC(=O)c2ccc(CN3CCN(C)CC3)cc2)cc1Nc1nccc(-c2cccnc2)n1,1
SMAD3,4,29,CC=Cc1ccc(cc1)[C@H]1[C@@H](CO)N([C@@H]1C#N)S(=O)(=O)c1cccc(F)c1,CC=Cc1ccc([C@@H]2[C@@H](C#N)N(S(=O)(=O)c3cccc(F)c3)[C@@H]2CO)cc1,1
SMAD3,4,30,O[C@@H]1COC[C@H]2O[C@H](CC(=O)NCCc3ccncc3)CC[C@@H]2N(Cc2cccc(c2)C(F)(F)F)C1,O=C(C[C@@H]1CC[C@H]2[C@@H](COC[C@@H](O)CN2Cc2cccc(C(F)(F)F)c2)O1)NCCc1ccncc1,1
SMAD3,4,31,CCN(CC)CC#CCOC(=O)C(O)(C1CCCCC1)c1ccccc1,CCN(CC)CC#CCOC(=O)C(O)(c1ccccc1)C1CCCCC1,1
SMAD3,4,32,COc1ccc2c3c([C@H](CO)N(C)C[C@]33CCN(CC3)C(=O)c3ccccc3F)n(C)c2c1,COc1ccc2c3c(n(C)c2c1)[C@H](CO)N(C)CC31CCN(C(=O)c2ccccc2F)CC1,1
SMAD3,4,33,C[C@H](CO)N1C[C@@H](C)[C@H](CN(C)Cc2ccc(cc2)C(=O)O)Oc3ccc(NC(=O)Cc4ccccc4)cc3C1=O,C[C@@H]1CN([C@H](C)CO)C(=O)c2cc(NC(=O)Cc3ccccc3)ccc2O[C@H]1CN(C)Cc1ccc(C(=O)O)cc1,1
SMAD3,4,34,CC1(C)CCC(C)(C)c2cc(C=Cc3ccc(cc3)C(O)=O)c(Cn3cccn3)cc12,CC1(C)CCC(C)(C)c2cc(Cn3cccn3)c(C=Cc3ccc(C(=O)O)cc3)cc21,1
SMAD3,4,35,CN(CC#CCN1CCCC(CO)C1)C(=O)C,CC(=O)N(C)CC#CCN1CCCC(CO)C1,1
SMAD3,4,36,CCCn1c(=O)[nH]c2nc([nH]c2c1=O)-c1ccc(cc1)S(O)(=O)=O,CCCn1c(=O)[nH]c2nc(-c3ccc(S(=O)(=O)O)cc3)[nH]c2c1=O,1
SMAD3,4,37,CC(C)[C@@H]1CC[C@@H](C)C[C@@H]1P(=O)(c1ccccc1)c1ccccc1,CC(C)[C@@H]1CC[C@@H](C)C[C@@H]1P(=O)(c1ccccc1)c1ccccc1,1
SMAD3,4,38,COc1ccccc1OCCNCC(O)COc1cccc2[nH]c3ccccc3c12,COc1ccccc1OCCNCC(O)COc1cccc2[nH]c3ccccc3c12,1
SMAD3,4,39,CC(C)NC(=O)Nc1ccc2O[C@H](C)CCCCO[C@H](CN(C)C(=O)NC3CCCCC3)[C@@H](C)CN([C@H](C)CO)C(=O)c2c1,CC(C)NC(=O)Nc1ccc2c(c1)C(=O)N([C@H](C)CO)C[C@H](C)[C@@H](CN(C)C(=O)NC1CCCCC1)OCCCC[C@@H](C)O2,1
SMAD3,4,40,Cc1cc2cc3OCCOc3cc2n2c(SCC(=O)Nc3nc(cs3)-c3ccccc3)nnc12,Cc1cc2cc3c(cc2n2c(SCC(=O)Nc4nc(-c5ccccc5)cs4)nnc12)OCCO3,1
SMAD3,4,41,C[C@H](CO)N1C[C@H](C)[C@@H](CN(C)CC2CC2)Oc3ccc(NC(=O)Nc4ccccc4)cc3CC1=O,C[C@H](CO)N1C[C@H](C)[C@@H](CN(C)CC2CC2)Oc2ccc(NC(=O)Nc3ccccc3)cc2CC1=O,1
SMAD3,4,42,CO[C@H]1CC[C@@H]2CCN(C)C(=O)[C@@H](C)[C@@H](CN(C)C(=O)c3cc(ccc3OC[C@@H]1O2)C#N)OC,CO[C@H]1CC[C@@H]2CCN(C)C(=O)[C@@H](C)[C@H](OC)CN(C)C(=O)c3cc(C#N)ccc3OC[C@@H]1O2,1
SMAD3,4,43,COc1ccc2C3=NCCN3C(=Nc2c1OC)NC(=O)c4cccnc4,COc1ccc2c(c1OC)N=C(NC(=O)c1cccnc1)N1CCN=C21,1
SMAD3,4,44,O[C@H]1COC[C@@H]2O[C@@H](CC(=O)NCc3ccc(Cl)c(Cl)c3)CC[C@H]2N(C1)C(=O)c1ccccc1F,O=C(C[C@H]1CC[C@@H]2[C@H](COC[C@H](O)CN2C(=O)c2ccccc2F)O1)NCc1ccc(Cl)c(Cl)c1,1
SMAD3,4,45,COc1ccc(CN(C)C[C@H]2Oc3ccc(NC(=O)Cn4cnnn4)cc3C(=O)N(C[C@@H]2C)[C@H](C)CO)cc1,COc1ccc(CN(C)C[C@H]2Oc3ccc(NC(=O)Cn4cnnn4)cc3C(=O)N([C@H](C)CO)C[C@@H]2C)cc1,1
SMAD3,4,46,CCC(C)(C)N=C(NC#N)Nc1cccnc1,CCC(C)(C)N=C(NC#N)Nc1cccnc1,1
SMAD3,4,47,CN(C)C(=O)c1ccc(cc1)-c1cccc(c1)-c1nc(cc2CN([C@H](CCO)c12)[S@](=O)C(C)(C)C)C(=O)N1CCN(C)CC1,CN1CCN(C(=O)c2cc3c(c(-c4cccc(-c5ccc(C(=O)N(C)C)cc5)c4)n2)[C@@H](CCO)N([S@](=O)C(C)(C)C)C3)CC1,1
SMAD3,4,48,CC(C)OC(=O)[C@H](C)N[P@@](=O)(OC[C@H]1O[C@@H](n2ccc(=O)[nH]c2=O)[C@](C)(F)[C@@H]1O)Oc1ccccc1,CC(C)OC(=O)[C@H](C)N[P@@](=O)(OC[C@H]1O[C@@H](n2ccc(=O)[nH]c2=O)[C@](C)(F)[C@@H]1O)Oc1ccccc1,1
SMAD3,4,49,COc1ccc(cc1)c2cnc3O[C@H](CN(C)C(=O)C4CCCCC4)[C@@H](C)CN([C@@H](C)CO)C(=O)c3c2,COc1ccc(-c2cnc3c(c2)C(=O)N([C@@H](C)CO)C[C@H](C)[C@@H](CN(C)C(=O)C2CCCCC2)O3)cc1,1
SMAD3,4,50,CNC(=O)C[C@@H]1CC[C@H]2[C@@H](COC[C@H](O)CN2Cc2ccc(Cl)c(Cl)c2)O1,CNC(=O)C[C@@H]1CC[C@H]2[C@@H](COC[C@H](O)CN2Cc2ccc(Cl)c(Cl)c2)O1,1
SMAD3,4,51,COc1cccc(CNC(=O)c2cc3CN([C@@H](CCO)c3c(n2)-c2cccc(C=CC)c2)[S@](=O)C(C)(C)C)c1,CC=Cc1cccc(-c2nc(C(=O)NCc3cccc(OC)c3)cc3c2[C@H](CCO)N([S@](=O)C(C)(C)C)C3)c1,1
SMAD3,4,52,COc1ccc(cc1OC1CCCC1)C1CNC(=O)C1,COc1ccc(C2CNC(=O)C2)cc1OC1CCCC1,1
SMAD3,4,53,COc1ccc2[nH]cc(C3=CCNCC3)c2c1,COc1ccc2[nH]cc(C3=CCNCC3)c2c1,1
SMAD3,4,54,CN(C)CCOc1ccc(cc1)C(=C(/CCCl)c1ccccc1)c1ccccc1,CN(C)CCOc1ccc(C(=C(CCCl)c2ccccc2)c2ccccc2)cc1,1
SMAD3,4,55,COC(=O)N(C)C[C@@H]1OCc2ccccc2-c2c(C(=O)N(C[C@H]1C)[C@H](C)CO)n(C)c1ccccc21,COC(=O)N(C)C[C@@H]1OCc2ccccc2-c2c(n(C)c3ccccc23)C(=O)N([C@H](C)CO)C[C@H]1C,1
SMAD3,4,56,CCCN1C[C@H](C)[C@@H](CN(C)C(=O)CCC(F)(F)F)OCc3ccccc3N1C(=O)CCC(O)=O,CCCN1C[C@H](C)[C@@H](CN(C)C(=O)CCC(F)(F)F)OCc2ccccc2N1C(=O)CCC(=O)O,1
SMAD3,4,57,C[C@@H](NC(=O)C[C@@H]1CC[C@@H](NS(=O)(=O)c2cccc(F)c2)[C@@H](CO)O1)c1ccccc1,C[C@@H](NC(=O)C[C@@H]1CC[C@@H](NS(=O)(=O)c2cccc(F)c2)[C@@H](CO)O1)c1ccccc1,1
SMAD3,4,58,C[C@@H](CO)N1C[C@@H](C)[C@@H](CN(C)C(=O)Nc2ccc(F)cc2)OCc3ccccc3-c4ccccc4C1=O,C[C@@H]1CN([C@@H](C)CO)C(=O)c2ccccc2-c2ccccc2CO[C@@H]1CN(C)C(=O)Nc1ccc(F)cc1,1
SMAD3,4,59,O[C@H]1COC[C@@H]2O[C@H](CC(=O)NCCN3CCCCC3)CC[C@H]2N(C1)S(=O)(=O)c1ccccc1,O=C(C[C@@H]1CC[C@@H]2[C@H](COC[C@H](O)CN2S(=O)(=O)c2ccccc2)O1)NCCN1CCCCC1,1
SMAD3,4,60,C[C@@H](CO)N1C[C@@H](C)[C@@H](CN(C)CC2CC2)OCCCC[C@@H](C)Oc3ccc(NC(=O)Nc4cccc5ccccc45)cc3C1=O,C[C@@H]1CCCCO[C@H](CN(C)CC2CC2)[C@H](C)CN([C@@H](C)CO)C(=O)c2cc(NC(=O)Nc3cccc4ccccc34)ccc2O1,1
SMAD3,4,61,C[C@@H](CO)N1C[C@H](C)[C@@H](CN(C)Cc2ccc(cc2)C(=O)O)Oc3c(NC(=O)NC4CCCCC4)cccc3C1=O,C[C@H]1CN([C@@H](C)CO)C(=O)c2cccc(NC(=O)NC3CCCCC3)c2O[C@@H]1CN(C)Cc1ccc(C(=O)O)cc1,1
SMAD3,4,62,CCCN1C(C)=C(C(c2cccc(c2)[N+]([O-])=O)C(C(=O)ON2CCC(CC2)(c2ccccc2)c2ccccc2)=C1C)C(=O)OC,CCCN1C(C)=C(C(=O)OC)C(c2cccc([N+](=O)[O-])c2)C(C(=O)ON2CCC(c3ccccc3)(c3ccccc3)CC2)=C1C,1
SMAD3,4,63,O[C@H]1COC[C@H]2O[C@@H](CC(=O)Nc3ccc(cc3)-c3ccccc3)CC[C@@H]2N(Cc2ccc3OCOc3c2)C1,O=C(C[C@H]1CC[C@H]2[C@@H](COC[C@H](O)CN2Cc2ccc3c(c2)OCO3)O1)Nc1ccc(-c2ccccc2)cc1,1
SMAD3,4,64,C[C@H](CO)N1C[C@H](C)[C@@H](CN(C)C(=O)Nc2ccc(F)cc2)Oc3ccc(NS(=O)(=O)c4ccccc4)cc3C1=O,C[C@H](CO)N1C[C@H](C)[C@@H](CN(C)C(=O)Nc2ccc(F)cc2)Oc2ccc(NS(=O)(=O)c3ccccc3)cc2C1=O,1
SMAD3,4,65,C[C@@H](NC(=O)C[C@@H]1CC[C@H](NS(=O)(=O)c2cccc(F)c2)[C@H](CO)O1)c1ccccc1,C[C@@H](NC(=O)C[C@@H]1CC[C@H](NS(=O)(=O)c2cccc(F)c2)[C@H](CO)O1)c1ccccc1,1
SMAD3,4,66,COc1ccccc1S(=O)(=O)N(C)C[C@H]1Oc2cc(ccc2S(=O)(=O)N(C[C@@H]1C)[C@@H](C)CO)C#CCC1CCCC1,COc1ccccc1S(=O)(=O)N(C)C[C@H]1Oc2cc(C#CCC3CCCC3)ccc2S(=O)(=O)N([C@@H](C)CO)C[C@@H]1C,1
SMAD3,4,67,CNCC[C@H](Oc1cccc2ccccc12)c1cccs1,CNCC[C@H](Oc1cccc2ccccc12)c1cccs1,1
SMAD3,4,68,COCCNC(=O)C[C@@H]1CC[C@H]2[C@@H](COC[C@H](O)CN2C(=O)c2cc(Cl)cc(Cl)c2)O1,COCCNC(=O)C[C@@H]1CC[C@H]2[C@@H](COC[C@H](O)CN2C(=O)c2cc(Cl)cc(Cl)c2)O1,1
SMAD3,4,69,COc1ccc(cc1)S(=O)(=O)N(C)C[C@@H]2Oc3c(NC(=O)Nc4cccc5ccccc45)cccc3C(=O)N(C[C@H]2C)[C@@H](C)CO,COc1ccc(S(=O)(=O)N(C)C[C@@H]2Oc3c(NC(=O)Nc4cccc5ccccc45)cccc3C(=O)N([C@@H](C)CO)C[C@H]2C)cc1,1
SMAD3,4,70,COc1cc2c(NC3CCN(C)CC3)nc(nc2cc1OCCOCCN(C)C)N1CCCN(C)CC1,COc1cc2c(NC3CCN(C)CC3)nc(N3CCCN(C)CC3)nc2cc1OCCOCCN(C)C,1
SMAD3,4,71,CC1(C)[C@H](CC[C@@]2(C)C1CC[C@]1(C)C2C(=O)C=C2[C@@H]3C[C@](C)(CC[C@]3(C)CC[C@@]12C)C(O)=O)OC(=O)CCC(O)=O,CC1(C)C2CC[C@]3(C)C(C(=O)C=C4[C@@H]5C[C@@](C)(C(=O)O)CC[C@]5(C)CC[C@]43C)[C@@]2(C)CC[C@@H]1OC(=O)CCC(=O)O,1
SMAD3,4,72,CC(C)NC(=O)Nc1cccc2C(=O)N(C[C@@H](C)[C@@H](CN(C)C)Oc12)[C@H](C)CO,CC(C)NC(=O)Nc1cccc2c1O[C@H](CN(C)C)[C@H](C)CN([C@H](C)CO)C2=O,1
SMAD3,4,73,OC[C@H]1[C@H]([C@H]2CN(Cc3cccnc3)CCCCN12)c1ccc(C=Cc2ccccc2)cc1,OC[C@H]1[C@@H](c2ccc(C=Cc3ccccc3)cc2)[C@H]2CN(Cc3cccnc3)CCCCN21,1
SMAD3,4,74,CC(C)(C)NC(=O)[C@H]1CCC2C3CCC4NC(=O)C=C[C@]4(C)C3CC[C@]12C,CC(C)(C)NC(=O)[C@H]1CCC2C3CCC4NC(=O)C=C[C@]4(C)C3CC[C@@]21C,1
SMAD3,4,75,NS(=O)(=O)C#Cc1ccccc1,NS(=O)(=O)C#Cc1ccccc1,1
SMAD3,4,76,CC1(C)CCC(C)(C)c2cc(C=Cc3ccc(cc3)C(O)=O)c(Cn3cccn3)cc12,CC1(C)CCC(C)(C)c2cc(Cn3cccn3)c(C=Cc3ccc(C(=O)O)cc3)cc21,1
SMAD3,4,77,CC(=O)O[C@H]1[C@@H](O)[C@H]2C(C)(C)CC[C@H](O)[C@]2(C)[C@@]2(O)C(=O)C[C@@](C)(O[C@]12C)C=C,C=C[C@@]1(C)CC(=O)[C@]2(O)[C@@]3(C)[C@@H](O)CCC(C)(C)[C@@H]3[C@H](O)[C@H](OC(C)=O)[C@@]2(C)O1,1
SMAD3,4,78,COc1ccc(C=CC(=O)NCc2ccc(C)cc2)cc1OC,COc1ccc(C=CC(=O)NCc2ccc(C)cc2)cc1OC,1
SMAD3,4,79,CO[C@H]1CC[C@H]2CCOc3c(cccc3C(=O)N(C)C[C@H](OC)[C@H](C)C(=O)N(C)C[C@@H]1O2)C#N,CO[C@H]1CC[C@H]2CCOc3c(C#N)cccc3C(=O)N(C)C[C@H](OC)[C@H](C)C(=O)N(C)C[C@@H]1O2,1
SMAD3,4,80,COc1ccc2nccc([C@H](O)[C@H]3C[C@@H]4CC[N@]3C[C@@H]4C=C)c2c1,C=C[C@H]1C[N@@]2CC[C@H]1C[C@@H]2[C@@H](O)c1ccnc2ccc(OC)cc12,1
SMAD3,4,81,CCCNC(=O)N1[C@H](CO)[C@H]([C@H]1C#N)c1ccc(cc1)C1=CCCCC1,CCCNC(=O)N1[C@H](C#N)[C@H](c2ccc(C3=CCCCC3)cc2)[C@H]1CO,1
SMAD3,4,82,CO[C@@H]1CC[C@@H]2CCN(C)C(=O)[C@H](C)[C@H](CN(C)C(=O)c3cc(ccc3OC[C@@H]1O2)C#N)OC,CO[C@H]1CN(C)C(=O)c2cc(C#N)ccc2OC[C@@H]2O[C@H](CC[C@H]2OC)CCN(C)C(=O)[C@@H]1C,1
SMAD3,4,83,COc1ccc2n(C(=O)c3ccc(Cl)cc3)c(C)c(CC(=O)O)c2c1,COc1ccc2c(c1)c(CC(=O)O)c(C)n2C(=O)c1ccc(Cl)cc1,1
SMAD3,4,84,CC(C)N(C[C@H]1N[C@H](CO)[C@@H]1c1ccccc1)C(=O)CN1CCOCC1,CC(C)N(C[C@H]1N[C@H](CO)[C@@H]1c1ccccc1)C(=O)CN1CCOCC1,1
SMAD3,4,85,CN1c2ccccc2Sc3cc(N)ccc13,CN1c2ccccc2Sc2cc(N)ccc21,1
SMAD3,4,86,C[C@H](O)C#Cc1ccc(cc1)[C@H]1[C@H](CO)N2CCCCN(C[C@H]12)C(=O)Nc1ccccc1,C[C@H](O)C#Cc1ccc([C@@H]2[C@H]3CN(C(=O)Nc4ccccc4)CCCCN3[C@H]2CO)cc1,1
SMAD3,4,87,Oc1cc2CCCN(Cc2cc1O)C(=S)NCCc1ccc(Cl)cc1,Oc1cc2c(cc1O)CN(C(=S)NCCc1ccc(Cl)cc1)CCC2,1
SMAD3,4,88,CN(C)C(=O)c1ccc(cc1)-c1cccc(c1)-c1nc(cc2CN([C@@H](CCO)c12)[S@@](=O)C(C)(C)C)C(=O)N1CCN(C)CC1,CN1CCN(C(=O)c2cc3c(c(-c4cccc(-c5ccc(C(=O)N(C)C)cc5)c4)n2)[C@H](CCO)N([S@@](=O)C(C)(C)C)C3)CC1,1
SMAD3,4,89,CO[C@H]1CC[C@H]2CCOc3c(cccc3C(=O)N(C)[C@@H](C)C(=O)N(C)C[C@H]1O2)C#N,CO[C@H]1CC[C@H]2CCOc3c(C#N)cccc3C(=O)N(C)[C@@H](C)C(=O)N(C)C[C@H]1O2,1
SMAD3,4,90,COc1cc2nccc(Oc3ccc(NC(=O)Nc4ccc(F)cc4F)c(F)c3)c2cc1OC,COc1cc2nccc(Oc3ccc(NC(=O)Nc4ccc(F)cc4F)c(F)c3)c2cc1OC,1
SMAD3,4,91,COc1ccc(NC(=O)N(C)C[C@@H]2Oc3c(NC(=O)c4cc(C)nn4C)cccc3C(=O)N(C[C@@H]2C)[C@@H](C)CO)cc1,COc1ccc(NC(=O)N(C)C[C@@H]2Oc3c(NC(=O)c4cc(C)nn4C)cccc3C(=O)N([C@@H](C)CO)C[C@@H]2C)cc1,1
SMAD3,4,92,CCCNC(=O)N1[C@H](CO)[C@@H]([C@@H]1C#N)c1ccc(cc1)C1=CCCCC1,CCCNC(=O)N1[C@H](CO)[C@H](c2ccc(C3=CCCCC3)cc2)[C@@H]1C#N,1
SMAD3,4,93,O[C@@H](COc1cccc(c1)C(F)(F)F)/C=C/[C@H]2[C@H](O)C[C@H](O)[C@@H]2C/C=CCCCC(=O)O,O=C(O)CCCC=CC[C@@H]1[C@@H](/C=C/[C@@H](O)COc2cccc(C(F)(F)F)c2)[C@H](O)C[C@@H]1O,1
SMAD3,4,94,Nc1nc(O)c2nc(Br)n([C@@H]3O[C@@H]4COP(O)(=O)O[C@H]4[C@H]3O)c2n1,Nc1nc(O)c2nc(Br)n([C@@H]3O[C@@H]4COP(=O)(O)O[C@H]4[C@H]3O)c2n1,1
SMAD3,4,95,Oc1cccc2cc(C(=O)Nc3cccc(c3)-c3cn4ccccc4n3)c(=O)oc12,O=C(Nc1cccc(-c2cn3ccccc3n2)c1)c1cc2cccc(O)c2oc1=O,1
SMAD3,4,96,C[C@H](CO)N1C[C@H](C)[C@@H](CN(C)CC2CC2)Oc3ccc(NC(=O)Nc4ccccc4)cc3CC1=O,C[C@H](CO)N1C[C@H](C)[C@@H](CN(C)CC2CC2)Oc2ccc(NC(=O)Nc3ccccc3)cc2CC1=O,1
SMAD3,4,97,CCOC(=O)C1=C(C)NC(C)=C(C1c1cccc(c1)[N+]([O-])=O)C(=O)OC,CCOC(=O)C1=C(C)NC(C)=C(C(=O)OC)C1c1cccc([N+](=O)[O-])c1,1
SMAD3,4,98,O[C@@H]1COC[C@@H]2O[C@@H](CC(=O)N3CCc4ccccc4C3)CC[C@H]2N(Cc2ccc(Oc3ccccc3)cc2)C1,O=C(C[C@H]1CC[C@@H]2[C@H](COC[C@@H](O)CN2Cc2ccc(Oc3ccccc3)cc2)O1)N1CCc2ccccc2C1,1
SMAD3,4,99,COc1ccc2c3c([C@@H](CO)N(Cc4ccccc4)C[C@]33CN(C3)S(=O)(=O)c3ccc(C)cc3)n(C)c2c1,COc1ccc2c3c(n(C)c2c1)[C@@H](CO)N(Cc1ccccc1)CC31CN(S(=O)(=O)c2ccc(C)cc2)C1,1
TP53,2,0,Cc1ccc(cc1)C(=C/CN1CCCC1)c1cccc(C=CC(O)=O)n1,Cc1ccc(C(=CCN2CCCC2)c2cccc(C=CC(=O)O)n2)cc1,1
TP53,2,1,CN(C)Cc1cccc(NC(c2ccccc2)=C2/C(=O)Nc3cc(ccc23)C(=O)N(C)C)c1,CN(C)Cc1cccc(NC(=C2C(=O)Nc3cc(C(=O)N(C)C)ccc32)c2ccccc2)c1,1
TP53,2,2,OC(=O)Cn1c(cc2ccccc12)C(=O)Nc1nc(cs1)-c1ccccc1Cl,O=C(O)Cn1c(C(=O)Nc2nc(-c3ccccc3Cl)cs2)cc2ccccc21,1
TP53,2,3,Clc1cc(Cl)c(NC(=O)Nc2ccncc2)c(Cl)c1,O=C(Nc1ccncc1)Nc1c(Cl)cc(Cl)cc1Cl,1
TP53,2,4,CCOc1ccccc1O[C@@H]([C@H]1CNCCO1)c1ccccc1.CCOc1ccccc1O[C@H]([C@@H]1CNCCO1)c1ccccc1,CCOc1ccccc1O[C@@H](c1ccccc1)[C@@H]1CNCCO1.CCOc1ccccc1O[C@H](c1ccccc1)[C@H]1CNCCO1,1
TP53,2,5,Oc1ccc(cc1)C=Cc1cc(O)cc(O)c1,Oc1ccc(C=Cc2cc(O)cc(O)c2)cc1,1
TP53,2,6,CCCOc1ccccc1-c1nc2[nH]nnc2c(=O)[nH]1,CCCOc1ccccc1-c1nc2[nH]nnc2c(=O)[nH]1,1
TP53,2,7,CCCCCC(=O)O[C@@]1(CCC2C3CCC4=CC(=O)CC[C@]4(C)C3CC[C@]12C)C(C)=O,CCCCCC(=O)O[C@]1(C(C)=O)CCC2C3CCC4=CC(=O)CC[C@]4(C)C3CC[C@@]21C,1
TP53,2,8,Oc1ccc(C=C(C#N)C(=O)NCCCCc2ccccc2)cc1O,N#CC(=Cc1ccc(O)c(O)c1)C(=O)NCCCCc1ccccc1,1
TP53,2,9,CCOC(=O)C1Cc2ccccc2CN1C(=O)c1ccc(SC)s1,CCOC(=O)C1Cc2ccccc2CN1C(=O)c1ccc(SC)s1,1
TP53,2,10,Nc1nc(F)nc2n(cnc12)[C@@H]1O[C@H](CO)[C@@H](O)[C@@H]1O,Nc1nc(F)nc2c1ncn2[C@@H]1O[C@H](CO)[C@@H](O)[C@@H]1O,1
TP53,2,11,CCCc1nc2c(C)cc(cc2n1Cc1ccc(cc1)-c1ccccc1C(O)=O)-c1nc2ccccc2n1C,CCCc1nc2c(C)cc(-c3nc4ccccc4n3C)cc2n1Cc1ccc(-c2ccccc2C(=O)O)cc1,1
TP53,2,12,COc1ccc(cc1)-n1nc2c3CCCCCc3[nH]cc2c1=O,COc1ccc(-n2nc3c4c([nH]cc-3c2=O)CCCCC4)cc1,1
TP53,2,13,Cc1ccccc1-n1c(CF)nc2ccc(N)cc2c1=O,Cc1ccccc1-n1c(CF)nc2ccc(N)cc2c1=O,1
TP53,2,14,Cc1ccc(NC(=O)C2(CC2)c2ccc3OC(F)(F)Oc3c2)nc1-c1cccc(c1)C(O)=O,Cc1ccc(NC(=O)C2(c3ccc4c(c3)OC(F)(F)O4)CC2)nc1-c1cccc(C(=O)O)c1,1
TP53,2,15,C[C@@H]1CCN(C[C@@H]1N(C)c1ncnc2[nH]ccc12)C(=O)CC#N,C[C@@H]1CCN(C(=O)CC#N)C[C@@H]1N(C)c1ncnc2[nH]ccc12,1
TP53,2,16,CC(=O)N1CCC[C@H]1C(=O)N[C@@H](Cc1c[nH]cn1)C(=O)N[C@@H](CO)C(=O)N[C@@H](CS)C(=O)N[C@@H](CC(N)=O)C(N)=O,CC(=O)N1CCC[C@H]1C(=O)N[C@@H](Cc1c[nH]cn1)C(=O)N[C@@H](CO)C(=O)N[C@@H](CS)C(=O)N[C@@H](CC(N)=O)C(N)=O,1
TP53,2,17,CCN(CCO)CCCOc1ccc2c(Nc3cc(CC(=O)Nc4cccc(F)c4)[nH]n3)ncnc2c1,CCN(CCO)CCCOc1ccc2c(Nc3cc(CC(=O)Nc4cccc(F)c4)[nH]n3)ncnc2c1,1
TP53,2,18,CCCNC(=O)N1C[C@@]2(C1)CN([C@@H](CO)c1[nH]c3cc(OC)ccc3c21)C(=O)Nc1ccc(F)cc1,CCCNC(=O)N1CC2(C1)CN(C(=O)Nc1ccc(F)cc1)[C@@H](CO)c1[nH]c3cc(OC)ccc3c12,1
TP53,2,19,CN1CCN(CC1)c1ccc(OC(F)(F)F)c(Nc2ncc3CCc4c(nn(CCO)c4-c3n2)C(N)=O)c1,CN1CCN(c2ccc(OC(F)(F)F)c(Nc3ncc4c(n3)-c3c(c(C(N)=O)nn3CCO)CC4)c2)CC1,1
TP53,2,20,CCCCCCCCN1C(=O)C(=C(C)C1(C)O)C(=O)C,CCCCCCCCN1C(=O)C(C(C)=O)=C(C)C1(C)O,1
TP53,2,21,OC[C@H]1O[C@H](CC(=O)NCc2ccc(Oc3ccccc3)cc2)C[C@H]4[C@@H]1Oc5ccc(NS(=O)(=O)c6ccc(F)cc6)cc45,O=C(C[C@@H]1C[C@@H]2c3cc(NS(=O)(=O)c4ccc(F)cc4)ccc3O[C@@H]2[C@@H](CO)O1)NCc1ccc(Oc2ccccc2)cc1,1
TP53,2,22,COC(=O)Nc1nc2cc(ccc2[nH]1)C(=O)c1cccs1,COC(=O)Nc1nc2cc(C(=O)c3cccs3)ccc2[nH]1,1
TP53,2,23,CN(C)CCCN1c2ccccc2CCc2ccccc12,CN(C)CCCN1c2ccccc2CCc2ccccc21,1
TP53,2,24,C[C@H]1O[C@H]1P(O)(O)=O,C[C@H]1O[C@H]1P(=O)(O)O,1
TP53,2,25,CC(C)c1ccc(cc1S(C)(=O)=O)C(=O)N=C(N)N,CC(C)c1ccc(C(=O)N=C(N)N)cc1S(C)(=O)=O,1
TP53,2,26,NC(=O)c1ccc(cc1)-c1nc(c([nH]1)-c1ccccn1)-c1ccc2OCCOc2c1,NC(=O)c1ccc(-c2nc(-c3ccc4c(c3)OCCO4)c(-c3ccccn3)[nH]2)cc1,1
TP53,2,27,ONC(=O)CCCCCCNC(=O)c1cnc(nc1)N(c1ccccc1)c1ccccc1,O=C(CCCCCCNC(=O)c1cnc(N(c2ccccc2)c2ccccc2)nc1)NO,1
TP53,2,28,Fc1ccc(Cc2n[nH]c(=O)c3ccccc23)cc1C(=O)N1CCN(CC1)C(=O)C1CC1,O=C(c1cc(Cc2n[nH]c(=O)c3ccccc23)ccc1F)N1CCN(C(=O)C2CC2)CC1,1
TP53,2,29,Oc1cc(=O)[nH]cc1Cl,O=c1cc(O)c(Cl)c[nH]1,1
TP53,2,30,Nc1ncn([C@@H]2O[C@H](CO)[C@@H](O)[C@H]2O)c(=O)n1,Nc1ncn([C@@H]2O[C@H](CO)[C@@H](O)[C@H]2O)c(=O)n1,1
TP53,2,31,COc1cccc(OC)c1-c1ccc(C[C@H](NC(=O)c2c(Cl)cccc2Cl)C(O)=O)cc1,COc1cccc(OC)c1-c1ccc(C[C@H](NC(=O)c2c(Cl)cccc2Cl)C(=O)O)cc1,1
TP53,2,32,OC(=O)c1ccccc1Nc1cc(Cl)ccc1C(O)=O,O=C(O)c1ccccc1Nc1cc(Cl)ccc1C(=O)O,1
TP53,2,33,CC(C)c1cc(Cc2c(C)cc(OCC(O)=O)cc2C)ccc1O,Cc1cc(OCC(=O)O)cc(C)c1Cc1ccc(O)c(C(C)C)c1,1
TP53,2,34,Oc1cc(ccc1NC(=O)Nc1ccccc1Br)[N+]([O-])=O,O=C(Nc1ccc([N+](=O)[O-])cc1O)Nc1ccccc1Br,1
TP53,2,35,CC(C)(C)c1nc(c(s1)-c1ccnc(N)n1)-c1cccc(NS(=O)(=O)c2c(F)cccc2F)c1F,CC(C)(C)c1nc(-c2cccc(NS(=O)(=O)c3c(F)cccc3F)c2F)c(-c2ccnc(N)n2)s1,1
TP53,2,36,CCC(=O)OCC(=O)[C@@]1(OC(=O)CC)[C@H](C)CC2C3[C@H](Cl)CC4=CC(=O)C=C[C@]4(C)C3[C@@H](O)C[C@@]21C,CCC(=O)OCC(=O)[C@@]1(OC(=O)CC)[C@H](C)CC2C3C([C@@H](O)C[C@@]21C)[C@@]1(C)C=CC(=O)C=C1C[C@H]3Cl,1
TP53,2,37,Clc1ccc(Cl)c(SCC(=O)NN=Cc2ccc[nH]2)c1,O=C(CSc1cc(Cl)ccc1Cl)NN=Cc1ccc[nH]1,1
TP53,2,38,CC(C)c1nc(nc(-c2ccc(F)cc2)c1C=C[C@@H](O)C[C@@H](O)CC(O)=O)N(C)S(C)(=O)=O,CC(C)c1nc(N(C)S(C)(=O)=O)nc(-c2ccc(F)cc2)c1C=C[C@@H](O)C[C@@H](O)CC(=O)O,1
TP53,2,39,CC1=CC[C@]23O[C@@]2(C)CC[C@@H]2[C@H](OC(=O)C2=C)[C@@H]13,C=C1C(=O)O[C@@H]2[C@H]3C(C)=CC[C@@]34O[C@@]4(C)CC[C@@H]12,1
TP53,2,40,CNC(=O)c1cc(COc2nnc(Nc3ccc(Cl)cc3)c3ccoc23)ccn1,CNC(=O)c1cc(COc2nnc(Nc3ccc(Cl)cc3)c3ccoc23)ccn1,1
TP53,2,41,Nc1ncnc2n(cnc12)[C@@H]3O[C@H](CO)C[C@@H]3O,Nc1ncnc2c1ncn2[C@@H]1O[C@H](CO)C[C@@H]1O,1
TP53,2,42,OC(=O)c1cc2occc2[nH]1,O=C(O)c1cc2occc2[nH]1,1
TP53,2,43,O=C(CN1C(=O)CSC1=S)Nc1ccc(NC(=O)c2cc(O)c(O)c(Cl)c2)cn1,O=C(CN1C(=O)CSC1=S)Nc1ccc(NC(=O)c2cc(O)c(O)c(Cl)c2)cn1,1
TP53,2,44,CO[C@H]1C[C@H](C)CC2=C(OC)C(=O)C=C(NC(=O)C(C)=CC=C/[C@H](OC)[C@@H](OC(N)=O)C(C)=C[C@H](C)[C@H]1O)C2=O,COC1=C2C[C@@H](C)C[C@H](OC)[C@H](O)[C@@H](C)C=C(C)[C@H](OC(N)=O)[C@@H](OC)C=CC=C(C)C(=O)NC(=CC1=O)C2=O,1
TP53,2,45,C[C@]12C[C@H](O)[C@@]3(F)C(CCC4=CC(=O)C=C[C@]34C)C1C[C@@H](O)[C@]2(O)C(=O)CO,C[C@]12C=CC(=O)C=C1CCC1C3C[C@@H](O)[C@](O)(C(=O)CO)[C@@]3(C)C[C@H](O)[C@@]12F,1
TP53,2,46,NC(=O)c1ccc(cc1)-c1nc(c([nH]1)-c1ccccn1)-c1ccc2OCCOc2c1,NC(=O)c1ccc(-c2nc(-c3ccc4c(c3)OCCO4)c(-c3ccccn3)[nH]2)cc1,1
TP53,2,47,OCC1O[C@H](C[C@@H]1O)n1cc(I)c(=O)[nH]c1=O,O=c1[nH]c(=O)n([C@H]2C[C@H](O)C(CO)O2)cc1I,1
TP53,2,48,CCn1c(nc2c(ncc(OC[C@H]3CCCNC3)c12)C#CC(C)(C)O)-c1nonc1N,CCn1c(-c2nonc2N)nc2c(C#CC(C)(C)O)ncc(OC[C@H]3CCCNC3)c21,1
TP53,2,49,Nc1ccn([C@@H]2CS[C@H](CO)O2)c(=O)n1,Nc1ccn([C@@H]2CS[C@H](CO)O2)c(=O)n1,1
TP53,2,50,CC(=O)Nc1nnc(s1)S(N)(=O)=O,CC(=O)Nc1nnc(S(N)(=O)=O)s1,1
TP53,2,51,CN1CCN(CCCN2c3ccccc3Sc3ccc(Cl)cc23)CC1,CN1CCN(CCCN2c3ccccc3Sc3ccc(Cl)cc32)CC1,1
TP53,2,52,CCN(CC)CCCC(C)Nc1ccnc2cc(Cl)ccc12,CCN(CC)CCCC(C)Nc1ccnc2cc(Cl)ccc12,1
TP53,2,53,C[C@@H]1CC2C3CCC4=CC(=O)C=CC4(C)[C@]3(F)[C@@H](O)CC2(C)[C@]1(O)C(=O)CO,C[C@@H]1CC2C3CCC4=CC(=O)C=CC4(C)[C@]3(F)[C@@H](O)CC2(C)[C@]1(O)C(=O)CO,1
TP53,2,54,Cn1ccc2cc3N(CCc3cc12)C(=O)Nc1cccnc1,Cn1ccc2cc3c(cc21)CCN3C(=O)Nc1cccnc1,1
TP53,2,55,CCN(Cc1ccccc1)C(=O)Cn1c2nc(ncc2n(C)c1=O)-c1ccccc1,CCN(Cc1ccccc1)C(=O)Cn1c(=O)n(C)c2cnc(-c3ccccc3)nc21,1
TP53,2,56,COc1cc2ncnc(Nc3ccc(Oc4ccccc4)cc3)c2cc1OC,COc1cc2ncnc(Nc3ccc(Oc4ccccc4)cc3)c2cc1OC,1
TP53,2,57,CC[C@H]1OC(=O)[C@H](C)[C@@H](O[C@H]2C[C@@](C)(OC)[C@@H](O)[C@H](C)O2)[C@H](C)[C@@H](O[C@@H]2O[C@H](C)C[C@@H]([C@H]2O)N(C)C)[C@](C)(O)C[C@@H](C)C(=O)[C@H](C)[C@@H](O)[C@]1(C)O,CC[C@H]1OC(=O)[C@H](C)[C@@H](O[C@H]2C[C@@](C)(OC)[C@@H](O)[C@H](C)O2)[C@H](C)[C@@H](O[C@@H]2O[C@H](C)C[C@H](N(C)C)[C@H]2O)[C@](C)(O)C[C@@H](C)C(=O)[C@H](C)[C@@H](O)[C@]1(C)O,1
TP53,2,58,CCN(CC)CCNC(=O)c1cc(ccc1OC)S(C)(=O)=O,CCN(CC)CCNC(=O)c1cc(S(C)(=O)=O)ccc1OC,1
TP53,2,59,COc1ccc(C2CC(=NCCS2)c2c(O)cc(C)oc2=O)c(OC)c1,COc1ccc(C2CC(c3c(O)cc(C)oc3=O)=NCCS2)c(OC)c1,1
TP53,2,60,O=C1c2ccccc2-c2n[nH]c3cccc1c23,O=C1c2ccccc2-c2n[nH]c3cccc1c23,1
TP53,2,61,CN(CC[C@@H](Oc1ccc(cc1)-c1ccccc1)c1ccc(F)cc1)CC(O)=O,CN(CC[C@@H](Oc1ccc(-c2ccccc2)cc1)c1ccc(F)cc1)CC(=O)O,1
TP53,2,62,Nc1nc(=O)n(cc1F)[C@H]1C[C@H](O)[C@@H](CO)O1,Nc1nc(=O)n([C@H]2C[C@H](O)[C@@H](CO)O2)cc1F,1
TP53,2,63,OC(Cc1ccncc1)C(Cl)(Cl)Cl,OC(Cc1ccncc1)C(Cl)(Cl)Cl,1
TP53,2,64,COc1ccc(cc1)S(=O)(=O)Nc2ccc3O[C@@H](C)CCCCO[C@H](CN(C)C)[C@H](C)CN([C@@H](C)CO)C(=O)c3c2,COc1ccc(S(=O)(=O)Nc2ccc3c(c2)C(=O)N([C@@H](C)CO)C[C@@H](C)[C@@H](CN(C)C)OCCCC[C@H](C)O3)cc1,1
TP53,2,65,OC(=O)[C@@H]1C[C@H]2C[C@@H](CCc3nn[nH]n3)CC[C@H]2CN1,O=C(O)[C@@H]1C[C@H]2C[C@@H](CCc3nn[nH]n3)CC[C@H]2CN1,1
TP53,2,66,CN(C)CC(=O)Nc1ccc2[nH]c(=O)c3ccccc3c2c1,CN(C)CC(=O)Nc1ccc2[nH]c(=O)c3ccccc3c2c1,1
TP53,2,67,CN1CCN(CCCN2c3ccccc3Sc3ccc(cc23)C(F)(F)F)CC1,CN1CCN(CCCN2c3ccccc3Sc3ccc(C(F)(F)F)cc32)CC1,1
TP53,2,68,C[C@]12CC[C@@H]3[C@@H](CC[C@@H]4CC5SC5C[C@]34C)[C@@H]1CC[C@@H]2O,C[C@]12CC3SC3C[C@H]1CC[C@@H]1[C@H]2CC[C@]2(C)[C@@H](O)CC[C@@H]12,1
TP53,2,69,CC(C)(O)CC(=O)NCCn1ccc2ncnc(Nc3ccc(Oc4cccc(c4)C(F)(F)F)c(Cl)c3)c12,CC(C)(O)CC(=O)NCCn1ccc2ncnc(Nc3ccc(Oc4cccc(C(F)(F)F)c4)c(Cl)c3)c21,1
TP53,2,70,CCn1c2nc(N)nc(C)c2cc(-c2cc[nH]n2)c1=O,CCn1c(=O)c(-c2cc[nH]n2)cc2c(C)nc(N)nc21,1
TP53,2,71,C[C@@H]1O[C@@H](OC[C@H]2OC(Oc3c(oc4cc(O)cc(O)c4c3=O)-c3ccc(O)c(O)c3)[C@H](O)[C@@H](O)[C@@H]2O)[C@H](O)[C@H](O)[C@H]1O,C[C@@H]1O[C@@H](OC[C@H]2OC(Oc3c(-c4ccc(O)c(O)c4)oc4cc(O)cc(O)c4c3=O)[C@H](O)[C@@H](O)[C@@H]2O)[C@H](O)[C@H](O)[C@H]1O,1
TP53,2,72,CN1CCN(CC(=O)N2c3ccc(cc3C(=O)Nc4cccnc24)S(=O)(=O)NCCNC(=O)OC(C)(C)C)CC1,CN1CCN(CC(=O)N2c3ccc(S(=O)(=O)NCCNC(=O)OC(C)(C)C)cc3C(=O)Nc3cccnc32)CC1,1
TP53,2,73,C[C@]1(Cn2ccnn2)C(N2C(CC2=O)S1(=O)=O)C(O)=O,C[C@]1(Cn2ccnn2)C(C(=O)O)N2C(=O)CC2S1(=O)=O,1
TP53,2,74,CO[C@@H]1[C@@H](OC(N)=O)[C@@H](O)[C@H](Oc2ccc3c(O)c(NC(=O)c4ccc(O)c(CC=C(C)C)c4)c(=O)oc3c2C)OC1(C)C,CO[C@@H]1[C@@H](OC(N)=O)[C@@H](O)[C@H](Oc2ccc3c(O)c(NC(=O)c4ccc(O)c(CC=C(C)C)c4)c(=O)oc3c2C)OC1(C)C,1
TP53,2,75,CCOc1cc2ncc(C#N)c(Nc3ccc(OCc4ccccn4)c(Cl)c3)c2cc1NC(=O)C=CCN(C)C,CCOc1cc2ncc(C#N)c(Nc3ccc(OCc4ccccn4)c(Cl)c3)c2cc1NC(=O)C=CCN(C)C,1
TP53,2,76,CN1CCN(C)C(=O)C1c1ccc(Nc2nc(cn(C)c2=O)-c2cccc(NC(=O)c3cc4CCCCc4s3)c2C)cc1,Cc1c(NC(=O)c2cc3c(s2)CCCC3)cccc1-c1cn(C)c(=O)c(Nc2ccc(C3C(=O)N(C)CCN3C)cc2)n1,1
TP53,2,77,CCC(OC(=O)c1ccc(c(c1)[N+]([O-])=O)S(C)(=O)=O)C(=O)NC1C2CC3CC(C2)CC1C3,CCC(OC(=O)c1ccc(S(C)(=O)=O)c([N+](=O)[O-])c1)C(=O)NC1C2CC3CC(C2)CC1C3,1
TP53,2,78,CCN(CCO)CCCOc1ccc2c(Nc3cc(CC(=O)Nc4cccc(F)c4)[nH]n3)ncnc2c1,CCN(CCO)CCCOc1ccc2c(Nc3cc(CC(=O)Nc4cccc(F)c4)[nH]n3)ncnc2c1,1
TP53,2,79,CN(C)C(=O)C[C@H]1CC[C@H]2[C@H](COc3ccc(NC(=O)c4ccc(F)cc4)cc3C(=O)N2C)O1,CN(C)C(=O)C[C@H]1CC[C@H]2[C@H](COc3ccc(NC(=O)c4ccc(F)cc4)cc3C(=O)N2C)O1,1
TP53,2,80,COc1ccc(Cc2nccc3cc(OC)c(OC)cc23)cc1OC,COc1ccc(Cc2nccc3cc(OC)c(OC)cc23)cc1OC,1
TP53,2,81,C[C@@H]1C[C@H]2[C@@H]3CCC4=CC(=O)C=C[C@]4(C)[C@]3(F)[C@H](O)C[C@]2(C)[C@]1(O)C(=O)CO,C[C@@H]1C[C@H]2[C@@H]3CCC4=CC(=O)C=C[C@]4(C)[C@]3(F)[C@H](O)C[C@]2(C)[C@]1(O)C(=O)CO,1
TP53,2,82,C[C@@H](CO)N1C[C@H](C)[C@@H](CN(C)Cc2ccc(cc2)C(=O)Nc3ccccc3N)Oc4ccc(NS(=O)(=O)c5ccccc5)cc4CC1=O,C[C@H]1CN([C@@H](C)CO)C(=O)Cc2cc(NS(=O)(=O)c3ccccc3)ccc2O[C@@H]1CN(C)Cc1ccc(C(=O)Nc2ccccc2N)cc1,1
TP53,2,83,COc1ccc2C3=NCCN3C(=Nc2c1OC)NC(=O)c4cccnc4,COc1ccc2c(c1OC)N=C(NC(=O)c1cccnc1)N1CCN=C21,1
TP53,2,84,Cc1ccc(CN2C(=O)[C@H]3Cc4c([nH]c5ccccc45)C(C)(C)N3C2=O)cc1,Cc1ccc(CN2C(=O)[C@H]3Cc4c([nH]c5ccccc45)C(C)(C)N3C2=O)cc1,1
TP53,2,85,C[C@]12CCC3C([C@H]4C[C@H]4C4=CC(=O)CC[C@]34C)C1[C@@H]1C[C@@H]1[C@@]21CCC(=O)O1,C[C@]12CCC(=O)C=C1[C@@H]1C[C@@H]1C1C2CC[C@@]2(C)C1[C@@H]1C[C@@H]1[C@@]21CCC(=O)O1,1
TP53,2,86,C[C@]12CC[C@H]3[C@@H](CCc4cc(OC(=O)N(CCCl)CCCl)ccc34)[C@@H]1CC[C@@H]2OP(O)(O)=O,C[C@]12CC[C@@H]3c4ccc(OC(=O)N(CCCl)CCCl)cc4CC[C@H]3[C@@H]1CC[C@@H]2OP(=O)(O)O,1
TP53,2,87,OC[C@@H](O)COc1ccc2CCc3cc(Nc4ccc(F)cc4F)ccc3C(=O)c2c1,O=C1c2ccc(Nc3ccc(F)cc3F)cc2CCc2ccc(OC[C@H](O)CO)cc21,1
TP53,2,88,COc1ccc(C2=NC(C(N2C(=O)N2CCNC(=O)C2)c2ccc(Cl)cc2)c2ccc(Cl)cc2)c(OC(C)C)c1,COc1ccc(C2=NC(c3ccc(Cl)cc3)C(c3ccc(Cl)cc3)N2C(=O)N2CCNC(=O)C2)c(OC(C)C)c1,1
TP53,2,89,CCN(CC)CCCC(C)Nc1ccnc2cc(Cl)ccc12,CCN(CC)CCCC(C)Nc1ccnc2cc(Cl)ccc12,1
TP53,2,90,COc1cc(NS(=O)(=O)C)ccc1Cc2c3ccccc3nc4ccccc24,COc1cc(NS(C)(=O)=O)ccc1Cc1c2ccccc2nc2ccccc12,1
TP53,2,91,C[C@H]1CNCCc2ccc(Cl)cc12,C[C@H]1CNCCc2ccc(Cl)cc21,1
TP53,2,92,CN(C)CCNc1nc2cc(O)ccc2c2-c3ccccc3C(=O)c12,CN(C)CCNc1nc2cc(O)ccc2c2c1C(=O)c1ccccc1-2,1
TP53,2,93,C[C@H]1CCN(C[C@@H]1N(C)c1ncnc2[nH]ccc12)C(=O)CC#N,C[C@H]1CCN(C(=O)CC#N)C[C@@H]1N(C)c1ncnc2[nH]ccc12,1
TP53,2,94,COC[C@H](NC(=O)[C@H](COC)NC(=O)c1cnc(C)s1)C(=O)N[C@@H](Cc1ccccc1)C(=O)C1(C)CO1,COC[C@H](NC(=O)c1cnc(C)s1)C(=O)N[C@@H](COC)C(=O)N[C@@H](Cc1ccccc1)C(=O)C1(C)CO1,1
TP53,2,95,NC(=O)Nc1sc(cc1C(N)=O)-c1ccc(F)cc1,NC(=O)Nc1sc(-c2ccc(F)cc2)cc1C(N)=O,1
TP53,2,96,COc1ccc(cc1OC)-c1cc2nccn2c(Nc2ncccc2C(N)=O)n1,COc1ccc(-c2cc3nccn3c(Nc3ncccc3C(N)=O)n2)cc1OC,1
TP53,2,97,CO[C@@H]1C[C@H]2OC[C@@]2(OC(C)=O)[C@H]2[C@@H](OC(=O)c3ccccc3)[C@@]3(O)C[C@H](OC(=O)[C@H](O)[C@@H](NC(=O)OC(C)(C)C)c4ccccc4)C(C)=C([C@@H](OC)C(,,0
TP53,2,98,NCC(=O)CCC(O)=O,NCC(=O)CCC(=O)O,1
TP53,2,99,CC(C)NC(=O)N[C@H]1CC[C@H](CCn2cc(nn2)-c2ccc(F)cc2)O[C@@H]1CO,CC(C)NC(=O)N[C@H]1CC[C@H](CCn2cc(-c3ccc(F)cc3)nn2)O[C@@H]1CO,1
