target,cell_line,cell_line_idx,run_idx,seed,attempt_index,raw_smiles,canonical_smiles,valid,duplicate_in_run,novel,max_tanimoto,closest_source_ligand
AKT1,MCF7,9,0,42,0,COc1ccc2C[C@@H]3N(CCc4cc(OC)c(O)cc34)Cc2c1O,COc1cc2c(cc1O)[C@@H]1Cc3ccc(OC)c(O)c3CN1CC2,1,0,0,0.2714285714285714,COc1ccc(C=C2SC(=Nc3ccccc3)NC2=O)cc1O
AKT1,MCF7,9,0,42,1,CCCCCC(=O)O[C@@]1(CCC2C3CCC4=CC(=O)CC[C@]4(C)C3CC[C@]12C)C(C)=O,CCCCCC(=O)O[C@]1(C(C)=O)CCC2C3CCC4=CC(=O)CC[C@]4(C)C3CC[C@@]21C,1,0,0,0.19387755102040816,COC[C@H]1OC(=O)c2coc3c2[C@@]1(C)C1=C(OC(C)=O)C[C@]2(C)C(=O)CC[C@H]2C1C3=O
AKT1,MCF7,9,0,42,2,CCC(C)N(C)C(=O)c1cc2CN([C@@H](CCO)c2c(n1)-c1cccc(c1)-c1cccc(OC)c1)[S@@](=O)C(C)(C)C,CCC(C)N(C)C(=O)c1cc2c(c(-c3cccc(-c4cccc(OC)c4)c3)n1)[C@H](CCO)N([S@@](=O)C(C)(C)C)C2,1,0,1,0.24719101123595505,COc1cccc(-c2cc3c(O)nc4ccccc4n3c2)c1
AKT1,MCF7,9,0,42,3,ON=C1/C(Nc2ccccc12)=C1/C(=O)Nc2cc(Br)ccc12,O=C1Nc2cc(Br)ccc2/C1=C1/Nc2ccccc2C1=NO,1,0,0,0.46551724137931033,O=C1Nc2ccccc2/C1=C1/Nc2ccccc2/C1=N\OCCC(O)CO
AKT1,MCF7,9,0,42,4,Oc1ccc(cc1)C1CNCCc2c(Cl)c(O)c(O)cc12,Oc1ccc(C2CNCCc3c2cc(O)c(O)c3Cl)cc1,1,0,0,0.24324324324324326,NC(=O)c1cc(Cl)cc2[nH]c(-c3ccc(C4CCCNC4)cc3F)nc12
AKT1,MCF7,9,0,42,5,CC[C@H]1OC(=O)[C@H](C)[C@H](O[C@@H]2C[C@@](C)(OC)[C@@H](O)[C@H](C)O2)[C@H](C)[C@@H](O[C@@H]2O[C@H](C)C[C@@H]([C@@H]2O)N(C)C)[C@](C)(O)C[C@@H](C)C(=O)[C@H](C)[C@@H](O)[C@]1(C)O,CC[C@H]1OC(=O)[C@H](C)[C@H](O[C@@H]2C[C@@](C)(OC)[C@@H](O)[C@H](C)O2)[C@H](C)[C@@H](O[C@@H]2O[C@H](C)C[C@H](N(C)C)[C@@H]2O)[C@](C)(O)C[C@@H](C)C(=O)[C@H](C)[C@@H](O)[C@]1(C)O,1,0,1,0.20535714285714285,C=C1O[C@@H]2CC(=O)O[C@@H]2c2c1c(O)c1c(O)c([C@H]3C[C@@H](N(C)C)[C@H](O)[C@@H](C)O3)ccc1c2O
AKT1,MCF7,9,0,42,6,Oc1ccccc1NC(=O)CCCCCCC(=O)N/N=C/c2ccc(s2)[N+](=O)[O-],O=C(CCCCCCC(=O)Nc1ccccc1O)N/N=C/c1ccc([N+](=O)[O-])s1,1,0,0,0.2857142857142857,O=C(NCc1ccccc1)Nc1ncc([N+](=O)[O-])s1
AKT1,MCF7,9,0,42,7,O=c1cc(oc(c1)-c1cccc2Sc3ccccc3Sc12)N1CCOCC1,O=c1cc(-c2cccc3c2Sc2ccccc2S3)oc(N2CCOCC2)c1,1,0,0,0.2711864406779661,CC(=O)c1ccc(N2CCOCC2)cc1O
AKT1,MCF7,9,0,42,8,CC[C@H](N1CCCC1=O)C(N)=O,CC[C@@H](C(N)=O)N1CCCC1=O,1,0,0,0.21666666666666667,O=C1CCCN1Cc1ccc2c(c1)nc(O)c1cccn12
AKT1,MCF7,9,0,42,9,Cc1ccc(NC(=O)c2cccc(c2)C(C)(C)C#N)cc1Nc1ccc2ncn(C)c(=O)c2c1,Cc1ccc(NC(=O)c2cccc(C(C)(C)C#N)c2)cc1Nc1ccc2ncn(C)c(=O)c2c1,1,0,0,0.43529411764705883,CCC=S(O)(O)=Nc1cccc(Nc2ccc3ncn(C)c(=O)c3c2)c1C#N
AKT1,MCF7,9,0,42,10,CN(C)c1ccc2nc3ccc(cc3[s+]c2c1)N(C)C,CN(C)c1ccc2nc3ccc(N(C)C)cc3[s+]c2c1,1,0,0,0.23404255319148937,CN(C)c1ccc(CC2=c3ccccc3=NC2=O)cc1
AKT1,MCF7,9,0,42,11,CC(Cc1ccc(O)cc1)C(O)=O,CC(Cc1ccc(O)cc1)C(=O)O,1,0,1,0.2878787878787879,CCC[C@H](NC(=O)[C@H](CCCNC(=N)N)NC(=O)[C@H](CN)NC(=O)[C@@H](N)CCCNC(=N)N)C(=O)N[C@@H](Cc1ccc(O)cc1)C(=O)N[C@@H](CN)C(=O)N[C@@H](CCC(C)C)C(N)=O
AKT1,MCF7,9,0,42,12,C[C@H](CO)N1C[C@@H](C)[C@H](CN(C)Cc2ccc3OCOc3c2)OCCCC[C@@H](C)Oc4ccc(cc4C1=O)N(C)C,C[C@@H]1CCCCO[C@@H](CN(C)Cc2ccc3c(c2)OCO3)[C@H](C)CN([C@H](C)CO)C(=O)c2cc(N(C)C)ccc2O1,1,0,0,0.19801980198019803,O=S(=O)(O)c1ccc(NCc2ccc3c(c2)OCO3)c2c(O)cccc12
AKT1,MCF7,9,0,42,13,C[C@@H](CO)N1C[C@H](C)[C@@H](CN(C)Cc2ccc(cc2)c3ccccc3)OCc4cn(CCCC1=O)nn4,C[C@H]1CN([C@@H](C)CO)C(=O)CCCn2cc(nn2)CO[C@@H]1CN(C)Cc1ccc(-c2ccccc2)cc1,1,0,0,0.22549019607843138,CSc1ncc2cc(-c3ccccc3)c(-c3ccc(CN(C)CCc4cn[nH]c4)cc3)nc2n1
AKT1,MCF7,9,0,42,14,NC(=N)NN=C/c1c(Cl)cccc1Cl,N=C(N)NN=Cc1c(Cl)cccc1Cl,1,0,0,0.3,CC(=NNC(=N)N)c1cc(NC(=O)c2cccc(C(=O)Nc3cc(C(C)=NNC(=N)N)cc(C(C)=NNC(=N)N)c3)c2)cc(C(C)=NNC(=N)N)c1
AKT1,MCF7,9,0,42,15,CCCOc1ccc(cc1-c1nc2c(CCC)cn(CC)c2c(=O)[nH]1)S(=O)(=O)N1CCN(CCO)CC1,CCCOc1ccc(S(=O)(=O)N2CCN(CCO)CC2)cc1-c1nc2c(CCC)cn(CC)c2c(=O)[nH]1,1,0,0,0.22641509433962265,NC(=O)c1cccc2[nH]c(-c3ccc(NC(=O)c4cccc(S(=O)(=O)N5CCOCC5)c4)cc3)nc12
AKT1,MCF7,9,0,42,16,COc1ccc2C3=NCCN3C(=Nc2c1OC)NC(=O)c4cccnc4,COc1ccc2c(c1OC)N=C(NC(=O)c1cccnc1)N1CCN=C21,1,0,0,0.25609756097560976,COc1cccc(C(C)NC(=O)c2ccc(-c3ccncc3C)cc2)c1
AKT1,MCF7,9,0,42,17,CC(C)(C)c1cc(NC(=O)Nc2ccc(cc2)-c2cn3c(n2)sc2cc(OCCN4CCOCC4)ccc32)no1,CC(C)(C)c1cc(NC(=O)Nc2ccc(-c3cn4c(n3)sc3cc(OCCN5CCOCC5)ccc34)cc2)no1,1,0,0,0.3148148148148148,Cc1cccc(NC(=O)Nc2ccc(-c3csc4c(C#CCN5CCOCC5)cnc(N)c34)cc2)c1
AKT1,MCF7,9,0,42,18,CCCNC(=O)Nc1ccc2OC[C@H](C)N(Cc3ccc(cc3)-c3ccccn3)C[C@@H]2C)cc1,,0,0,0,,
AKT1,MCF7,9,0,42,19,CCN1CCN(CC1)c1ccc(Nc2cc(ncn2)N(C)C(=O)Nc2c(Cl)c(OC)cc(OC)c2Cl)cc1,CCN1CCN(c2ccc(Nc3cc(N(C)C(=O)Nc4c(Cl)c(OC)cc(OC)c4Cl)ncn3)cc2)CC1,1,0,0,0.3068181818181818,COc1cc2ncnc(N3CCN(C(=O)Nc4ccc(Oc5ccccc5)cc4)CC3)c2cc1OC
AKT1,MCF7,9,0,42,20,COc1cc(CCc2cc(NC(=O)c3ccc(cc3)N3C[C@H](C)N[C@H](C)C3)n[nH]2)cc(OC)c1,COc1cc(CCc2cc(NC(=O)c3ccc(N4C[C@@H](C)N[C@@H](C)C4)cc3)n[nH]2)cc(OC)c1,1,0,0,0.28888888888888886,COC(C(=O)N1Cc2[nH]nc(NC(=O)c3ccc(N4CCN(C)CC4)cc3)c2C1)c1ccccc1
AKT1,MCF7,9,0,42,21,COC1CC(C)CC2=C(OC)C(=O)C=C(NC(=O)C(C)=CC=CC(OC)C(OC(N)=O)C(C)=CC(C)C1O)C2=O,COC1=C2CC(C)CC(OC)C(O)C(C)C=C(C)C(OC(N)=O)C(OC)C=CC=C(C)C(=O)NC(=CC1=O)C2=O,1,0,0,0.5697674418604651,CO[C@H]1[C@@H](OC)C[C@H](C)[C@@H](OC)C2=CC(=O)C=C(NC(=O)C(C)=CC=C[C@H](OC)[C@@H](OC(N)=O)C(C)=C[C@@H]1C)C2=O
AKT1,MCF7,9,0,42,22,COc1ccc(CCCn2ncc3c4nc(nn4c(N)nc23)c5ccco5)cc1,COc1ccc(CCCn2ncc3c2nc(N)n2nc(-c4ccco4)nc32)cc1,1,0,0,0.2524271844660194,CCn1c(-c2nonc2N)nc2c(C#CC(C)(C)O)ncc(OCCCNCCc3ccc(OC)cc3)c21
AKT1,MCF7,9,0,42,23,CCNC(=O)C1=C(C(=C2C=C(C(=CC2=O)O)C(C)C)ON1)C3=CC=C(C=C3)CN4CCOCC4,CCNC(=O)C1=C(c2ccc(CN3CCOCC3)cc2)C(=C2C=C(C(C)C)C(O)=CC2=O)ON1,1,0,0,0.24509803921568626,CCNC(=O)NC1CCN(Cc2ccc(-c3nc4nc(SC)ncc4cc3-c3ccccc3)cc2)CC1
AKT1,MCF7,9,0,42,24,CC1(C)CCC(CN2CCN(CC2)c2ccc(C(=O)NS(=O)(=O)c3ccc(NCC4CCOCC4)c(c3)[N+]([O-])=O)c(Oc3cnc4[nH]ccc4c3)c2)=C(C1)c,,0,0,0,,
AKT1,MCF7,9,0,42,25,COc1ccc(CC2NCCC3=CC(=O)CCC23)cc1O,COc1ccc(CC2NCCC3=CC(=O)CCC32)cc1O,1,0,0,0.2777777777777778,COc1ccc(C=C2SC(=Nc3ccccc3)NC2=O)cc1O
AKT1,MCF7,9,0,42,26,COc1ccc(CN(C)C[C@@H]2OCCCC[C@H](C)Oc3ccc(NC(=O)Nc4ccc(cc4)C(F)(F)F)cc3C(=O)N(C[C@H]2C)[C@@H](C)CO)cc1,COc1ccc(CN(C)C[C@@H]2OCCCC[C@H](C)Oc3ccc(NC(=O)Nc4ccc(C(F)(F)F)cc4)cc3C(=O)N([C@@H](C)CO)C[C@H]2C)cc1,1,0,0,0.23893805309734514,Cn1nc(N)c2c(-c3ccc(NC(=O)Nc4cccc(C(F)(F)F)c4)cc3)cncc21
AKT1,MCF7,9,0,42,27,CCCCCCCCc1ccc(CCC(N)(CO)CO)cc1,CCCCCCCCc1ccc(CCC(N)(CO)CO)cc1,1,0,0,0.35294117647058826,CCCCCCCCCCCCc1ccc(S(=O)(=O)Nc2nncs2)cc1
AKT1,MCF7,9,0,42,28,COc1ccc(CCCOC(Cn2ccnc2)c2ccc(OC)cc2)cc1,COc1ccc(CCCOC(Cn2ccnc2)c2ccc(OC)cc2)cc1,1,0,0,0.24096385542168675,CSc1ncc2cc(-c3ccccc3)c(-c3ccc(CNCCCn4ccnc4)cc3)nc2n1
AKT1,MCF7,9,0,42,29,ONC(=O)CCCCCCC(=O)Nc1cccnc1,O=C(CCCCCCC(=O)Nc1cccnc1)NO,1,0,0,0.5609756097560976,O=C(NCCCCCCNC(=O)Nc1cccnc1)Nc1cccnc1
AKT1,MCF7,9,0,42,30,Clc1ccccc1C(c1ccccc1)(c1ccccc1)n1ccnc1,Clc1ccccc1C(c1ccccc1)(c1ccccc1)n1ccnc1,1,0,0,0.21428571428571427,O=C(NNC(=S)Nc1ccc(Cl)cc1)C(O)(c1ccccc1)c1ccccc1
AKT1,MCF7,9,0,42,31,CC(C)NC[C@@H](C(=O)N1CCN(CC1)c1ncnc2[C@@H](O)C[C@@H](C)c12)c1ccc(Cl)cc1,CC(C)NC[C@@H](C(=O)N1CCN(c2ncnc3c2[C@H](C)C[C@@H]3O)CC1)c1ccc(Cl)cc1,1,0,0,0.828125,CC(C)NC[C@@H](C(=O)N1CCN(c2ncnc3c2[C@H](C)C[C@@H]3F)CC1)c1ccc(Cl)cc1
AKT1,MCF7,9,0,42,32,ONC(=O)CCCCCCC(=O)Nc1cccnc1,O=C(CCCCCCC(=O)Nc1cccnc1)NO,1,1,0,0.5609756097560976,O=C(NCCCCCCNC(=O)Nc1cccnc1)Nc1cccnc1
AKT1,MCF7,9,0,42,33,CCOc1cc2ncc(C#N)c(Nc3ccc(OCc4ccccn4)c(Cl)c3)c2cc1NC(=O)C=CCN(C)C,CCOc1cc2ncc(C#N)c(Nc3ccc(OCc4ccccn4)c(Cl)c3)c2cc1NC(=O)C=CCN(C)C,1,0,0,0.25742574257425743,COc1cc(C=O)c(Cl)cc1NC(=O)Nc1cnc(C#N)cn1
AKT1,MCF7,9,0,42,34,C[C@H]1[C@H]2[C@H](Cc3ccccc3)NC(=O)[C@]22OC(=O)C=C[C@H](O)CCC[C@@H](C)CC=C[C@H]2[C@H](O)C1=C,C=C1[C@@H](C)[C@H]2[C@H](Cc3ccccc3)NC(=O)[C@]23OC(=O)C=C[C@H](O)CCC[C@@H](C)CC=C[C@H]3[C@@H]1O,1,0,0,0.18518518518518517,N[C@H](COc1cncc(-c2ccc3c(c2)C(Cc2ccco2)C(=O)N3)c1)Cc1ccccc1
AKT1,MCF7,9,0,42,35,CC1CC2C(C3C=C(COC(=O)c4ccccc4)C(O)C4(O)C(OC(=O)c5ccccc5)C(C)=CC14C3=O)C2(C)C,CC1=CC23C(=O)C(C=C(COC(=O)c4ccccc4)C(O)C2(O)C1OC(=O)c1ccccc1)C1C(CC3C)C1(C)C,1,0,0,0.18681318681318682,CCOC(=O)c1c(C)[nH]c(/C=C2\C(=O)Nc3ccccc32)c1C
AKT1,MCF7,9,0,42,36,CCCCc1nc2cc(ccc2n1CCN(CC)CC)C=CC(=O)NO,CCCCc1nc2cc(C=CC(=O)NO)ccc2n1CCN(CC)CC,1,0,0,0.2717391304347826,CCCCn1c(NC(=O)c2ccc(C#N)cc2)nc2cc(N(C)C(=O)C3CCCCC3)ccc21
AKT1,MCF7,9,0,42,37,COc1ccccc1OCCNCC(O)COc1cccc2[nH]c3ccccc3c12,COc1ccccc1OCCNCC(O)COc1cccc2[nH]c3ccccc3c12,1,0,0,0.3384615384615385,COC(=O)c1cc2c(OCCN)cccc2[nH]1
AKT1,MCF7,9,0,42,38,CN1CC(CNC(=O)OCc2ccccc2)CC3C1Cc4cn(C)c5cccc3c45,CN1CC(CNC(=O)OCc2ccccc2)CC2c3cccc4c3c(cn4C)CC21,1,0,0,0.23529411764705882,CC(C)(C)OC(=O)N[C@@H](Cc1ccccc1)C(=O)NCCN1C(=O)C=CC1=O
AKT1,MCF7,9,0,42,39,Fc1ccc(cc1)C(=O)CCCN1CCC(CC1)n1c2ccccc2[nH]c1=O,O=C(CCCN1CCC(n2c(=O)[nH]c3ccccc32)CC1)c1ccc(F)cc1,1,0,0,0.4666666666666667,O=C(O)c1ccc2nc(-c3ccc(CN4CCC(n5c(=O)[nH]c6ccccc65)CC4)cc3)c(-c3ccccc3)nc2c1
AKT1,MCF7,9,0,42,40,CCC1NC(=O)C([C@H](O)[C@H](C)C/C=C/C)N(C)C(=O)C(C(C)C)N(C)C(=O)C(CC(C)C)N(C)C(=O)C(CC(C)C)N(C)C(=O)[C@@H](C)NC(=,,0,0,0,,
AKT1,MCF7,9,0,42,41,NC(=N)NCCN1CCCCCCC1,N=C(N)NCCN1CCCCCCC1,1,0,0,0.25,NC(=O)c1c(OCc2c(F)cc(Br)cc2F)nsc1NC(=O)NCCCCN1CCCC1
AKT1,MCF7,9,0,42,42,COc1ccc2c3c([C@H](CO)N(C[C@]33CCN(Cc4cccc(F)c4)CC3)C(=O)C3CC3)n(C)c2c1,COc1ccc2c3c(n(C)c2c1)[C@H](CO)N(C(=O)C1CC1)CC31CCN(Cc2cccc(F)c2)CC1,1,0,0,0.24752475247524752,CN1CCC(C(=O)n2nc(N)c3cc(-c4cn(Cc5ccccc5)nn4)ccc32)CC1
AKT1,MCF7,9,0,42,43,CNC(=O)c1ccccc1Sc1ccc2c(C=Cc3ccccn3)n[nH]c2c1,CNC(=O)c1ccccc1Sc1ccc2c(C=Cc3ccccn3)n[nH]c2c1,1,0,0,0.2702702702702703,CNC(=O)c1cc2c(-c3ccccc3F)[nH]nc2s1
AKT1,MCF7,9,0,42,44,CN(C)CCCN1c2ccccc2CCc2ccccc12,CN(C)CCCN1c2ccccc2CCc2ccccc21,1,0,0,0.2463768115942029,COc1ccc2c(c1)c(C1=C(c3c[nH]c4ccccc34)C(=O)NC1=O)cn2CCCN(C)C
AKT1,MCF7,9,0,42,45,COc1ccc2c3c([C@@H](CO)N(Cc4ccncc4)C[C@]33CCN(CC3)C(=O)Cc3ccncc3)n(C)c2c1,COc1ccc2c3c(n(C)c2c1)[C@@H](CO)N(Cc1ccncc1)CC31CCN(C(=O)Cc2ccncc2)CC1,1,0,0,0.27450980392156865,COc1ccc2cn(-c3nc(C(=O)Nc4cnccc4N4CCNCC4)cs3)c(O)c2c1
AKT1,MCF7,9,0,42,46,OCCONC(=O)c1cc(CN2OCCCC2=O)c(F)c(F)c1Nc1ccc(I)cc1F,O=C(NOCCO)c1cc(CN2OCCCC2=O)c(F)c(F)c1Nc1ccc(I)cc1F,1,0,0,0.2,Cc1cc(C)c2oc(Nc3ccc(-c4cccc(C(N)=O)c4N)cc3F)nc2c1
AKT1,MCF7,9,0,42,47,CCCCCCNC(=O)n1cc(F)c(=O)[nH]c1=O,CCCCCCNC(=O)n1cc(F)c(=O)[nH]c1=O,1,0,0,0.23214285714285715,O=C(NCCCCCCNC(=O)Nc1cccnc1)Nc1cccnc1
AKT1,MCF7,9,0,42,48,C[C@@H]1CCCN1CCc1cc2cc(ccc2o1)-c1ccc(cc1)C#N,C[C@@H]1CCCN1CCc1cc2cc(-c3ccc(C#N)cc3)ccc2o1,1,0,0,0.25675675675675674,N#Cc1ccc(-c2ccc(CSc3nnc(-c4ccc5c(c4)OCO5)o3)cc2)cc1
AKT1,MCF7,9,0,42,49,CC1CCN(CC1)C(=O)Cn2c3ccccc3c4nc5SCCCn5c(=O)c24,CC1CCN(C(=O)Cn2c3ccccc3c3nc4n(c(=O)c32)CCCS4)CC1,1,0,0,0.2247191011235955,Cc1cncc2cccc(S(=O)(=O)N3CCCN(C(=O)CN)C[C@H]3C)c12
AKT1,MCF7,9,0,42,50,N[C@H]1CONC1=O,N[C@H]1CONC1=O,1,0,0,0.16666666666666666,N[C@@H]1CCN(c2ncnc3[nH]cc(Cl)c23)C1
AKT1,MCF7,9,0,42,51,CCC(c1ccc(O)cc1)=C(CC)c1ccc(O)cc1,CCC(=C(CC)c1ccc(O)cc1)c1ccc(O)cc1,1,0,0,0.26666666666666666,CCCCc1c(-c2ccc(O)cc2)nc2ncc[nH]c1-2
AKT1,MCF7,9,0,42,52,Nc1ncn([C@@H]2O[C@H](CO)[C@@H](O)[C@@H]2O)c(=O)n1,Nc1ncn([C@@H]2O[C@H](CO)[C@@H](O)[C@@H]2O)c(=O)n1,1,0,0,0.4107142857142857,Nc1ncnc2c1c(I)nn2C1OC(CO)C(O)C1O
AKT1,MCF7,9,0,42,53,Oc1c(Br)cc(C=C2C(=O)Nc3ccc(I)cc23)cc1Br,O=C1Nc2ccc(I)cc2C1=Cc1cc(Br)c(O)c(Br)c1,1,0,0,0.5416666666666666,O=C1Nc2ccc(Cl)cc2/C1=C/c1cc(Cl)c(O)c(Cl)c1
AKT1,MCF7,9,0,42,54,Clc1ccc(cc1)C1(CCNCC1)c1ccc(cc1)-c1cn[nH]c1,Clc1ccc(C2(c3ccc(-c4cn[nH]c4)cc3)CCNCC2)cc1,1,0,0,0.4807692307692308,Clc1ccc(C2(c3ccc(-c4ncnc5[nH]cnc45)cc3)CCNCC2)cc1
AKT1,MCF7,9,0,42,55,COc1cc2ncnc(Nc3ccc(F)c(Cl)c3)c2cc1NC(=O)C=CCN1CCCCC1,COc1cc2ncnc(Nc3ccc(F)c(Cl)c3)c2cc1NC(=O)C=CCN1CCCCC1,1,0,0,0.4444444444444444,CC#CC(=O)Nc1cc2c(Nc3ccc(F)c(Cl)c3)ncnc2cn1
AKT1,MCF7,9,0,42,56,Oc1c(Cl)cc(Cl)c(Cl)c1Cc1c(O)c(Cl)cc(Cl)c1Cl,Oc1c(Cl)cc(Cl)c(Cl)c1Cc1c(O)c(Cl)cc(Cl)c1Cl,1,0,0,0.21739130434782608,O=C1Nc2ccc(Cl)cc2/C1=C/c1cc(Cl)c(O)c(Cl)c1
AKT1,MCF7,9,0,42,57,COc1ccccc1C#Cc1ccc(cc1)[C@@H]1[C@@H](CO)N2CCCCN(C[C@@H]12)C(=O)C1CCC1,COc1ccccc1C#Cc1ccc([C@@H]2[C@@H](CO)N3CCCCN(C(=O)C4CCC4)C[C@@H]23)cc1,1,0,0,0.2079207920792079,COc1nc(-c2ccc(CN3CCC(n4c(O)nc5ccccc54)CC3)cc2)c(-c2ccccc2)cc1C#N
AKT1,MCF7,9,0,42,58,CC[C@H]1N(C2CCCC2)c2nc(Nc3ccc(cc3OC)C(=O)NC3CCN(C)CC3)ncc2N(C)C1=O,CC[C@@H]1C(=O)N(C)c2cnc(Nc3ccc(C(=O)NC4CCN(C)CC4)cc3OC)nc2N1C1CCCC1,1,0,0,1.0,CCC1C(=O)N(C)c2cnc(Nc3ccc(C(=O)NC4CCN(C)CC4)cc3OC)nc2N1C1CCCC1
AKT1,MCF7,9,0,42,59,CN(C)c1ccc2nc3ccc(cc3%11-c2c1)-c1ccccc1,,0,0,0,,
AKT1,MCF7,9,0,42,60,Clc1cc(Cl)c(OCC(=O)NN=Cc2ccc[nH]2)c(Cl)c1,O=C(COc1c(Cl)cc(Cl)cc1Cl)NN=Cc1ccc[nH]1,1,0,0,0.24050632911392406,NC1(C(=O)NCc2ccc(Cl)cc2Cl)CCN(c2ncnc3[nH]ccc23)CC1
AKT1,MCF7,9,0,42,61,NC(=O)Nc1ccc(cc1).c1ccccc1,NC(=O)Nc1ccccc1.c1ccccc1,1,0,1,0.34782608695652173,Cc1n[nH]c2sc(C(N)=O)c(NC(=O)Nc3ccccc3)c12
AKT1,MCF7,9,0,42,62,Oc1ccc(Cl)cc1C(=O)Nc1cc(cc(c1)C(F)(F)F)C(F)(F)F,O=C(Nc1cc(C(F)(F)F)cc(C(F)(F)F)c1)c1cc(Cl)ccc1O,1,0,0,0.29310344827586204,O=C(Nc1ccc(Cl)cc1)c1ccccc1NCc1ccncc1
AKT1,MCF7,9,0,42,63,COc1ccc(cc1)C(=O)CC1(O)C(=O)Nc2c1c(Cl)ccc2Cl,COc1ccc(C(=O)CC2(O)C(=O)Nc3c(Cl)ccc(Cl)c32)cc1,1,0,0,0.2835820895522388,COc1ccc(C(=O)N2c3ccccc3Sc3c(Cl)cncc32)cc1
AKT1,MCF7,9,0,42,64,COCCOC(=O)N1C(=O)[C@]2([C@@H]([C@@H]3N([C@@H]2c4ccc(O)cc4)[C@H]([C@H](OC3=O)c5ccccc5)c6ccccc6)C(=O)Nc7nc8ccccc8s7)c9cc(C#CCC,,0,0,0,,
AKT1,MCF7,9,0,42,65,COc1cc2ncnc(Nc3cccc(Br)c3)c2cc1OC,COc1cc2ncnc(Nc3cccc(Br)c3)c2cc1OC,1,0,0,0.7777777777777778,CCOc1cc2ncnc(Nc3cccc(Br)c3)c2cc1OCC
AKT1,MCF7,9,0,42,66,COc1cc2CCN3Cc4c(OC)c(O)ccc4CC3c2cc1O,COc1cc2c(cc1O)C1Cc3ccc(O)c(OC)c3CN1CC2,1,0,0,0.2698412698412698,COc1cc(C=C2SC(=O)NC2=O)ccc1O
AKT1,MCF7,9,0,42,67,COCCOc1cc2ncnc(Nc3cccc(c3)C#C)c2cc1OCCOC,C#Cc1cccc(Nc2ncnc3cc(OCCOC)c(OCCOC)cc23)c1,1,0,0,0.543859649122807,CCOc1cc2ncnc(Nc3cccc(Br)c3)c2cc1OCC
AKT1,MCF7,9,0,42,68,CC1CC(CC(C)(C)C1)OC(=O)c1ccccc1O,CC1CC(OC(=O)c2ccccc2O)CC(C)(C)C1,1,0,0,0.22950819672131148,COC(=O)c1ccccc1-c1ccc2c(c1)Nc1ccccc1NC2=O
AKT1,MCF7,9,0,42,69,COc1cc2c3n([C@H](C)c4ccccn4)c(=O)[nH]c3cnc2cc1-c1c(C)noc1C,COc1cc2c(cc1-c1c(C)noc1C)ncc1[nH]c(=O)n([C@H](C)c3ccccn3)c12,1,0,0,0.24731182795698925,COc1cc2nccc(Oc3ccc(NC(=S)NC(=O)c4ccccc4C)cc3)c2cc1OC
AKT1,MCF7,9,0,42,70,Cc1ccc(cc1)C(=O)N2c3ccccc3Sc4ccccc24,Cc1ccc(C(=O)N2c3ccccc3Sc3ccccc32)cc1,1,0,0,0.49019607843137253,COc1ccc(C(=O)N2c3ccccc3Sc3c(Cl)cncc32)cc1
AKT1,MCF7,9,0,42,71,CC(C)C(=O)NC(c1ccco1)c2ccc3cccnc3c2O,CC(C)C(=O)NC(c1ccco1)c1ccc2cccnc2c1O,1,0,0,0.2571428571428571,CC(C)N(C(=O)Nc1ccc2nc(-c3ccco3)c(-c3ccco3)nc2c1)C(C)C
AKT1,MCF7,9,0,42,72,Nc1nc(=O)c2nc(CNc3ccc(cc3)C(=O)N[C@@H](CCC(O)=O)C(O)=O)cnc2[nH]1,Nc1nc(=O)c2nc(CNc3ccc(C(=O)N[C@@H](CCC(=O)O)C(=O)O)cc3)cnc2[nH]1,1,0,0,0.25,O=C(Nc1cnc2[nH]cc(-c3ccccc3)c2c1)c1ccc(Cl)cc1
AKT1,MCF7,9,0,42,73,CCn1c2nc(N)nc(C)c2cc(-c2cc[nH]n2)c1=O,CCn1c(=O)c(-c2cc[nH]n2)cc2c(C)nc(N)nc21,1,0,0,0.42424242424242425,Cc1nc(N)nc2c1nc(-c1cc[nH]n1)c(=O)n2C1CCOCC1
AKT1,MCF7,9,0,42,74,CC(C)C[C@H]([C@H](O)C(=O)NO)C(=O)N[C@H](C(=O)OC1CCCC1)c1ccccc1,CC(C)C[C@@H](C(=O)N[C@H](C(=O)OC1CCCC1)c1ccccc1)[C@H](O)C(=O)NO,1,0,0,0.24242424242424243,CC(NC(=O)c1ccc(-c2ccncc2)cc1)c1ccccc1
AKT1,MCF7,9,0,42,75,OC[C@H]1[C@@H]([C@H]2CN(CCCCN12)S(=O)(=O)c1ccccc1)c1ccc(cc1)C#CC1CCCC1,O=S(=O)(c1ccccc1)N1CCCCN2[C@H](C1)[C@@H](c1ccc(C#CC3CCCC3)cc1)[C@@H]2CO,1,0,0,0.19318181818181818,Cc1c[nH]c2ncnc(N3CC[C@@H](NS(=O)(=O)c4ccccc4)C3)c12
AKT1,MCF7,9,0,42,76,C[C@@H]1[C@H](O)CC[C@@]2(C)[C@H]1CC[C@@]1(C)C2[C@H](O)C[C@@H]2[C@]1(C)C[C@H](OC(C)=O)C2=C(/CCC=C(C)C)C(O)=O,CC(=O)O[C@H]1C[C@@]2(C)[C@@H](C[C@@H](O)C3[C@]2(C)CC[C@H]2[C@H](C)[C@H](O)CC[C@]32C)C1=C(CCC=C(C)C)C(=O)O,1,0,0,0.18085106382978725,C=C1CC[C@@H]2[C@](C)(CO)[C@H](O)CC[C@@]2(C)[C@@H]1C=CC1C(=O)OC[C@H]1O
AKT1,MCF7,9,0,42,77,Oc1ccc(cc1)C=CC(=O)c1ccc(O)cc1O,O=C(C=Cc1ccc(O)cc1)c1ccc(O)cc1O,1,0,0,0.2926829268292683,O=C(c1cc2cc(O)ccc2[nH]1)c1cc2cc(O)ccc2[nH]1
AKT1,MCF7,9,0,42,78,Oc1ccc2C3c4cc(O)c(O)cc4CC3(O)COc2c1,Oc1ccc2c(c1)OCC1(O)Cc3cc(O)c(O)cc3C21,1,0,0,0.22033898305084745,O=C1C(=O)C(c2ccc(O)c(O)c2)Oc2cc(O)cc(O)c21
AKT1,MCF7,9,0,42,79,COc1ccccc1C#Cc2ccc3c(O[C@H](CN(C)Cc4cccnc4)[C@H](C)CN([C@H](C)CO)S3(=O)=O)c2,COc1ccccc1C#Cc1ccc2c(c1)O[C@H](CN(C)Cc1cccnc1)[C@H](C)CN([C@H](C)CO)S2(=O)=O,1,0,0,0.20952380952380953,CCOc1nc(C(=O)NCc2cccnc2)cc(N)c1C#N
AKT1,MCF7,9,0,42,80,CCCCCCCCN1C(=O)C(=C(C)C1(C)O)C(=O)C,CCCCCCCCN1C(=O)C(C(C)=O)=C(C)C1(C)O,1,0,0,0.19402985074626866,CCCCNc1ccc2c3c(cccc13)C(=O)N(CCNCCO)C2=O
AKT1,MCF7,9,0,42,81,Clc1ccc(CCC(Cn2ccnc2)Sc2c(Cl)cccc2Cl)cc1,Clc1ccc(CCC(Cn2ccnc2)Sc2c(Cl)cccc2Cl)cc1,1,0,0,0.24096385542168675,CSc1ncc2cc(-c3ccccc3)c(-c3ccc(CNCCCn4ccnc4)cc3)nc2n1
AKT1,MCF7,9,0,42,82,CN1[C@H]2CC[C@@H](CC(=O)N[C@H]3CCN(Cc4ccccc4)C3)O[C@@H]2COc2ccc(NC(=O)Cc3cccs3)cc2C1=O,CN1C(=O)c2cc(NC(=O)Cc3cccs3)ccc2OC[C@H]2O[C@H](CC(=O)N[C@H]3CCN(Cc4ccccc4)C3)CC[C@@H]21,1,0,0,0.2631578947368421,CSc1ncc2cc(-c3ccccc3)c(-c3ccc(CN4CCC(NC(=O)CNC(C)=O)CC4)cc3)nc2n1
AKT1,MCF7,9,0,42,83,CCOC(=O)C(Cc1cc(OC)cc(OC)c1)(Cc2cc(OC)cc(OC)c2)C#N,CCOC(=O)C(C#N)(Cc1cc(OC)cc(OC)c1)Cc1cc(OC)cc(OC)c1,1,0,0,0.2535211267605634,CCOc1nc(NC(=O)Cc2cc(OC)ccc2OC)cc(N)c1C#N
AKT1,MCF7,9,0,42,84,O=C(N1CCC(CC1)n1nc(oc1=O)-c1ccccc1)C1(CCCC1)c1ccccc1,O=C(N1CCC(n2nc(-c3ccccc3)oc2=O)CC1)C1(c2ccccc2)CCCC1,1,0,0,0.2361111111111111,NC1(c2ccc(-c3c(-c4ccccc4)ccc4ccnn34)cc2)CCC1
AKT1,MCF7,9,0,42,85,COc1cc(N(C)CCN(C)C)c(NC(=O)C=C)cc1Nc1nccc(n1)-c1cn(C)c2ccccc12,C=CC(=O)Nc1cc(Nc2nccc(-c3cn(C)c4ccccc34)n2)c(OC)cc1N(C)CCN(C)C,1,0,0,0.2831858407079646,COc1cc2c(cc1Nc1nc(Nc3cccc4c3C(=O)NC4)c3cc[nH]c3n1)N(C(=O)CN(C)C)CC2
AKT1,MCF7,9,0,42,86,ONC(=O)CCCCCCC(=O)Nc1ccccc1,O=C(CCCCCCC(=O)Nc1ccccc1)NO,1,0,0,0.35185185185185186,CCCCCCCCCC(=O)Nc1ccc(S(=O)(=O)Nc2nncs2)cc1
AKT1,MCF7,9,0,42,87,CC(=O)[C@H]1CC[C@H]2[C@@H]3CC[C@H]4C[C@]4(C)Cc4cc(OCC=C(C)C)c(OC)cc4CC3C[C@@H]12,COc1cc2c(cc1OCC=C(C)C)C[C@@]1(C)C[C@@H]1CC[C@@H]1C(C2)C[C@@H]2[C@H]1CC[C@@H]2C(C)=O,1,0,1,0.189873417721519,COc1cc(C=C2SC(=O)NC2=O)ccc1O
AKT1,MCF7,9,0,42,88,O=C(Nc1ccccc1)N1CCN(CC1)c1nc(ns1)-c1ccccc1,O=C(Nc1ccccc1)N1CCN(c2nc(-c3ccccc3)ns2)CC1,1,0,0,0.36231884057971014,COc1cc2ncnc(N3CCN(C(=O)Nc4ccc(Oc5ccccc5)cc4)CC3)c2cc1OC
AKT1,MCF7,9,0,42,89,COc1cc2nc(nc(NC3CCN(Cc4ccccc4)CC3)c2cc1OC)N1CCCN(C)CC1,COc1cc2nc(N3CCCN(C)CC3)nc(NC3CCN(Cc4ccccc4)CC3)c2cc1OC,1,0,0,0.33766233766233766,COc1cc2ncnc(Nc3ccc(OCc4ccccc4)cc3)c2cc1OC
AKT1,MCF7,9,0,42,90,CCN1CCN(Cc2ccc(Nc3ncc4N(C)C(=O)c5ccccc5N(C)c4n3)cc2C(F)(F)F)CC1,CCN1CCN(Cc2ccc(Nc3ncc4c(n3)N(C)c3ccccc3C(=O)N4C)cc2C(F)(F)F)CC1,1,0,0,0.2871287128712871,CN(c1ncccc1CNc1nc(Nc2ccc3[nH]c(O)cc3c2)ncc1C(F)(F)F)S(C)(=O)=O
AKT1,MCF7,9,0,42,91,C[C@H](C=C[C@H](C)C(C)(C)O)[C@H]1CC[C@@H]2[C@]1(C)CCCC2=C/C=C1C[C@@H](O)C[C@H](O)C1,C[C@H](C=C[C@H](C)C(C)(C)O)[C@H]1CC[C@H]2C(=CC=C3C[C@@H](O)C[C@H](O)C3)CCC[C@]12C,1,0,0,0.19047619047619047,C=C1CC[C@@H]2[C@](C)(CO)[C@H](O)CC[C@@]2(C)[C@@H]1C=CC1C(=O)OC[C@H]1O
AKT1,MCF7,9,0,42,92,COc1cccc(c1)c2csc(n2)N3CCN(CC3)C(=Nc4cccc(Cl)c4)S,COc1cccc(-c2csc(N3CCN(C(S)=Nc4cccc(Cl)c4)CC3)n2)c1,1,0,0,0.2972972972972973,COc1cccc(-c2cc3c(O)nc4ccccc4n3c2)c1
AKT1,MCF7,9,0,42,93,Cc1cc(C2CCCCC2)n(O)c(=O)c1,Cc1cc(C2CCCCC2)n(O)c(=O)c1,1,0,0,0.22033898305084745,Cc1ccc(-n2nc(C)c3c(=O)c4cc(Cl)ccc4n(O)c32)cc1
AKT1,MCF7,9,0,42,94,CC(=O)N1CCN(CCOc2ccc(cc2)C2CCN(CC2)C2=Nn3c(CC2)nnc3C(F)(F)F)CC1,CC(=O)N1CCN(CCOc2ccc(C3CCN(C4=Nn5c(nnc5C(F)(F)F)CC4)CC3)cc2)CC1,1,0,0,0.22988505747126436,c1ccc(-c2cnc(Nc3ccc(OCCN4CCCC4)cc3)s2)cc1
AKT1,MCF7,9,0,42,95,CO[C@H]1[C@@H](C[C@@H]2CN3CCc4c([nH]c5cc(OC)ccc45)[C@H]3C[C@@H]2[C@@H]1C(=O)OC)OC(=O)c1cc(OC)c(OC)c(OC)c1,COC(=O)[C@H]1[C@H]2C[C@@H]3c4[nH]c5cc(OC)ccc5c4CCN3C[C@H]2C[C@@H](OC(=O)c2cc(OC)c(OC)c(OC)c2)[C@@H]1OC,1,0,0,0.2,COc1ccc(O)c(C(=O)c2ccc(C(=O)O[C@@H]3CCCNCC3NC(=O)c3ccncc3)cc2)c1F
AKT1,MCF7,9,0,42,96,CC(C)(C)c1cc(cc(c1O)C(C)(C)C)C=C(/C#N)C(N)=S,CC(C)(C)c1cc(C=C(C#N)C(N)=S)cc(C(C)(C)C)c1O,1,0,0,0.5238095238095238,CC(C)(C)c1cc(C=C(C#N)C#N)cc(Br)c1O
AKT1,MCF7,9,0,42,97,CCC1NC(=O)C(C(O)C(C)CC=CC)N(C)C(=O)C(C(C)C)N(C)C(=O)C(CC(C)C)N(C)C(=O)C(CC(C)C)N(C)C(=O)C(C)NC(=O),,0,0,0,,
AKT1,MCF7,9,0,42,98,Nc1nc(=O)n(cc1F)[C@H]1C[C@H](O)[C@@H](CO)O1,Nc1nc(=O)n([C@H]2C[C@H](O)[C@@H](CO)O2)cc1F,1,0,0,0.25757575757575757,Nc1ncnc2c1c(I)nn2C1OC(CO)C(O)C1O
AKT1,MCF7,9,0,42,99,CC(C)CNc1ccnc(NCc2csc(n2)-c2ccccc2)n1,CC(C)CNc1ccnc(NCc2csc(-c3ccccc3)n2)n1,1,0,0,0.2876712328767123,N[C@H](COc1cncc(-c2nc(-c3cccnc3)cs2)c1)Cc1ccccc1
AKT2,MCF7,9,0,42,0,COc1ccc2[nH]c(cc2c1)C(=O)c1ccccc1,COc1ccc2[nH]c(C(=O)c3ccccc3)cc2c1,1,0,0,0.52,CCCC(=O)Oc1ccc2[nH]c(C(=O)c3cc4ccccc4[nH]3)cc2c1
AKT2,MCF7,9,0,42,1,CCCCC(=O)OCC(=O)[C@@]1(O)C[C@H](O[C@H]2C[C@H](NC(=O)C(F)(F)F)[C@H](O)[C@H](C)O2)c2c(O)c3C(=O)c4c(OC)cccc4C(=O)c3c(O)c2C1,CCCCC(=O)OCC(=O)[C@]1(O)Cc2c(O)c3c(c(O)c2[C@@H](O[C@H]2C[C@H](NC(=O)C(F)(F)F)[C@H](O)[C@H](C)O2)C1)C(=O)c1c(OC)cccc1C3=O,1,0,0,0.171875,COc1cc(-c2ccc3c(c2)Nc2ccc(C(=O)NCc4cccc(F)c4)cc2NC3=O)ccc1O
AKT2,MCF7,9,0,42,2,CCC(=O)N(c1ccccc1)c1nc(C(=O)OC2CC(C)C2)cs1,CCC(=O)N(c1ccccc1)c1nc(C(=O)OC2CC(C)C2)cs1,1,0,1,0.22972972972972974,CCCC(=O)Nc1nn(C(=O)CC)c2nc3ccccc3cc12
AKT2,MCF7,9,0,42,3,ONC(=O)CCCCCCC(=O)Nc1ccccc1,O=C(CCCCCCC(=O)Nc1ccccc1)NO,1,0,0,0.3181818181818182,O=C(NCCCCCCNC(=O)Nc1cccnc1)Nc1cccnc1
AKT2,MCF7,9,0,42,4,Oc1ccc(cc1)C1CNCCc2c(Cl)c(O)c(O)cc12,Oc1ccc(C2CNCCc3c2cc(O)c(O)c3Cl)cc1,1,0,0,0.24324324324324326,NC(=O)c1cc(Cl)cc2[nH]c(-c3ccc(C4CCCNC4)cc3F)nc12
AKT2,MCF7,9,0,42,5,CC(C)c1ccc2Sc3cc(F)ccc3CC(N3CCN(CCO)CC3)c2c1,CC(C)c1ccc2c(c1)C(N1CCN(CCO)CC1)Cc1ccc(F)cc1S2,1,0,0,0.19047619047619047,O=c1c2ccccc2[nH]c(=S)n1CCN1CCC(=C(c2ccc(F)cc2)c2ccc(F)cc2)CC1
AKT2,MCF7,9,0,42,6,Oc1cccc2cc(C(=O)Nc3cccc(c3)-c3cn4ccccc4n3)c(=O)oc12,O=C(Nc1cccc(-c2cn3ccccc3n2)c1)c1cc2cccc(O)c2oc1=O,1,0,0,0.2839506172839506,COc1cccc(NC(=O)c2cnn3c(-c4ccccc4)ccnc23)c1
AKT2,MCF7,9,0,42,7,O=c1ccc2ccc(OCCCCN3CCN(CC3)c3cccc4sccc34)cc2[nH]1,O=c1ccc2ccc(OCCCCN3CCN(c4cccc5sccc45)CC3)cc2[nH]1,1,0,0,0.2608695652173913,N#Cc1ccc(-c2n[nH]c3c2Cc2ccc(OCCCCN4CCOCC4)cc2-3)cn1
AKT2,MCF7,9,0,42,8,CC(C)CC1N2C(=O)C(NC(=O)C3CN(C)C4Cc5c(Br)[nH]c6cccc(C4=C3)c56)(OC2(O)C7CCCN7C1=O)C(C)C,CC(C)CC1C(=O)N2CCCC2C2(O)OC(NC(=O)C3C=C4c5cccc6[nH]c(Br)c(c56)CC4N(C)C3)(C(C)C)C(=O)N12,1,0,0,0.1935483870967742,C/C(=C1/C(=O)Nc2ccc(NC(N)=O)cc21)c1cc(CNC(=O)C2CCN(C)CC2)c[nH]1
AKT2,MCF7,9,0,42,9,Cc1ccc(NC(=O)C2(CC2)c2ccc3OC(F)(F)Oc3c2)nc1-c1cccc(c1)C(O)=O,Cc1ccc(NC(=O)C2(c3ccc4c(c3)OC(F)(F)O4)CC2)nc1-c1cccc(C(=O)O)c1,1,0,0,0.2597402597402597,CC(=O)Nc1cc(N)c(C#N)c(-c2ccccc2)n1
AKT2,MCF7,9,0,42,10,CNC(=N)NC(=O)Nc1c(C)cccc1C,CNC(=N)NC(=O)Nc1c(C)cccc1C,1,0,0,0.24528301886792453,CC(=NNC(=N)N)c1cc(NC(=O)c2cccc(C(=O)Nc3cc(C(C)=NNC(=N)N)cc(C(C)=NNC(=N)N)c3)c2)cc(C(C)=NNC(=N)N)c1
AKT2,MCF7,9,0,42,11,CN(Cc1ccco1)c2ncnc3ccc(cc23)c4ccccc4Cl,CN(Cc1ccco1)c1ncnc2ccc(-c3ccccc3Cl)cc12,1,0,0,0.24742268041237114,C=S(O)(O)=CCNCc1ccc(-c2ccc3ncnc(Nc4ccc(OCc5cccc(F)c5)c(Cl)c4)c3c2)o1
AKT2,MCF7,9,0,42,12,C[C@H](CCC(O)=O)[C@H]1CC[C@H]2[C@@H]3CC[C@@H]4C[C@H](O)CC[C@]4(C)[C@H]3C[C@H](O)[C@]12C,C[C@H](CCC(=O)O)[C@H]1CC[C@H]2[C@@H]3CC[C@@H]4C[C@H](O)CC[C@]4(C)[C@H]3C[C@H](O)[C@]12C,1,0,0,0.12371134020618557,C[C@@H]1C[C@@H](O)c2ncnc(N3CCN(C(=O)[C@H](CNCC4CC4)c4ccc(Cl)cc4)CC3)c21
AKT2,MCF7,9,0,42,13,C[C@@H](CO)N1C[C@H](C)[C@@H](CN(C)C(=O)Nc2cccc3ccccc23)OCCCC[C@@H](C)Oc4ccc(NC(=O)c5ccncc5)cc4C1=O,C[C@@H]1CCCCO[C@H](CN(C)C(=O)Nc2cccc3ccccc23)[C@@H](C)CN([C@@H](C)CO)C(=O)c2cc(NC(=O)c3ccncc3)ccc2O1,1,0,0,0.23529411764705882,CC(C)(C)c1cc(NC(=O)Nc2cccc3ccccc23)n(-c2cccc(C(=O)NCC#N)c2)n1
AKT2,MCF7,9,0,42,14,NCCc1c[nH]cn1,NCCc1c[nH]cn1,1,0,0,0.2857142857142857,NCCc1ccc(-c2ncnc3[nH]cnc23)cc1
AKT2,MCF7,9,0,42,15,CCCOc1ccc(cc1-c1nc2c(CCC)cn(CC)c2c(=O)[nH]1)S(=O)(=O)N1CCN(CCO)CC1,CCCOc1ccc(S(=O)(=O)N2CCN(CCO)CC2)cc1-c1nc2c(CCC)cn(CC)c2c(=O)[nH]1,1,0,0,0.22641509433962265,NC(=O)c1cccc2[nH]c(-c3ccc(NC(=O)c4cccc(S(=O)(=O)N5CCOCC5)c4)cc3)nc12
AKT2,MCF7,9,0,42,16,Cn1c2nc[nH]c2c(=O)n(C)c1=O,Cn1c(=O)c2[nH]cnc2n(C)c1=O,1,0,0,0.22,CNCc1ccc(-c2ncnc3nc[nH]c23)cc1
AKT2,MCF7,9,0,42,17,CC(=O)N[C@@H](CS)C(O)=O,CC(=O)N[C@@H](CS)C(=O)O,1,0,0,0.1875,CC(=O)Nc1c(C(N)=O)sc2ccc(Cl)c(Cl)c12
AKT2,MCF7,9,0,42,18,CCCNC(=O)Nc1ccc2OC[C@H](C)N(Cc3ccc(cc3)-c3ccccn3)C[C@@H]2C)cc1,,0,0,0,,
AKT2,MCF7,9,0,42,19,CCN1CCN(CC1)C(=O)Cc1ccc(Nc2ncc(F)c(Nc3ccc(cc3)C(=O)Nc3ccccc3Cl)n2)cc1,CCN1CCN(C(=O)Cc2ccc(Nc3ncc(F)c(Nc4ccc(C(=O)Nc5ccccc5Cl)cc4)n3)cc2)CC1,1,0,0,0.6428571428571429,O=C(Nc1ccccc1Cl)c1ccc(Nc2nc(Nc3ccc(O)cc3)ncc2F)cc1
AKT2,MCF7,9,0,42,20,COc1cc(CCc2cc(NC(=O)c3ccc(cc3)N3C[C@H](C)N[C@H](C)C3)n[nH]2)cc(OC)c1,COc1cc(CCc2cc(NC(=O)c3ccc(N4C[C@@H](C)N[C@@H](C)C4)cc3)n[nH]2)cc(OC)c1,1,0,0,0.28888888888888886,COC(C(=O)N1Cc2[nH]nc(NC(=O)c3ccc(N4CCN(C)CC4)cc3)c2C1)c1ccccc1
AKT2,MCF7,9,0,42,21,COC(=O)NN=Cc1ccc(o1)[N+](=O)[O-],COC(=O)NN=Cc1ccc([N+](=O)[O-])o1,1,0,0,0.38333333333333336,N/C(=N\[N+](=O)[O-])N/N=C\c1ccc(-c2cccc([N+](=O)[O-])c2)o1
AKT2,MCF7,9,0,42,22,CN(C)Cc1cccc(NC(c2ccccc2)=C2/C(=O)Nc3cc(ccc23)C(=O)N(C)C)c1,CN(C)Cc1cccc(NC(=C2C(=O)Nc3cc(C(=O)N(C)C)ccc32)c2ccccc2)c1,1,0,0,0.2967032967032967,CN(C)CCNC(=O)c1cccc(-c2c[nH]c(/C=C3\C(=O)Nc4ccc(NC(N)=O)cc43)c2)c1
AKT2,MCF7,9,0,42,23,CCNC(=O)CCCC=C/C[C@H]1[C@@H](O)C[C@@H](O)[C@@H]1C=CC(O)CCc1ccccc1,CCNC(=O)CCCC=CC[C@@H]1[C@@H](C=CC(O)CCc2ccccc2)[C@H](O)C[C@@H]1O,1,0,0,0.189873417721519,O=C(NC(CO)Cc1ccccc1)c1ccc(-c2ccncc2)cc1
AKT2,MCF7,9,0,42,24,CC1(C)CNc2cc(NC(=O)c3cccnc3NCc3ccncc3)ccc12,CC1(C)CNc2cc(NC(=O)c3cccnc3NCc3ccncc3)ccc21,1,0,0,0.4461538461538462,O=C(Nc1ccc(Cl)cc1)c1ccccc1NCc1ccncc1
AKT2,MCF7,9,0,42,25,COc1ccc(CC2NCCC3=CC(=O)CCC23)cc1O,COc1ccc(CC2NCCC3=CC(=O)CCC32)cc1O,1,0,0,0.2777777777777778,COc1ccc(C=C2SC(=Nc3ccccc3)NC2=O)cc1O
AKT2,MCF7,9,0,42,26,COc1ccc(CN(C)C[C@@H]2OCCCC[C@H](C)Oc3ccc(NC(=O)NC(C)C)cc3C(=O)N(C[C@@H]2C)[C@@H](C)CO)cc1,COc1ccc(CN(C)C[C@@H]2OCCCC[C@H](C)Oc3ccc(NC(=O)NC(C)C)cc3C(=O)N([C@@H](C)CO)C[C@@H]2C)cc1,1,0,0,0.2222222222222222,COc1ccc(NC(=O)Nc2ccc(-c3cccc4onc(N)c34)cc2)cc1Cl
AKT2,MCF7,9,0,42,27,CCCCCCCCc1ccc(CCC(N)(CO)CO)cc1,CCCCCCCCc1ccc(CCC(N)(CO)CO)cc1,1,0,0,0.2549019607843137,CCCCCCCCCCCCOc1ccc(N=C(N)N)cc1N=C(N)N
AKT2,MCF7,9,0,42,28,CCN(Cc1ccncc1)C(=O)C(CO)c1ccccc1,CCN(Cc1ccncc1)C(=O)C(CO)c1ccccc1,1,0,0,0.39622641509433965,O=C(NC(CO)c1ccccc1)c1ccc(-c2ccncc2)cc1
AKT2,MCF7,9,0,42,29,ONC(=O)CCCCCCC(=O)Nc1cccnc1,O=C(CCCCCCC(=O)Nc1cccnc1)NO,1,0,0,0.5609756097560976,O=C(NCCCCCCNC(=O)Nc1cccnc1)Nc1cccnc1
AKT2,MCF7,9,0,42,30,Clc1ccccc1C(c1ccccc1)(c1ccccc1)n1ccnc1,Clc1ccccc1C(c1ccccc1)(c1ccccc1)n1ccnc1,1,0,0,0.21428571428571427,O=C(NNC(=S)Nc1ccc(Cl)cc1)C(O)(c1ccccc1)c1ccccc1
AKT2,MCF7,9,0,42,31,CC(C)NC[C@@H](C(=O)N1CCN(CC1)c1ncnc2[C@@H](O)C[C@@H](C)c12)c1ccc(Cl)cc1,CC(C)NC[C@@H](C(=O)N1CCN(c2ncnc3c2[C@H](C)C[C@@H]3O)CC1)c1ccc(Cl)cc1,1,0,0,0.828125,CC(C)NC[C@@H](C(=O)N1CCN(c2ncnc3c2[C@H](C)C[C@@H]3F)CC1)c1ccc(Cl)cc1
AKT2,MCF7,9,0,42,32,O=C(CNCCNc1ccc(cn1)C#N)N1CCC[C@H]1C#N,N#Cc1ccc(NCCNCC(=O)N2CCC[C@H]2C#N)nc1,1,0,0,0.2894736842105263,N#Cc1ccc(NC(=O)Nc2ccnc3cc(C(F)(F)F)ccc23)nc1
AKT2,MCF7,9,0,42,33,CCOc1cc2ncc(C#N)c(Nc3ccc(OCc4ccccn4)c(Cl)c3)c2cc1NC(=O)C=CCN(C)C,CCOc1cc2ncc(C#N)c(Nc3ccc(OCc4ccccn4)c(Cl)c3)c2cc1NC(=O)C=CCN(C)C,1,0,0,0.25742574257425743,COc1cc(C=O)c(Cl)cc1NC(=O)Nc1cnc(C#N)cn1
AKT2,MCF7,9,0,42,34,CCN1CCN(Cc2ccc(cc2)-c2cc3c(N[C@H](C)c4ccccc4)ncnc3[nH]2)CC1,CCN1CCN(Cc2ccc(-c3cc4c(N[C@H](C)c5ccccc5)ncnc4[nH]3)cc2)CC1,1,0,0,0.3333333333333333,Nc1ncnc2nc(-c3ccc(CN4CCC(c5cc(-c6ccncc6)[nH]n5)CC4)cc3)c(-c3ccccc3)cc12
AKT2,MCF7,9,0,42,35,CC1CC2C(C3C=C(COC(=O)c4ccccc4)C(O)C4(O)C(OC(=O)c5ccccc5)C(C)=CC14C3=O)C2(C)C,CC1=CC23C(=O)C(C=C(COC(=O)c4ccccc4)C(O)C2(O)C1OC(=O)c1ccccc1)C1C(CC3C)C1(C)C,1,0,0,0.18681318681318682,CCOC(=O)c1c(C)[nH]c(/C=C2\C(=O)Nc3ccccc32)c1C
AKT2,MCF7,9,0,42,36,CCCCc1nc2cc(ccc2n1CCN(CC)CC)C=CC(=O)NO,CCCCc1nc2cc(C=CC(=O)NO)ccc2n1CCN(CC)CC,1,0,0,0.2717391304347826,CCCCn1c(NC(=O)c2ccc(C#N)cc2)nc2cc(N(C)C(=O)C3CCCCC3)ccc21
AKT2,MCF7,9,0,42,37,CN1CCC(CC1)Nc1ncc2ncnc(Nc3ccc(F)c(Cl)c3)c2n1,CN1CCC(Nc2ncc3ncnc(Nc4ccc(F)c(Cl)c4)c3n2)CC1,1,0,0,0.4444444444444444,CC#CC(=O)Nc1cc2c(Nc3ccc(F)c(Cl)c3)ncnc2cn1
AKT2,MCF7,9,0,42,38,CN(C)CCOc1ccc(cc1)C(c1ccccc1)=C(CCCl)c1ccccc1,CN(C)CCOc1ccc(C(=C(CCCl)c2ccccc2)c2ccccc2)cc1,1,0,0,0.24285714285714285,CCN(CC)CCOc1ccc(-c2nc3cccc(C(N)=O)c3[nH]2)cc1
AKT2,MCF7,9,0,42,39,Fc1ccc(cc1)C(=O)CCCN1CCC(=CC1)n1c2ccccc2[nH]c1=O,O=C(CCCN1CC=C(n2c(=O)[nH]c3ccccc32)CC1)c1ccc(F)cc1,1,0,0,0.3783783783783784,O=c1c2ccccc2[nH]c(=S)n1CCN1CCC(=C(c2ccc(F)cc2)c2ccc(F)cc2)CC1
AKT2,MCF7,9,0,42,40,CCCCC(C)(C)[C@H](O)C=C[C@H]1[C@H](O)CC(=O)[C@@H]1CCCCCCC(=O)O,CCCCC(C)(C)[C@H](O)C=C[C@H]1[C@H](O)CC(=O)[C@@H]1CCCCCCC(=O)O,1,0,1,0.14444444444444443,Cc1c(CCC(=O)O)c[nH]c1/C=C1\C(=O)Nc2ccc(NC(N)=O)cc21
AKT2,MCF7,9,0,42,41,NCC[C@@H](O)C(=O)N[C@@H]1C[C@H](N)[C@@H](O[C@H]2O[C@H](CN)[C@@H](O)[C@H](O)[C@H]2O)[C@H](O)[C@H]1O[C@H]1O[C@H](CO)[C@@H](O)[C@H](N)C1O,NCC[C@@H](O)C(=O)N[C@@H]1C[C@H](N)[C@@H](O[C@H]2O[C@H](CN)[C@@H](O)[C@H](O)[C@H]2O)[C@H](O)[C@H]1O[C@H]1O[C@H](CO)[C@@H](O)[C@H](N)C1O,1,0,0,0.17857142857142858,Nc1ncnc2c1c(I)nn2C1OC(CO)C(O)C1O
AKT2,MCF7,9,0,42,42,COc1ccc2cc(CCC(C)=O)ccc2c1,COc1ccc2cc(CCC(C)=O)ccc2c1,1,0,0,0.3269230769230769,CCN1/C(=C/C(C)=O)Sc2ccc(OC)cc21
AKT2,MCF7,9,0,42,43,CNC(=O)c1ccc(cc1F)N1C(=S)N(C(=O)C1(C)C)c1ccc(C#N)c(c1)C(F)(F)F,CNC(=O)c1ccc(N2C(=S)N(c3ccc(C#N)c(C(F)(F)F)c3)C(=O)C2(C)C)cc1F,1,0,0,0.2073170731707317,CNC(=O)c1cc2c(-c3ccccc3F)[nH]nc2s1
AKT2,MCF7,9,0,42,44,CN(C)CCCN1c2ccccc2CCc2ccccc12,CN(C)CCCN1c2ccccc2CCc2ccccc21,1,0,0,0.2463768115942029,COc1ccc2c(c1)c(C1=C(c3c[nH]c4ccccc34)C(=O)NC1=O)cn2CCCN(C)C
AKT2,MCF7,9,0,42,45,COc1ccc2c3c([C@@H](CO)N(Cc4ccncc4)C[C@]33CCN(CC3)C(=O)Cc3ccncc3)n(C)c2c1,COc1ccc2c3c(n(C)c2c1)[C@@H](CO)N(Cc1ccncc1)CC31CCN(C(=O)Cc2ccncc2)CC1,1,0,0,0.24175824175824176,COc1cccc(C(C)NC(=O)c2cnc(-c3ccncc3)s2)c1
AKT2,MCF7,9,0,42,46,O[C@H]1COC[C@@H]2O[C@@H](CC(=O)NCc3cccc(F)c3)CC[C@H]2N(Cc2cocn2)C1,O=C(C[C@H]1CC[C@@H]2[C@H](COC[C@H](O)CN2Cc2cocn2)O1)NCc1cccc(F)c1,1,0,0,0.22857142857142856,COc1cc(-c2ccc3c(c2)Nc2ccc(C(=O)NCc4cccc(F)c4)cc2NC3=O)ccc1O
AKT2,MCF7,9,0,42,47,CC(C)Nc1cc(-c2c[nH]c(c2)C(=O)N[C@H](CO)c2cccc(Cl)c2)c(Cl)cn1,CC(C)Nc1cc(-c2c[nH]c(C(=O)N[C@H](CO)c3cccc(Cl)c3)c2)c(Cl)cn1,1,0,0,0.3380281690140845,O=C(NC(CO)c1cc(Cl)cc(Cl)c1)c1ccc(-c2ccncc2)cc1
AKT2,MCF7,9,0,42,48,CCc1ccc(cc1)C=CC(=O)NC1=NCCS1,CCc1ccc(C=CC(=O)NC2=NCCS2)cc1,1,0,0,0.2111111111111111,CCN(CC)CCNC(=O)C=Cc1cnc(N)c2c(-c3ccc(NC(=O)Nc4cccc(C)c4)cc3)csc12
AKT2,MCF7,9,0,42,49,CC1(C)CCC(C)(C)c2cc(NC(=O)c3ccc(cc3)C(O)=O)ccc12,CC1(C)CCC(C)(C)c2cc(NC(=O)c3ccc(C(=O)O)cc3)ccc21,1,0,0,0.3333333333333333,O=C(Nc1ccc2cn[nH]c2c1)c1ccc(Cl)cc1
AKT2,MCF7,9,0,42,50,N[C@H]1[C@@H](CC[C@@H](OC(=O)N2CCC(CC2)n2c3cccnc3[nH]c2=O)c2ncccc12)c1cccc(F)c1F,N[C@@H]1c2cccnc2[C@H](OC(=O)N2CCC(n3c(=O)[nH]c4ncccc43)CC2)CC[C@H]1c1cccc(F)c1F,1,0,0,0.2621359223300971,Nc1n[nH]c2nc(-c3ccc(CN4CCC(n5c(=O)[nH]c6ccccc65)CC4)cc3)c(-c3ccccc3)cc12
AKT2,MCF7,9,0,42,51,C[C@]1(CCCN1)c1nc2c(cccc2[nH]1)C(N)=O,C[C@@]1(c2nc3c(C(N)=O)cccc3[nH]2)CCCN1,1,0,0,0.39705882352941174,NC(=O)c1cccc2[nH]c(-c3ccc(C4CCCNC4)cc3F)nc12
AKT2,MCF7,9,0,42,52,Nc1nc2ccc(Cl)cc2c2nc(nn12)-c1ccco1,Nc1nc2ccc(Cl)cc2c2nc(-c3ccco3)nn12,1,0,0,0.2857142857142857,CN(C)C(=O)Nc1ccc2nc(-c3ccco3)c(-c3ccco3)nc2c1
AKT2,MCF7,9,0,42,53,Oc1c(Br)cc(C=C2C(=O)Nc3ccc(I)cc23)cc1Br,O=C1Nc2ccc(I)cc2C1=Cc1cc(Br)c(O)c(Br)c1,1,0,0,0.5416666666666666,O=C1Nc2ccc(Cl)cc2/C1=C/c1cc(Cl)c(O)c(Cl)c1
AKT2,MCF7,9,0,42,54,Clc1ccc(cc1)C1(CCNCC1)c1ccc(cc1)-c1cn[nH]c1,Clc1ccc(C2(c3ccc(-c4cn[nH]c4)cc3)CCNCC2)cc1,1,0,0,0.7692307692307693,c1ccc(C2(c3ccc(-c4cn[nH]c4)cc3)CCNCC2)cc1
AKT2,MCF7,9,0,42,55,CO[C@@H]1C[C@H](O[C@H]2CC[C@]3(C)C4CC[C@]5(C)[C@H](CC[C@]5(O)[C@@H]4CC[C@]3(O)C2)C6=CC(=O)OC6)O[C@H](C)[C@@H]1O,CO[C@@H]1C[C@H](O[C@H]2CC[C@]3(C)C4CC[C@]5(C)[C@@H](C6=CC(=O)OC6)CC[C@]5(O)[C@@H]4CC[C@]3(O)C2)O[C@H](C)[C@@H]1O,1,0,0,0.1597222222222222,CO[C@H]1C[C@@H]2CC[C@@H](C)[C@@](O)(O2)C(=O)C(=O)N2CCCC[C@H]2C(=O)O[C@H]([C@H](C)C[C@@H]2CC[C@@H](O)[C@H](OC)C2)CC(=O)C(C)=CC(C)[C@@H](O)[C@@H](OC)C(=O)[C@H](C)C[C@H](C)C=CC=CC=C1C
AKT2,MCF7,9,0,42,56,Oc1ccc2C[C@H]3N(CC=C)CC[C@@]45[C@@H](Oc1c24)C(=O)CC[C@@]35O,C=CCN1CC[C@]23c4c5ccc(O)c4O[C@H]2C(=O)CC[C@@]3(O)[C@H]1C5,1,0,0,0.1625,COc1cc(C=C2SC(=S)NC2=O)ccc1O
AKT2,MCF7,9,0,42,57,COc1ccccc1C#Cc2ccc3c(O[C@H](CN(C)Cc4cccnc4)[C@H](C)CN([C@H](C)CO)S3(=O)=O)c2,COc1ccccc1C#Cc1ccc2c(c1)O[C@H](CN(C)Cc1cccnc1)[C@H](C)CN([C@H](C)CO)S2(=O)=O,1,0,0,0.20952380952380953,CCOc1nc(C(=O)NCc2cccnc2)cc(N)c1C#N
AKT2,MCF7,9,0,42,58,CC[C@H]1N(C2CCCC2)c2nc(Nc3ccc(cc3OC)C(=O)NC3CCN(C)CC3)ncc2N(C)C1=O,CC[C@@H]1C(=O)N(C)c2cnc(Nc3ccc(C(=O)NC4CCN(C)CC4)cc3OC)nc2N1C1CCCC1,1,0,0,1.0,CCC1C(=O)N(C)c2cnc(Nc3ccc(C(=O)NC4CCN(C)CC4)cc3OC)nc2N1C1CCCC1
AKT2,MCF7,9,0,42,59,CN(C)c1ccc(/C=C/2CSC(=S)NC2=O)cc1,CN(C)c1ccc(/C=C2\CSC(=S)NC2=O)cc1,1,0,0,0.3392857142857143,COc1cc(C=C2SC(=S)NC2=O)ccc1O
AKT2,MCF7,9,0,42,60,Clc1cc(Cl)c(OCC(=O)NN=Cc2ccc[nH]2)c(Cl)c1,O=C(COc1c(Cl)cc(Cl)cc1Cl)NN=Cc1ccc[nH]1,1,0,0,0.2835820895522388,NC(=O)Nc1ccc2c(c1)/C(=C/c1ccc[nH]1)C(=O)N2
AKT2,MCF7,9,0,42,61,NC(=O)Nc1ccc(cc1).c1ccccc1,NC(=O)Nc1ccccc1.c1ccccc1,1,0,1,0.3409090909090909,Nc1n[nH]c2cccc(-c3ccc(NC(=O)Nc4ccccc4)cc3)c12
AKT2,MCF7,9,0,42,62,Oc1ccc(cc1)-c1sc2cc(O)ccc2c1C(=O)c1ccc(OCCN2CCCCC2)cc1,O=C(c1ccc(OCCN2CCCCC2)cc1)c1c(-c2ccc(O)cc2)sc2cc(O)ccc12,1,0,0,0.35714285714285715,c1ccc(-c2cnc(Nc3ccc(OCCN4CCCC4)cc3)s2)cc1
AKT2,MCF7,9,0,42,63,COc1ccc(cc1)C(=O)N1CCCC1=O,COc1ccc(C(=O)N2CCCC2=O)cc1,1,0,0,0.3220338983050847,COc1ccc(C(=O)N2c3ccccc3Sc3c(Cl)cncc32)cc1
AKT2,MCF7,9,0,42,64,COCCCCC(=NOCCN)c1ccc(cc1)C(F)(F)F,COCCCCC(=NOCCN)c1ccc(C(F)(F)F)cc1,1,0,0,0.21428571428571427,COc1cccc(C(CN)NC(=O)c2ccc(-c3ccncc3)cc2)c1
AKT2,MCF7,9,0,42,65,CC(=O)N1CCC[C@H]1C(=O)N[C@@H](Cc1c[nH]cn1)C(=O)N[C@@H](CO)C(=O)N[C@@H](CS)C(=O)N[C@@H](CC(N)=O)C(N)=O,CC(=O)N1CCC[C@H]1C(=O)N[C@@H](Cc1c[nH]cn1)C(=O)N[C@@H](CO)C(=O)N[C@@H](CS)C(=O)N[C@@H](CC(N)=O)C(N)=O,1,0,0,0.21739130434782608,Nc1nn(CCc2c[nH]cn2)c2nc(-c3ccc(CN4CCC(n5c(O)nc6ccccc65)CC4)cc3)c(-c3ccccc3)cc12
AKT2,MCF7,9,0,42,66,COc1cc2CCN3Cc4c(OC)c(O)ccc4CC3c2cc1O,COc1cc2c(cc1O)C1Cc3ccc(O)c(OC)c3CN1CC2,1,0,0,0.2698412698412698,COc1cc(C=C2SC(=O)NC2=O)ccc1O
AKT2,MCF7,9,0,42,67,COCCOC(=O)N1C(=O)[C@]2([C@@H]([C@@H]3N([C@@H]2c4ccc(O)cc4)[C@H]([C@H](OC3=O)c5ccccc5)c6ccccc6)C(=O)Nc6nc7ccccc8s9,,0,0,0,,
AKT2,MCF7,9,0,42,68,CC1CC(C)C(=O)C(C1)C(O)CC2CC(=O)NC(=O)C2,CC1CC(C)C(=O)C(C(O)CC2CC(=O)NC(=O)C2)C1,1,0,0,0.17094017094017094,CO[C@H]1C[C@@H]2CC[C@@H](C)[C@@](O)(O2)C(=O)C(=O)N2CCCC[C@H]2C(=O)O[C@H]([C@H](C)C[C@@H]2CC[C@@H](O)[C@H](OC)C2)CC(=O)C(C)=CC(C)[C@@H](O)[C@@H](OC)C(=O)[C@H](C)C[C@H](C)C=CC=CC=C1C
AKT2,MCF7,9,0,42,69,C[C@]1(Cn2ccnn2)C(N2C(CC2=O)S1(=O)=O)C(O)=O,C[C@]1(Cn2ccnn2)C(C(=O)O)N2C(=O)CC2S1(=O)=O,1,0,0,0.18055555555555555,Cc1cccc(C2(c3cccc(C)c3)CC2C(=O)Nc2ccncc2)c1
AKT2,MCF7,9,0,42,70,Cc1ccc(cc1)C(=C/CN1CCCC1)c1ccccn1,Cc1ccc(C(=CCN2CCCC2)c2ccccn2)cc1,1,0,0,0.2727272727272727,CN1C/C(=C\c2ccccn2)C(=O)/C(=C/c2ccccn2)C1
AKT2,MCF7,9,0,42,71,CC(NCC(O)CP(=O)(O)CC1CCCCC1)c2ccc(Cl)c(Cl)c2,CC(NCC(O)CP(=O)(O)CC1CCCCC1)c1ccc(Cl)c(Cl)c1,1,0,0,0.24444444444444444,CC(C)NC[C@@H](C(=O)N1CCN(c2ncnc3c2[C@H](C)C[C@H]3O)CC1)c1ccc(Cl)c(F)c1
AKT2,MCF7,9,0,42,72,Nc1nc(=O)c2nc(CNc3ccc(cc3)C(=O)N[C@@H](CCC(O)=O)C(O)=O)cnc2[nH]1,Nc1nc(=O)c2nc(CNc3ccc(C(=O)N[C@@H](CCC(=O)O)C(=O)O)cc3)cnc2[nH]1,1,0,0,0.25,O=C(Nc1cnc2[nH]cc(-c3ccccc3)c2c1)c1ccc(Cl)cc1
AKT2,MCF7,9,0,42,73,CCC(C)n1ncn(-c2ccc(cc2)N2CCN(CC2)c2ccc(OC[C@H]3CO[C@@](Cn4cncn4)(O3)c3ccc(Cl)cc3Cl)cc2)c1=O,CCC(C)n1ncn(-c2ccc(N3CCN(c4ccc(OC[C@H]5CO[C@](Cn6cncn6)(c6ccc(Cl)cc6Cl)O5)cc4)CC3)cc2)c1=O,1,0,0,0.21296296296296297,N[C@H](Cc1ccc(Cl)cc1Cl)C(=O)N1CCN(c2ncnc3ccccc23)CC1
AKT2,MCF7,9,0,42,74,NC(=O)c1ncn(C2OC(COP(O)(O)=O)C(O)C2O)c1N,NC(=O)c1ncn(C2OC(COP(=O)(O)O)C(O)C2O)c1N,1,0,0,0.27941176470588236,Nc1ncnc2c1c(I)nn2C1OC(CO)C(O)C1O
AKT2,MCF7,9,0,42,75,OC[C@H]1[C@@H]([C@@H]2CNCC(=O)N12)c1ccc(cc1)C#CC1CCCCC1,O=C1CNC[C@H]2[C@@H](c3ccc(C#CC4CCCCC4)cc3)[C@H](CO)N12,1,0,1,0.16853932584269662,CN(C(=O)C1CCCCC1)c1ccc2c(c1)nc(NC(=O)c1ccc(C#N)cc1)n2C
AKT2,MCF7,9,0,42,76,CCC1CCC2OC3(CC[C@@H](C)C(C[C@H](C)O)O3)[C@H](C)C(OC(=O)C=C[C@@H](C)[C@H](O)[C@@H](C)C(=O)[C@H](C)[C@@H](O)[C@H](C)C(=O)[C@@](C)(O)[C@H](O)[C@@H](C)CC=C,,0,0,0,,
AKT2,MCF7,9,0,42,77,Oc1ccc(cc1)C=CC(=O)c1ccc(O)cc1O,O=C(C=Cc1ccc(O)cc1)c1ccc(O)cc1O,1,0,0,0.2926829268292683,O=C(c1cc2cc(O)ccc2[nH]1)c1cc2cc(O)ccc2[nH]1
AKT2,MCF7,9,0,42,78,Oc1cc(O)c2c(c1)oc(cc2=O)-c1ccc(O)c(O)c1,O=c1cc(-c2ccc(O)c(O)c2)oc2cc(O)cc(O)c12,1,0,0,0.24285714285714285,CN1CCC(c2c(O)cc(O)c3c(=O)cc(-c4ccccc4Cl)oc23)C(O)C1
AKT2,MCF7,9,0,42,79,COc1ccccc1C#Cc2ccc3c(O[C@H](CN(C)Cc4cccnc4)[C@H](C)CN([C@H](C)CO)S3(=O)=O)c2,COc1ccccc1C#Cc1ccc2c(c1)O[C@H](CN(C)Cc1cccnc1)[C@H](C)CN([C@H](C)CO)S2(=O)=O,1,1,0,0.20952380952380953,CCOc1nc(C(=O)NCc2cccnc2)cc(N)c1C#N
AKT2,MCF7,9,0,42,80,CCCCCCCCCCCCCCOc1ccc(o1)C(O)=O,CCCCCCCCCCCCCCOc1ccc(C(=O)O)o1,1,0,0,0.32,CCCCCCCCCCCCOc1ccc(N=C(N)N)cc1N=C(N)N
AKT2,MCF7,9,0,42,81,Clc1ccc(CCC(Cn2ccnc2)Sc2c(Cl)cccc2Cl)cc1,Clc1ccc(CCC(Cn2ccnc2)Sc2c(Cl)cccc2Cl)cc1,1,0,0,0.24096385542168675,CSc1ncc2cc(-c3ccccc3)c(-c3ccc(CNCCCn4ccnc4)cc3)nc2n1
AKT2,MCF7,9,0,42,82,CN1CCN(CCCN2c3ccccc3Sc3ccc(Cl)cc23)CC1,CN1CCN(CCCN2c3ccccc3Sc3ccc(Cl)cc32)CC1,1,0,0,0.25316455696202533,CSc1ncc2cc(-c3ccccc3)c(-c3ccc(CNCCCN4CCN(C)CC4)cc3)nc2n1
AKT2,MCF7,9,0,42,83,CCOC(=O)C(Cc1cc(OC)cc(OC)c1)(Cc2cc(OC)cc(OC)c2)C#N,CCOC(=O)C(C#N)(Cc1cc(OC)cc(OC)c1)Cc1cc(OC)cc(OC)c1,1,0,0,0.2535211267605634,CCOc1nc(NC(=O)Cc2cc(OC)ccc2OC)cc(N)c1C#N
AKT2,MCF7,9,0,42,84,OC(=O)CCC=C/C[C@@H]1CO[C@@H](O[C@@H]1c1ccccc1O)c1ccccc1Cl,O=C(O)CCC=CC[C@@H]1CO[C@H](c2ccccc2Cl)O[C@@H]1c1ccccc1O,1,0,0,0.21176470588235294,CN1CCC(c2c(O)cc(O)c3c(=O)cc(-c4ccccc4Cl)oc23)C(O)C1
AKT2,MCF7,9,0,42,85,COc1cc(cc(OC)c1OC)-c1cc(cnc1N)-c1cccc(O)c1,COc1cc(-c2cc(-c3cccc(O)c3)cnc2N)cc(OC)c1OC,1,0,0,0.35185185185185186,Nc1noc2cccc(-c3cccc(O)c3)c12
AKT2,MCF7,9,0,42,86,O=C(NC1CCN(CCc2c[nH]c3ccccc23)CC1)c1ccccc1,O=C(NC1CCN(CCc2c[nH]c3ccccc23)CC1)c1ccccc1,1,0,0,0.3380281690140845,CN1CCC(NC(=O)c2cc3c(-c4ccccc4)[nH]nc3s2)CC1
AKT2,MCF7,9,0,42,87,CC(=O)[C@H]1CC[C@H]2[C@@H]3CC[C@H]4C[C@](C)(O)CC[C@]4(C)[C@H]3CC[C@]12C,CC(=O)[C@H]1CC[C@H]2[C@@H]3CC[C@H]4C[C@](C)(O)CC[C@]4(C)[C@H]3CC[C@]12C,1,0,0,0.14925373134328357,Cc1cccc(C2(c3cccc(C)c3)CC2C(=O)Nc2ccncc2)c1
AKT2,MCF7,9,0,42,88,O=C(NC1CCN(CCc2c[nH]c3ccccc23)CC1)c1ccccc1,O=C(NC1CCN(CCc2c[nH]c3ccccc23)CC1)c1ccccc1,1,1,0,0.3380281690140845,CN1CCC(NC(=O)c2cc3c(-c4ccccc4)[nH]nc3s2)CC1
AKT2,MCF7,9,0,42,89,COc1cc2nc(nc(N)c2cc1OC)N(C)CCCNC(=O)C1CCCO1,COc1cc2nc(N(C)CCCNC(=O)C3CCCO3)nc(N)c2cc1OC,1,0,0,0.26136363636363635,COc1cc2ncnc(N3CCN(C(=O)Nc4ccc(Oc5ccccc5)cc4)CC3)c2cc1OC
AKT2,MCF7,9,0,42,90,CCN1CCN(Cc2ccc(Nc3ncc4N(C)C(=O)c5ccccc5N(C)c4n3)cc2C(F)(F)F)CC1,CCN1CCN(Cc2ccc(Nc3ncc4c(n3)N(C)c3ccccc3C(=O)N4C)cc2C(F)(F)F)CC1,1,0,0,0.2871287128712871,CN(c1ncccc1CNc1nc(Nc2ccc3[nH]c(O)cc3c2)ncc1C(F)(F)F)S(C)(=O)=O
AKT2,MCF7,9,0,42,91,CCN1CCN(C(=O)N[C@@H](C(=O)N[C@H]2[C@H]3SCC(CSc4nnnn4C)=C(N3C2=O)C(O)=O)c2ccc(O)cc2)C(=O)C1=O,CCN1CCN(C(=O)N[C@@H](C(=O)N[C@@H]2C(=O)N3C(C(=O)O)=C(CSc4nnnn4C)CS[C@H]23)c2ccc(O)cc2)C(=O)C1=O,1,0,0,0.16806722689075632,CN1CCC(C(=O)n2nc(N)c3cc(-c4cn(Cc5ccccc5)nn4)ccc32)CC1
AKT2,MCF7,9,0,42,92,COc1cccc(c1)c2ccc3ncnc(NCc4cccc(C)c4)c3c2,COc1cccc(-c2ccc3ncnc(NCc4cccc(C)c4)c3c2)c1,1,0,0,0.43103448275862066,COc1cccc(Nc2ncnc3ccccc23)c1
AKT2,MCF7,9,0,42,93,Cc1cc(C)nc(NS(=O)(=O)c2cc(C)ccc2C)n1,Cc1ccc(C)c(S(=O)(=O)Nc2nc(C)cc(C)n2)c1,1,0,1,0.2692307692307692,Cc1nc2ccc(NS(=O)(=O)c3ccc(N)cc3)cc2nc1C
AKT2,MCF7,9,0,42,94,OC(=O)CCNC(=O)c1ccc(cc1)N=Nc1ccc(O)c(c1)C(O)=O,O=C(O)CCNC(=O)c1ccc(N=Nc2ccc(O)c(C(=O)O)c2)cc1,1,0,0,0.26785714285714285,O=C(NCc1ccccc1)c1ccc(-c2ccncc2)cc1
AKT2,MCF7,9,0,42,95,CO[C@H]1C[C@H](C)CC2=C(NCC=C)C(=O)C=C(NC(=O)C(C)=CC=C/[C@H](OC)[C@@H](OC(N)=O)C(C)=C[C@H](C)[C@H]1O)C2=O,C=CCNC1=C2C[C@@H](C)C[C@H](OC)[C@H](O)[C@@H](C)C=C(C)[C@H](OC(N)=O)[C@@H](OC)C=CC=C(C)C(=O)NC(=CC1=O)C2=O,1,0,0,0.5157894736842106,CO[C@H]1[C@@H](OC)C[C@H](C)[C@@H](OC)C2=CC(=O)C=C(NC(=O)C(C)=CC=C[C@H](OC)[C@@H](OC(N)=O)C(C)=C[C@@H]1C)C2=O
AKT2,MCF7,9,0,42,96,CC(C)(C)NC[C@H](O)c1ccc(O)c(CO)c1,CC(C)(C)NC[C@H](O)c1ccc(O)c(CO)c1,1,0,0,0.2222222222222222,C[C@@H]1C[C@@H](O)c2ncnc(N3CCN(C(=O)[C@H](CNC(C)(C)C)c4ccc(C(F)(F)F)c(F)c4)CC3)c21
AKT2,MCF7,9,0,42,97,CCCN(CCC)C(=O)C(CCC(O)=O)NC(=O)c1ccccc1,CCCN(CCC)C(=O)C(CCC(=O)O)NC(=O)c1ccccc1,1,0,0,0.3090909090909091,CC(NC(=O)c1ccc(-c2ccncc2)cc1)c1ccccc1
AKT2,MCF7,9,0,42,98,Nc1nc(=O)n(cc1F)[C@H]1C[C@H](O)[C@@H](CO)O1,Nc1nc(=O)n([C@H]2C[C@H](O)[C@@H](CO)O2)cc1F,1,0,0,0.25757575757575757,Nc1ncnc2c1c(I)nn2C1OC(CO)C(O)C1O
AKT2,MCF7,9,0,42,99,CC(C)COc1ccc(CNC(=O)N(Cc2ccc(F)cc2)C2CCN(C)CC2)cc1,CC(C)COc1ccc(CNC(=O)N(Cc2ccc(F)cc2)C2CCN(C)CC2)cc1,1,0,0,0.2875,NC1(C(=O)NCc2ccc(F)cc2)CCN(c2ncnc3[nH]ccc23)CC1
AURKB,MCF7,9,0,42,0,COc1ccc2C[C@@H]3N(CCc4cc(OC)c(O)cc34)Cc2c1O,COc1cc2c(cc1O)[C@@H]1Cc3ccc(OC)c(O)c3CN1CC2,1,0,0,0.2714285714285714,COc1ccc(C=C2SC(=Nc3ccccc3)NC2=O)cc1O
AURKB,MCF7,9,0,42,1,CCCCC(=O)OCC(=O)[C@@]1(O)C[C@H](O[C@H]2C[C@H](NC(=O)C(F)(F)F)[C@H](O)[C@H](C)O2)c2c(O)c3C(=O)c4c(OC)cccc4C(=O)c3c(O)c2C1,CCCCC(=O)OCC(=O)[C@]1(O)Cc2c(O)c3c(c(O)c2[C@@H](O[C@H]2C[C@H](NC(=O)C(F)(F)F)[C@H](O)[C@H](C)O2)C1)C(=O)c1c(OC)cccc1C3=O,1,0,0,0.171875,COc1cc(-c2ccc3c(c2)Nc2ccc(C(=O)NCc4cccc(F)c4)cc2NC3=O)ccc1O
AURKB,MCF7,9,0,42,2,CCC(C)N(C)C(=O)c1cc2CN([C@@H](CCO)c2c(n1)-c1cccc(c1)-c1cccc(OC)c1)[S@@](=O)C(C)(C)C,CCC(C)N(C)C(=O)c1cc2c(c(-c3cccc(-c4cccc(OC)c4)c3)n1)[C@H](CCO)N([S@@](=O)C(C)(C)C)C2,1,0,1,0.24719101123595505,COc1cccc(-c2cc3c(O)nc4ccccc4n3c2)c1
AURKB,MCF7,9,0,42,3,ONC(=O)CCCCCCC(=O)Nc1ccccc1,O=C(CCCCCCC(=O)Nc1ccccc1)NO,1,0,0,0.4074074074074074,O=C(CCCCCCC(=NO)c1ncco1)Nc1cccc(-c2ccccc2)c1
AURKB,MCF7,9,0,42,4,Oc1ccc(cc1)C1CNCCc2c(Cl)c(O)c(O)cc12,Oc1ccc(C2CNCCc3c2cc(O)c(O)c3Cl)cc1,1,0,0,0.24324324324324326,NC(=O)c1cc(Cl)cc2[nH]c(-c3ccc(C4CCCNC4)cc3F)nc12
AURKB,MCF7,9,0,42,5,CC[C@H]1[C@@H](Cc2cncn2C)COC1=O,CC[C@@H]1C(=O)OC[C@@H]1Cc1cncn1C,1,0,0,0.20987654320987653,CN1CCN(C(=O)c2cc(Nc3ncc4cc(-c5cncn5C)n(C5CCCC5)c4n3)cn2C)CC1
AURKB,MCF7,9,0,42,6,Oc1cccc(c1)-c1c2CCc(n2)c(-c2cccc(O)c2)c2ccc([nH]2)c(-c2cccc(O)c2)c2ccc(n2)c(-c2cccc(O)c2)c2ccc1[nH]2,Oc1cccc(-c2c3nc(c(-c4cccc(O)c4)c4ccc([nH]4)c(-c4cccc(O)c4)c4nc(c(-c5cccc(O)c5)c5ccc2[nH]5)CC4)C=C3)c1,1,0,0,0.2727272727272727,Nc1noc2cccc(-c3cccc(O)c3)c12
AURKB,MCF7,9,0,42,7,O=c1ccc2ccc(OCCCCN3CCN(CC3)c3cccc4sccc34)cc2[nH]1,O=c1ccc2ccc(OCCCCN3CCN(c4cccc5sccc45)CC3)cc2[nH]1,1,0,0,0.3076923076923077,COc1cc2c(Oc3ccc(-c4nc5ccccc5s4)cc3)ncnc2cc1OCCCN1CCN(C)CC1
AURKB,MCF7,9,0,42,8,CC(=O)N1CCN(CCOc2ccc(cc2)C2CCN(CC2)C2=Nn3c(CC2)nnc3C(F)(F)F)CC1,CC(=O)N1CCN(CCOc2ccc(C3CCN(C4=Nn5c(nnc5C(F)(F)F)CC4)CC3)cc2)CC1,1,0,0,0.24528301886792453,CN1CCN(CCOc2ccc(-c3cc4c(NCCc5ccc(NC(=O)Nc6ccccc6)cc5)ncnc4o3)cc2)CC1
AURKB,MCF7,9,0,42,9,Cc1ccc(NC(=O)c2cccc(c2)C(C)(C)C#N)cc1Nc1ccc2ncn(C)c(=O)c2c1,Cc1ccc(NC(=O)c2cccc(C(C)(C)C#N)c2)cc1Nc1ccc2ncn(C)c(=O)c2c1,1,0,0,0.3076923076923077,O=C(Nc1ccc2n[nH]cc2c1)c1cccc(F)c1
AURKB,MCF7,9,0,42,10,COc1cc(F)c(F)c(Nc2ccc(I)cc2F)c1NS(=O)(=O)C1(C[C@H](O)CO)CC1,COc1cc(F)c(F)c(Nc2ccc(I)cc2F)c1NS(=O)(=O)C1(C[C@H](O)CO)CC1,1,0,0,0.20909090909090908,COc1cc2c(Nc3cc(CC(=O)Nc4cccc(F)c4F)n[nH]3)ncnc2cc1OCCCN1CCN(CCO)CC1
AURKB,MCF7,9,0,42,11,CN(Cc1ccco1)c2ncnc3ccc(cc23)c4ccccc4Cl,CN(Cc1ccco1)c1ncnc2ccc(-c3ccccc3Cl)cc12,1,0,0,0.25,COc1ccc(-c2cc(-c3ccccc3)c3cc(Cl)ccc3n2)cc1
AURKB,MCF7,9,0,42,12,C[C@H](CCCC(C)(C)O)[C@@H]1CC[C@@H]2[C@]1(C)CCCC2=C/C=C1/C[C@@H](O)C[C@H](O)C1=C,C=C1/C(=C\C=C2CCC[C@@]3(C)[C@H]2CC[C@H]3[C@H](C)CCCC(C)(C)O)C[C@@H](O)C[C@@H]1O,1,0,0,0.15789473684210525,Cc1cc(Nc2cc(C)c(C#N)c(NC(C)CCCC(C)(C)O)n2)[nH]n1
AURKB,MCF7,9,0,42,13,C[C@@H]1COC(Nc2ccc3ncnc(Nc4ccc(OCc5nccs5)c(Cl)c4)c3c2)=N1,C[C@@H]1COC(Nc2ccc3ncnc(Nc4ccc(OCc5nccs5)c(Cl)c4)c3c2)=N1,1,0,0,0.3783783783783784,COc1cc2ncnc(Nc3ccc(F)c(Cl)c3)c2cc1OC
AURKB,MCF7,9,0,42,14,NC(=N)NN=C/c1c(Cl)cccc1Cl,N=C(N)NN=Cc1c(Cl)cccc1Cl,1,0,0,0.3,CC(=NNC(=N)N)c1cc(NC(=O)c2cccc(C(=O)Nc3cc(C(C)=NNC(=N)N)cc(C(C)=NNC(=N)N)c3)c2)cc(C(C)=NNC(=N)N)c1
AURKB,MCF7,9,0,42,15,CCN1CCN(CC1)c1cc(-c2ccc(F)cc2)c2CCCCCCc2n1,CCN1CCN(c2cc(-c3ccc(F)cc3)c3c(n2)CCCCCC3)CC1,1,0,0,0.2702702702702703,Fc1ccc(-c2ncn(CCN3CCOCC3)c2-c2ccc3[nH]ncc3c2)cc1
AURKB,MCF7,9,0,42,16,Cn1c2ncn(CC3OCCO3)c2c(=O)n(C)c1=O,Cn1c(=O)c2c(ncn2CC2OCCO2)n(C)c1=O,1,0,0,0.21052631578947367,Cn1c(=O)c(Oc2ccc(F)cc2F)cc2cnc(NC3CCOCC3)nc21
AURKB,MCF7,9,0,42,17,CC(C)c1cc(/C=C(C#N)/C(=O)NCCCc2ccccc2)cc(C(C)C)c1O,CC(C)c1cc(/C=C(\C#N)C(=O)NCCCc2ccccc2)cc(C(C)C)c1O,1,0,0,0.4915254237288136,N#C/C(=C\c1ccc(O)c(O)c1)C(=O)NCc1ccccc1
AURKB,MCF7,9,0,42,18,CCCNC(=O)Nc1ccc2OC[C@H](C)N(Cc3ccc(cc3)-c3ccccn3)C[C@@H]2C)cc1,,0,0,0,,
AURKB,MCF7,9,0,42,19,CC(=O)Nc1nc(C)c(s1)-c1ccc(Cl)c(c1)S(=O)(=O)NCCO,CC(=O)Nc1nc(C)c(-c2ccc(Cl)c(S(=O)(=O)NCCO)c2)s1,1,0,0,0.34146341463414637,Cc1cc(NC(=O)CCNC(=O)Nc2nc(C)c(-c3ccc(-n4cccn4)cc3)s2)no1
AURKB,MCF7,9,0,42,20,COc1cc(CCc2cc(NC(=O)c3ccc(cc3)N3C[C@H](C)N[C@H](C)C3)n[nH]2)cc(OC)c1,COc1cc(CCc2cc(NC(=O)c3ccc(N4C[C@@H](C)N[C@@H](C)C4)cc3)n[nH]2)cc(OC)c1,1,0,0,0.29333333333333333,COc1cccc(CNC(=O)c2ccc(-c3ccncc3)cc2)c1
AURKB,MCF7,9,0,42,21,COC1CC(CC(C)C2CC(=O)C(C)C=C(C)C(O)C(OC)C(=O)C(C)CC(C)C=CC=CC=C(C)C(CC3CCC(C)C(O)(O3)C(=O)C(=O)N3CC,,0,0,0,,
AURKB,MCF7,9,0,42,22,CN(C)Cc1cccc(NC(c2ccccc2)=C2/C(=O)Nc3cc(ccc23)C(=O)N(C)C)c1,CN(C)Cc1cccc(NC(=C2C(=O)Nc3cc(C(=O)N(C)C)ccc32)c2ccccc2)c1,1,0,0,0.3055555555555556,C/C(Nc1ccc(S(N)(=O)=O)cc1)=C1/C(=O)Nc2ccccc21
AURKB,MCF7,9,0,42,23,CCOC(=O)CCc1cnccc1c2cccc(OC)c2O,CCOC(=O)CCc1cnccc1-c1cccc(OC)c1O,1,0,0,0.30158730158730157,CCOC(=O)Cc1nc2cccc(N)c2[nH]1
AURKB,MCF7,9,0,42,24,CC1(C)CCC(CN2CCN(CC2)c2ccc(C(=O)NS(=O)(=O)c3ccc(NCC4CCOCC4)c(c3)[N+]([O-])=O)c(Oc3cnc4[nH]ccc4c3)c2)=C(C1)c,,0,0,0,,
AURKB,MCF7,9,0,42,25,COc1ccc(CC2NCCC3=CC(=O)CCC23)cc1O,COc1ccc(CC2NCCC3=CC(=O)CCC32)cc1O,1,0,0,0.27941176470588236,COc1ccc(-c2cc(=O)c3c(O)c(OC)c(OC)cc3o2)cc1O
AURKB,MCF7,9,0,42,26,COc1ccc(COc2cc3oc(=O)c4cc(ccc4c3cc2OC)C(C)O)cc1,COc1ccc(COc2cc3oc(=O)c4cc(C(C)O)ccc4c3cc2OC)cc1,1,0,0,0.26506024096385544,COCCNC(=O)c1cccc2cc(Oc3ncnc4cc(OC)c(OC)cc34)ccc12
AURKB,MCF7,9,0,42,27,CCCCCCCCc1ccc(CCC(N)(CO)CO)cc1,CCCCCCCCc1ccc(CCC(N)(CO)CO)cc1,1,0,0,0.2549019607843137,CCCCCCCCCCCCOc1ccc(N=C(N)N)cc1N=C(N)N
AURKB,MCF7,9,0,42,28,CCN(Cc1ccccc1)C(=O)Cn1c2nc(ncc2n(C)c1=O)-c1ccccc1,CCN(Cc1ccccc1)C(=O)Cn1c(=O)n(C)c2cnc(-c3ccccc3)nc21,1,0,0,0.25396825396825395,Cn1sc(=O)n(Cc2ccccc2)c1=O
AURKB,MCF7,9,0,42,29,ONC(=O)CCCCCCC(=O)Nc1cccnc1,O=C(CCCCCCC(=O)Nc1cccnc1)NO,1,0,0,0.5609756097560976,O=C(NCCCCCCNC(=O)Nc1cccnc1)Nc1cccnc1
AURKB,MCF7,9,0,42,30,Clc1ccccc1C(c1ccccc1)(c1ccccc1)n1ccnc1,Clc1ccccc1C(c1ccccc1)(c1ccccc1)n1ccnc1,1,0,0,0.21428571428571427,O=C(NNC(=S)Nc1ccc(Cl)cc1)C(O)(c1ccccc1)c1ccccc1
AURKB,MCF7,9,0,42,31,CN1CCN(CC1)c1ccc(OC(F)(F)F)c(Nc2ncc3CCc4c(nn(CCO)c4-c3n2)C(N)=O)c1,CN1CCN(c2ccc(OC(F)(F)F)c(Nc3ncc4c(n3)-c3c(c(C(N)=O)nn3CCO)CC4)c2)CC1,1,0,0,0.3333333333333333,CN1CCN(c2cccc(Nc3nccc(-c4c(C(N)=O)nc5ccccn45)n3)c2)CC1
AURKB,MCF7,9,0,42,32,ONC(=O)CCCCCCC(=O)Nc1cccnc1,O=C(CCCCCCC(=O)Nc1cccnc1)NO,1,1,0,0.5609756097560976,O=C(NCCCCCCNC(=O)Nc1cccnc1)Nc1cccnc1
AURKB,MCF7,9,0,42,33,CCOc1cc2ncc(C#N)c(Nc3ccc(OCc4ccccn4)c(Cl)c3)c2cc1NC(=O)C=CCN(C)C,CCOc1cc2ncc(C#N)c(Nc3ccc(OCc4ccccn4)c(Cl)c3)c2cc1NC(=O)C=CCN(C)C,1,0,0,0.25742574257425743,COc1cc(C=O)c(Cl)cc1NC(=O)Nc1cnc(C#N)cn1
AURKB,MCF7,9,0,42,34,CCNC(=O)c1cc2CN([C@@H](CCO)c2c(n1)-c1cccc(c1)-c1cccc(OC)c1)[S@](=O)C(C)(C)C,CCNC(=O)c1cc2c(c(-c3cccc(-c4cccc(OC)c4)c3)n1)[C@H](CCO)N([S@](=O)C(C)(C)C)C2,1,0,1,0.2804878048780488,COc1cccc(CNC(=O)c2ccc(-c3ccncc3)cc2)c1
AURKB,MCF7,9,0,42,35,CC1CC2C(C3C=C(COC(=O)c4ccccc4)C(O)C4(O)C(OC(=O)c5ccccc5)C(C)=CC14C3=O)C2(C)C,CC1=CC23C(=O)C(C=C(COC(=O)c4ccccc4)C(O)C2(O)C1OC(=O)c1ccccc1)C1C(CC3C)C1(C)C,1,0,0,0.18681318681318682,CCOC(=O)c1c(C)[nH]c(/C=C2\C(=O)Nc3ccccc32)c1C
AURKB,MCF7,9,0,42,36,CCCCc1nc2cc(ccc2n1CCN(CC)CC)C=CC(=O)NO,CCCCc1nc2cc(C=CC(=O)NO)ccc2n1CCN(CC)CC,1,0,0,0.2717391304347826,CCCCn1c(NC(=O)c2ccc(C#N)cc2)nc2cc(N(C)C(=O)C3CCCCC3)ccc21
AURKB,MCF7,9,0,42,37,COc1ccccc1OCCNCC(O)COc1cccc2[nH]c3ccccc3c12,COc1ccccc1OCCNCC(O)COc1cccc2[nH]c3ccccc3c12,1,0,0,0.29333333333333333,COc1ccc(C=NNc2ncnc3c2[nH]c2ccccc23)cc1OC
AURKB,MCF7,9,0,42,38,CN(C)CCOc1ccc(cc1)C(c1ccccc1)=C(CCCl)c1ccccc1,CN(C)CCOc1ccc(C(=C(CCCl)c2ccccc2)c2ccccc2)cc1,1,0,0,0.2948717948717949,CN(C)CCOc1ccc(-c2cc3c(NCCc4ccc(NC(=O)Nc5ccccc5)cc4)ncnc3o2)cc1
AURKB,MCF7,9,0,42,39,COc1ccc(NS(=O)(=O)c2sc3ccc(Cl)cc3c2C)cc1N1CCNCC1,COc1ccc(NS(=O)(=O)c2sc3ccc(Cl)cc3c2C)cc1N1CCNCC1,1,0,0,0.2653061224489796,COc1cc2c(Nc3ccc(-c4nc5cc(Cl)ccc5s4)cc3)ncnc2cc1OCCCN1CCN(C)CC1
AURKB,MCF7,9,0,42,40,CCC1(O)CC2CN(C1)CCc3c([nH]c4ccccc34)C(C2)(C(=O)OC)c5cc6c(cc5OC)N(C=O)C7C86CCN9CC=CC(CC)(C98)C(C(=O)OC,,0,0,0,,
AURKB,MCF7,9,0,42,41,NC(=N)NCCN1CCCCCCC1,N=C(N)NCCN1CCCCCCC1,1,0,0,0.27586206896551724,NC(=O)c1cccc2nc(-c3cccc(NCCN4CCCC4)n3)[nH]c12
AURKB,MCF7,9,0,42,42,COc1ccc2cc(ccc2c1)[C@H](C)CO,COc1ccc2cc([C@H](C)CO)ccc2c1,1,0,0,0.2903225806451613,COc1ccc(CNc2nc(N(CCO)CCO)nc3c2ncn3C(C)C)cc1
AURKB,MCF7,9,0,42,43,CNC(=O)c1ccccc1Sc1ccc2c(C=Cc3ccccn3)n[nH]c2c1,CNC(=O)c1ccccc1Sc1ccc2c(C=Cc3ccccn3)n[nH]c2c1,1,0,0,1.0,CNC(=O)c1ccccc1Sc1ccc2c(/C=C/c3ccccn3)n[nH]c2c1
AURKB,MCF7,9,0,42,44,CN(C)CCCN1c2ccccc2CCc2ccccc12,CN(C)CCCN1c2ccccc2CCc2ccccc21,1,0,0,0.275,CN(C)CCCc1c(/C=C2\C(=O)Nc3ccc(S(=O)(=O)N4CCc5ccccc54)cc32)[nH]c2c1C(=O)CCC2
AURKB,MCF7,9,0,42,45,COc1ccc2c3c([C@@H](CO)N(Cc4ccncc4)C[C@]33CCN(CC3)C(=O)Cc3ccncc3)n(C)c2c1,COc1ccc2c3c(n(C)c2c1)[C@@H](CO)N(Cc1ccncc1)CC31CCN(C(=O)Cc2ccncc2)CC1,1,0,0,0.2872340425531915,O=C(Cc1ccc(OC(F)(F)F)cc1)N1CCC2(CC1)NCCc1c2[nH]c2ccccc12
AURKB,MCF7,9,0,42,46,OCCONC(=O)c1cc(CN2OCCCC2=O)c(F)c(F)c1Nc1ccc(I)cc1F,O=C(NOCCO)c1cc(CN2OCCCC2=O)c(F)c(F)c1Nc1ccc(I)cc1F,1,0,0,0.2,Cc1cc(C)c2oc(Nc3ccc(-c4cccc(C(N)=O)c4N)cc3F)nc2c1
AURKB,MCF7,9,0,42,47,CC(C)CNc1ccnc(NCc2csc(n2)-c2ccccc2)n1,CC(C)CNc1ccnc(NCc2csc(-c3ccccc3)n2)n1,1,0,0,0.38333333333333336,CC(C)Nc1nccc(Nc2ncc(-c3ccccc3)s2)n1
AURKB,MCF7,9,0,42,48,C[C@@H]1O[C@@H](OC[C@H]2OC(Oc3c(oc4cc(O)cc(O)c4c3=O)-c3ccc(O)c(O)c3)[C@H](O)[C@@H](O)[C@@H]2O)[C@H](O)[C@H](O)[C@H]1O,C[C@@H]1O[C@@H](OC[C@H]2OC(Oc3c(-c4ccc(O)c(O)c4)oc4cc(O)cc(O)c4c3=O)[C@H](O)[C@@H](O)[C@@H]2O)[C@H](O)[C@H](O)[C@H]1O,1,0,0,0.3088235294117647,Cc1cc(O)cc2oc3cc(O)cc(O)c3c(=O)c12
AURKB,MCF7,9,0,42,49,CC1(C)CCC(C)(C)c2cc(NC(=O)c3ccc(cc3)C(O)=O)ccc12,CC1(C)CCC(C)(C)c2cc(NC(=O)c3ccc(C(=O)O)cc3)ccc21,1,0,0,0.3333333333333333,O=C(Nc1ccc2cn[nH]c2c1)c1ccc(Cl)cc1
AURKB,MCF7,9,0,42,50,Nc1ccc(cc1)-c1cccc2c1oc(cc2=O)N1CCOCC1,Nc1ccc(-c2cccc3c(=O)cc(N4CCOCC4)oc23)cc1,1,0,0,0.2878787878787879,Nc1nc(-c2ccc3c(N)n[nH]c3c2)cc(N2CCOCC2)n1
AURKB,MCF7,9,0,42,51,CCC(c1ccc(O)cc1)=C(CC)c1ccc(O)cc1,CCC(=C(CC)c1ccc(O)cc1)c1ccc(O)cc1,1,0,0,0.2,N#C/C(=C\c1ccc(O)cc1)C(=N)C(C#N)C#N
AURKB,MCF7,9,0,42,52,Nc1nc2ccc(Cl)cc2c2nc(nn12)-c1ccco1,Nc1nc2ccc(Cl)cc2c2nc(-c3ccco3)nn12,1,0,0,0.2857142857142857,CN(C)C(=O)Nc1ccc2nc(-c3ccco3)c(-c3ccco3)nc2c1
AURKB,MCF7,9,0,42,53,Oc1c(Br)cc(C=C2C(=O)Nc3ccc(I)cc23)cc1Br,O=C1Nc2ccc(I)cc2C1=Cc1cc(Br)c(O)c(Br)c1,1,0,0,0.5416666666666666,O=C1Nc2ccc(Cl)cc2/C1=C/c1cc(Cl)c(O)c(Cl)c1
AURKB,MCF7,9,0,42,54,Clc1ccc(cc1)C1(CCNCC1)c1ccc(cc1)-c1cn[nH]c1,Clc1ccc(C2(c3ccc(-c4cn[nH]c4)cc3)CCNCC2)cc1,1,0,0,0.4807692307692308,Clc1ccc(C2(c3ccc(-c4ncnc5[nH]cnc45)cc3)CCNCC2)cc1
AURKB,MCF7,9,0,42,55,CO[C@@H]1C[C@H](O[C@H]2CC[C@]3(C)C4CC[C@]5(C)[C@H](CC[C@]5(O)[C@@H]4CC[C@]3(O)C2)C6=CC(=O)OC6)O[C@H](C)[C@@H]1O,CO[C@@H]1C[C@H](O[C@H]2CC[C@]3(C)C4CC[C@]5(C)[C@@H](C6=CC(=O)OC6)CC[C@]5(O)[C@@H]4CC[C@]3(O)C2)O[C@H](C)[C@@H]1O,1,0,0,0.1597222222222222,CO[C@H]1C[C@@H]2CC[C@@H](C)[C@@](O)(O2)C(=O)C(=O)N2CCCC[C@H]2C(=O)O[C@H]([C@H](C)C[C@@H]2CC[C@@H](O)[C@H](OC)C2)CC(=O)C(C)=CC(C)[C@@H](O)[C@@H](OC)C(=O)[C@H](C)C[C@H](C)C=CC=CC=C1C
AURKB,MCF7,9,0,42,56,Oc1ccc2CC3N(CC4CC4)CC[C@@]45[C@@H](Oc1c24)C(=O)C(C[C@@]35O)=Cc1ccccc1,O=C1C(=Cc2ccccc2)C[C@@]2(O)C3Cc4ccc(O)c5c4[C@@]2(CCN3CC2CC2)[C@H]1O5,1,0,0,0.2,O=C1NC(=NCc2ccccc2)S/C1=C/c1ccc(O)cc1
AURKB,MCF7,9,0,42,57,COc1ccc2cccc(CCNC(C)=O)c2c1,COc1ccc2cccc(CCNC(C)=O)c2c1,1,0,0,0.34328358208955223,COc1ccc(-c2nc3c(NCCCNC(C)=O)c(Br)cnc3[nH]2)cc1
AURKB,MCF7,9,0,42,58,CC[C@H]1N(C2CCCC2)c2nc(Nc3ccc(cc3OC)C(=O)NC3CCN(C)CC3)ncc2N(C)C1=O,CC[C@@H]1C(=O)N(C)c2cnc(Nc3ccc(C(=O)NC4CCN(C)CC4)cc3OC)nc2N1C1CCCC1,1,0,0,1.0,CCC1C(=O)N(C)c2cnc(Nc3ccc(C(=O)NC4CCN(C)CC4)cc3OC)nc2N1C1CCCC1
AURKB,MCF7,9,0,42,59,CN(C)c1ccc(/C=C/2CSC(=S)NC2=O)cc1,CN(C)c1ccc(/C=C2\CSC(=S)NC2=O)cc1,1,0,0,0.3392857142857143,COc1cc(C=C2SC(=S)NC2=O)ccc1O
AURKB,MCF7,9,0,42,60,Clc1cc(Cl)c(OCC(=O)NN=Cc2ccc[nH]2)c(Cl)c1,O=C(COc1c(Cl)cc(Cl)cc1Cl)NN=Cc1ccc[nH]1,1,0,0,0.30666666666666664,O=C(CCC(=O)Nc1cc(C(F)(F)F)ccc1Cl)NN=Cc1c[nH]c2ccccc12
AURKB,MCF7,9,0,42,61,NC(=O)Nc1ccc(cc1).c1ccccc1,NC(=O)Nc1ccccc1.c1ccccc1,1,0,1,0.34146341463414637,O=C(NN=Cc1cc(Br)c(O)c(Br)c1)Nc1ccccc1
AURKB,MCF7,9,0,42,62,Oc1ccc(cc1)-c1sc2cc(O)ccc2c1C(=O)c1ccc(OCCN2CCCCC2)cc1,O=C(c1ccc(OCCN2CCCCC2)cc1)c1c(-c2ccc(O)cc2)sc2cc(O)ccc12,1,0,0,0.35714285714285715,c1ccc(-c2cnc(Nc3ccc(OCCN4CCCC4)cc3)s2)cc1
AURKB,MCF7,9,0,42,63,COc1ccc(cc1)N(C(C(=O)NC2CCCCC2)c3cccnc3)C(=O)CCl,COc1ccc(N(C(=O)CCl)C(C(=O)NC2CCCCC2)c2cccnc2)cc1,1,0,0,0.2804878048780488,COc1cccc(C(C)NC(=O)c2ccc(-c3ccncc3C)cc2)c1
AURKB,MCF7,9,0,42,64,COCCOC(=O)N1C(=O)[C@]2([C@@H]([C@@H]3N([C@@H]2c4ccc(O)cc4)[C@H]([C@H](OC3=O)c5ccccc5)c6ccccc6)C(=O)Nc7nc8ccccc8s7)c9cc(C#CCC,,0,0,0,,
AURKB,MCF7,9,0,42,65,COc1cc2ncnc(Nc3cccc(Br)c3)c2cc1OC,COc1cc2ncnc(Nc3cccc(Br)c3)c2cc1OC,1,0,0,0.7777777777777778,CCOc1cc2ncnc(Nc3cccc(Br)c3)c2cc1OCC
AURKB,MCF7,9,0,42,66,COc1cc2CC[C@H](NC(C)=O)c3cc(=O)c(OC)ccc3-c2c(OC)c1OC,COc1cc2c(c(OC)c1OC)-c1ccc(OC)c(=O)cc1[C@@H](NC(C)=O)CC2,1,0,0,0.2535211267605634,COc1ccc(-c2cc(=O)c3c(O)c(OC)c(OC)cc3o2)cc1O
AURKB,MCF7,9,0,42,67,COC[C@H](NC(=O)[C@H](COC)NC(=O)c1cnc(C)s1)C(=O)N[C@@H](Cc1ccccc1)C(=O)C1(C)CO1,COC[C@H](NC(=O)c1cnc(C)s1)C(=O)N[C@@H](COC)C(=O)N[C@@H](Cc1ccccc1)C(=O)C1(C)CO1,1,0,0,0.2926829268292683,COc1cccc(C(C)NC(=O)c2cnc(-c3ccncc3)s2)c1
AURKB,MCF7,9,0,42,68,CC1CC(CC(C)(C)C1)OC(=O)c1ccccc1O,CC1CC(OC(=O)c2ccccc2O)CC(C)(C)C1,1,0,0,0.20833333333333334,COC(=O)c1cc(O)c(O)c(C[C@]2(C)[C@@H](C)CC[C@@]3(C)C(C)=CCC[C@@H]23)c1
AURKB,MCF7,9,0,42,69,COc1cc2c3n([C@H](C)c4ccccn4)c(=O)[nH]c3cnc2cc1-c1c(C)noc1C,COc1cc2c(cc1-c1c(C)noc1C)ncc1[nH]c(=O)n([C@H](C)c3ccccn3)c12,1,0,0,0.25842696629213485,COc1cc2nccc(Oc3ccc4c(C(=O)NC(C)C)cccc4c3)c2cc1OC
AURKB,MCF7,9,0,42,70,Cc1ccc(cc1)C(=O)N2c3ccccc3Sc4ccccc24,Cc1ccc(C(=O)N2c3ccccc3Sc3ccccc32)cc1,1,0,0,0.49019607843137253,COc1ccc(C(=O)N2c3ccccc3Sc3c(Cl)cncc32)cc1
AURKB,MCF7,9,0,42,71,CC(C)C(=O)OCCC(SSC(CCOC(=O)C(C)C)=C(/C)N(Cc1cnc(C)nc1N)C=O)=C(C)N(Cc1cnc(C)nc1N)C=O,CC(=C(CCOC(=O)C(C)C)SSC(CCOC(=O)C(C)C)=C(C)N(C=O)Cc1cnc(C)nc1N)N(C=O)Cc1cnc(C)nc1N,1,0,0,0.2,CC(C)CC(CO)NC(=O)C=Cc1cnc(N)c2ccccc12
AURKB,MCF7,9,0,42,72,Nc1nc(=O)c2nc(CNc3ccc(cc3)C(=O)N[C@@H](CCC(O)=O)C(O)=O)cnc2[nH]1,Nc1nc(=O)c2nc(CNc3ccc(C(=O)N[C@@H](CCC(=O)O)C(=O)O)cc3)cnc2[nH]1,1,0,0,0.25,O=C(Nc1cnc2[nH]cc(-c3ccccc3)c2c1)c1ccc(Cl)cc1
AURKB,MCF7,9,0,42,73,CCC(C)n1ncn(-c2ccc(cc2)N2CCN(CC2)c2ccc(OC[C@H]3CO[C@@](Cn4cncn4)(O3)c3ccc(Cl)cc3Cl)cc2)c1=O,CCC(C)n1ncn(-c2ccc(N3CCN(c4ccc(OC[C@H]5CO[C@](Cn6cncn6)(c6ccc(Cl)cc6Cl)O5)cc4)CC3)cc2)c1=O,1,0,0,0.20161290322580644,COc1cc(-c2ccc3c(c2)Nc2ccc(CCOc4ccc(N5CCOCC5)cc4)cc2NC3=O)ccc1OCC(O)CO
AURKB,MCF7,9,0,42,74,CC(C)C[C@H]([C@H](O)C(=O)NO)C(=O)N[C@H](C(=O)OC1CCCC1)c1ccccc1,CC(C)C[C@@H](C(=O)N[C@H](C(=O)OC1CCCC1)c1ccccc1)[C@H](O)C(=O)NO,1,0,0,0.24242424242424243,CC(NC(=O)c1ccc(-c2ccncc2)cc1)c1ccccc1
AURKB,MCF7,9,0,42,75,CN1CCN(CC1)c1ccc2nc([nH]c2c1)-c1c(N)c2c(F)cccc2[nH]c1=O,CN1CCN(c2ccc3nc(-c4c(N)c5c(F)cccc5[nH]c4=O)[nH]c3c2)CC1,1,0,0,0.5277777777777778,CN1CCN(c2ccc3nc(C4C(=O)N=c5cccc(F)c5=C4N)[nH]c3c2)CC1
AURKB,MCF7,9,0,42,76,CCC1CC(=O)N(C(=O)c2ccc(cc2)-c2ccc(OC)c(Cl)c2)c2ccccc12,CCC1CC(=O)N(C(=O)c2ccc(-c3ccc(OC)c(Cl)c3)cc2)c2ccccc21,1,0,1,0.32,COc1ccc(C(=O)N2c3ccccc3Sc3c(Cl)cncc32)cc1
AURKB,MCF7,9,0,42,77,Oc1ccc(cc1)C=CC(=O)c1ccc(O)cc1O,O=C(C=Cc1ccc(O)cc1)c1ccc(O)cc1O,1,0,0,0.25925925925925924,CCC(=O)Nc1ccc(C(=O)N2CCNCC2)c(O)c1
AURKB,MCF7,9,0,42,78,Oc1cc(O)c2c(c1)oc(cc2=O)-c1ccc(O)c(O)c1,O=c1cc(-c2ccc(O)c(O)c2)oc2cc(O)cc(O)c12,1,0,0,0.48,COc1ccc(-c2cc(=O)c3c(O)c(OC)c(OC)cc3o2)cc1O
AURKB,MCF7,9,0,42,79,COc1ccccc1C1c2c(Oc3ncn(-c4ccccc4)c(=N)c13)ccc1ccccc21,COc1ccccc1C1c2c(ncn(-c3ccccc3)c2=N)Oc2ccc3ccccc3c21,1,0,0,0.23529411764705882,COc1ccc(OC)c2c(S)c3ccccc3nc12
AURKB,MCF7,9,0,42,80,CCCCCCCCCc1ccc(OCCOCCOCCOCCOCCOCCOCCOCCOCCO)cc1,CCCCCCCCCc1ccc(OCCOCCOCCOCCOCCOCCOCCOCCOCCO)cc1,1,0,0,0.2830188679245283,CCCCCCCCCCCCOc1ccc(N=C(N)N)cc1N=C(N)N
AURKB,MCF7,9,0,42,81,Clc1ccc(CCC(Cn2ccnc2)Sc2c(Cl)cccc2Cl)cc1,Clc1ccc(CCC(Cn2ccnc2)Sc2c(Cl)cccc2Cl)cc1,1,0,0,0.22727272727272727,Clc1ccc(Nc2nnc(Cc3ccncc3)c3ccccc23)cc1
AURKB,MCF7,9,0,42,82,CN1[C@H]2CC[C@@H](CC(=O)N[C@H]3CCN(Cc4ccccc4)C3)O[C@@H]2COc2ccc(NC(=O)Cc3cccs3)cc2C1=O,CN1C(=O)c2cc(NC(=O)Cc3cccs3)ccc2OC[C@H]2O[C@H](CC(=O)N[C@H]3CCN(Cc4ccccc4)C3)CC[C@@H]21,1,0,0,0.375,CN1CCN(Cc2cccc(/C=C/c3n[nH]c4ccc(NC(=O)Cc5cccs5)cc34)c2)CC1
AURKB,MCF7,9,0,42,83,CCOC(=O)C(Cc1cc(OC)cc(OC)c1)(Cc2cc(OC)cc(OC)c2)C#N,CCOC(=O)C(C#N)(Cc1cc(OC)cc(OC)c1)Cc1cc(OC)cc(OC)c1,1,0,0,0.2535211267605634,CCOc1nc(NC(=O)Cc2cc(OC)ccc2OC)cc(N)c1C#N
AURKB,MCF7,9,0,42,84,O=C(N1CCC(CC1)n1nc(oc1=O)-c1ccccc1)C1(CCCC1)c1ccccc1,O=C(N1CCC(n2nc(-c3ccccc3)oc2=O)CC1)C1(c2ccccc2)CCCC1,1,0,0,0.22535211267605634,OC1CCN(c2ncnc3[nH]cc(-c4ccccc4)c23)CC1
AURKB,MCF7,9,0,42,85,COc1cc(cc(OC)c1OC)[C@H]1[C@@H]2[C@H](COC2=O)[C@@H](O)c2cc3OCOc3cc12,COc1cc([C@@H]2c3cc4c(cc3[C@H](O)[C@H]3COC(=O)[C@H]23)OCO4)cc(OC)c1OC,1,0,0,0.29411764705882354,COc1ccc2c(c[n+](C)c3c4cc5c(cc4ccc23)OCO5)c1OC
AURKB,MCF7,9,0,42,86,ONC(=O)CCCCCCC(=O)Nc1ccccc1,O=C(CCCCCCC(=O)Nc1ccccc1)NO,1,1,0,0.4074074074074074,O=C(CCCCCCC(=NO)c1ncco1)Nc1cccc(-c2ccccc2)c1
AURKB,MCF7,9,0,42,87,CC(=O)[C@H]1CC[C@H]2[C@@H]3CC[C@H]4C[C@](C)(O)CC[C@]4(C)[C@H]3CC[C@]12C,CC(=O)[C@H]1CC[C@H]2[C@@H]3CC[C@H]4C[C@](C)(O)CC[C@]4(C)[C@H]3CC[C@]12C,1,0,0,0.14925373134328357,Cc1cccc(C2(c3cccc(C)c3)CC2C(=O)Nc2ccncc2)c1
AURKB,MCF7,9,0,42,88,O=C(N1CCNCC1)c1ccc(cc1)C=Cc1n[nH]c2ccccc12,O=C(c1ccc(C=Cc2n[nH]c3ccccc23)cc1)N1CCNCC1,1,0,0,0.660377358490566,O=C(c1ccc(/C=C/c2[nH]nc3ccccc23)cc1)N1CCNCC1
AURKB,MCF7,9,0,42,89,COc1cc2nc(nc(NC3CCN(Cc4ccccc4)CC3)c2cc1OC)N1CCCN(C)CC1,COc1cc2nc(N3CCCN(C)CC3)nc(NC3CCN(Cc4ccccc4)CC3)c2cc1OC,1,0,0,0.34782608695652173,COc1cc2c(Nc3ccc(-c4nc5ccccc5s4)cc3)ncnc2cc1OCCCN1CCN(C)CC1
AURKB,MCF7,9,0,42,90,CCN1CCN(Cc2ccc(Nc3ncc4N(C)C(=O)c5ccccc5N(C)c4n3)cc2C(F)(F)F)CC1,CCN1CCN(Cc2ccc(Nc3ncc4c(n3)N(C)c3ccccc3C(=O)N4C)cc2C(F)(F)F)CC1,1,0,0,0.39325842696629215,CCN1CCN(Cc2ccc(NC(=O)Nc3ccc(Oc4cc(NC)ncn4)cc3)cc2C(F)(F)F)CC1
AURKB,MCF7,9,0,42,91,CCN1CCN(CC1)c1ccc(Nc2cc(ncn2)N(C)C(=O)Nc2c(Cl)c(OC)cc(OC)c2Cl)cc1,CCN1CCN(c2ccc(Nc3cc(N(C)C(=O)Nc4c(Cl)c(OC)cc(OC)c4Cl)ncn3)cc2)CC1,1,0,0,0.33695652173913043,CCN1CCN(Cc2ccc(NC(=O)Nc3ccc(Oc4cc(NC)ncn4)cc3)cc2C(F)(F)F)CC1
AURKB,MCF7,9,0,42,92,CC[C@H]1N(C(C)C)c2nc(Nc3ccc(cc3OC)C(=O)N[C@H]3CC[C@@H](CC3)N3CCN(CC4CC4)CC3)ncc2N(C)C1=O,CC[C@@H]1C(=O)N(C)c2cnc(Nc3ccc(C(=O)N[C@H]4CC[C@H](N5CCN(CC6CC6)CC5)CC4)cc3OC)nc2N1C(C)C,1,0,0,0.6404494382022472,CCC1C(=O)N(C)c2cnc(Nc3ccc(C(=O)NC4CCCCC4)cc3OC)nc2N1C1CCCC1
AURKB,MCF7,9,0,42,93,Cc1cc(C2CCCCC2)n(O)c(=O)c1,Cc1cc(C2CCCCC2)n(O)c(=O)c1,1,0,0,0.22033898305084745,Cc1ccc(-n2nc(C)c3c(=O)c4cc(Cl)ccc4n(O)c32)cc1
AURKB,MCF7,9,0,42,94,CC(=O)N1CCN(CCOc2ccc(cc2)C2CCN(CC2)C2=Nn3c(CC2)nnc3C(F)(F)F)CC1,CC(=O)N1CCN(CCOc2ccc(C3CCN(C4=Nn5c(nnc5C(F)(F)F)CC4)CC3)cc2)CC1,1,1,0,0.24528301886792453,CN1CCN(CCOc2ccc(-c3cc4c(NCCc5ccc(NC(=O)Nc6ccccc6)cc5)ncnc4o3)cc2)CC1
AURKB,MCF7,9,0,42,95,CO[C@H]1[C@@H](C[C@@H]2CN3CCc4c([nH]c5cc(OC)ccc45)[C@H]3C[C@@H]2[C@@H]1C(=O)OC)OC(=O)c1cc(OC)c(OC)c(OC)c1,COC(=O)[C@H]1[C@H]2C[C@@H]3c4[nH]c5cc(OC)ccc5c4CCN3C[C@H]2C[C@@H](OC(=O)c2cc(OC)c(OC)c(OC)c2)[C@@H]1OC,1,0,0,0.23157894736842105,COc1cc(C2=C(c3c[nH]c4ccccc34)C(=O)NC2)cc(OC)c1OC
AURKB,MCF7,9,0,42,96,CC(C)C(=O)NC(c1ccco1)c2ccc3cccnc3c2O,CC(C)C(=O)NC(c1ccco1)c1ccc2cccnc2c1O,1,0,0,0.2571428571428571,CC(C)N(C(=O)Nc1ccc2nc(-c3ccco3)c(-c3ccco3)nc2c1)C(C)C
AURKB,MCF7,9,0,42,97,CCC1(C)CC(=O)NC(=O)C1,CCC1(C)CC(=O)NC(=O)C1,1,0,0,0.17391304347826086,CCc1nc2c(c3cc(OC)c(OC)cc13)C(=O)NC2=O
AURKB,MCF7,9,0,42,98,Nc1nc(=O)n(cc1F)[C@H]1C[C@H](O)[C@@H](CO)O1,Nc1nc(=O)n([C@H]2C[C@H](O)[C@@H](CO)O2)cc1F,1,0,0,0.25757575757575757,Nc1ncnc2c1c(I)nn2C1OC(CO)C(O)C1O
AURKB,MCF7,9,0,42,99,CC(C)CNc1ccnc(NCc2csc(n2)-c2ccccc2)n1,CC(C)CNc1ccnc(NCc2csc(-c3ccccc3)n2)n1,1,1,0,0.38333333333333336,CC(C)Nc1nccc(Nc2ncc(-c3ccccc3)s2)n1
CTSK,MCF7,9,7,49,0,CC(=O)OCC(=O)[C@@]12OC3(CCCC3)O[C@@H]1CC1C3CCC4=CC(=O)C=C[C@]4(C)[C@@]3(F)[C@@H](O)C[C@]21C,CC(=O)OCC(=O)[C@@]12OC3(CCCC3)O[C@@H]1CC1C3CCC4=CC(=O)C=C[C@]4(C)[C@@]3(F)[C@@H](O)C[C@@]12C,1,0,0,0.19,CC(=O)O[C@@H]1NC(=O)[C@H]1NC(=O)C1(NC(=O)OCc2ccccc2)CCCC1
CTSK,MCF7,9,7,49,1,C[C@H](CO)N1C[C@@H](C)[C@H](CN(C)C(=O)Nc2ccc(F)cc2)OCCCC[C@@H](C)Oc3ccc(NC(=O)Nc4ccc(cc4)C(F)(F)F)cc3)[C@@H]([C@@H]1O,,0,0,0,,
CTSK,MCF7,9,7,49,2,Cc1ccccc1-c1ccc(cc1)[C@H]1[C@@H](CO)N2[C@@H]1CN(CC2=O)C(=O)c1ccncc1,Cc1ccccc1-c1ccc([C@H]2[C@@H](CO)N3C(=O)CN(C(=O)c4ccncc4)C[C@H]23)cc1,1,0,0,0.26373626373626374,CC(C)C[C@H](NC(=O)OCc1ccccc1)C(=O)NC1CN(C(=O)c2ccc(Oc3ccccc3)cc2)CC1=O
CTSK,MCF7,9,7,49,3,Cc1c(oc2c(cccc2c1=O)C(=O)OCCN1CCCCC1)-c1ccccc1,Cc1c(-c2ccccc2)oc2c(C(=O)OCCN3CCCCC3)cccc2c1=O,1,0,0,0.25,CC(C)C[C@H](NC(=O)OCc1ccccc1)C(=O)N[C@H](CNc1ccc(N2CCCCC2)cc1)Cc1ccccc1
CTSK,MCF7,9,7,49,4,CC(=O)O[C@@]1(CC[C@H]2[C@@H]3C=C(C)C4=CC(=O)CC[C@]4(C)[C@H]3CC[C@]12C)C(C)=O,CC(=O)O[C@]1(C(C)=O)CC[C@H]2[C@@H]3C=C(C)C4=CC(=O)CC[C@]4(C)[C@H]3CC[C@@]21C,1,0,0,0.19753086419753085,COc1ccc(NCCNC(=O)C2(Oc3ccc(C4CCCCC4)cc3)CCCCC2)cc1
CTSK,MCF7,9,7,49,5,Oc1ccc(cc1)C=Cc1cc(O)cc(O)c1,Oc1ccc(C=Cc2cc(O)cc(O)c2)cc1,1,0,0,0.19298245614035087,COC(=O)c1ccc(COc2ccc(/C=C/C(C)=N/NC(N)=S)cc2)cc1
CTSK,MCF7,9,7,49,6,CCOc1ccc(Cc2cc(ccc2Cl)[C@@H]2O[C@H](CO)[C@@H](O)[C@H](O)[C@@H]2O)cc1,CCOc1ccc(Cc2cc([C@@H]3O[C@H](CO)[C@@H](O)[C@H](O)[C@@H]3O)ccc2Cl)cc1,1,0,0,0.1875,COc1ccc(Cc2cc3cnc(C#N)nc3n2CC(C)(C)C)cc1
CTSK,MCF7,9,7,49,7,CC(C)NC(=O)N[C@@H]1C=C[C@@H](CC(=O)NC2Cc3ccccc3C2)O[C@@H]1CO,CC(C)NC(=O)N[C@@H]1C=C[C@@H](CC(=O)NC2Cc3ccccc3C2)O[C@@H]1CO,1,0,0,0.25,CC(C)C[C@H](NC(=O)c1ccccc1)C(=O)NC1COCC1=O
CTSK,MCF7,9,7,49,8,CC(C)NC(=N)NC(=N)Nc1ccc(Cl)cc1,CC(C)NC(=N)NC(=N)Nc1ccc(Cl)cc1,1,0,0,0.2909090909090909,CC(C)C(Nc1ccc(Cl)cc1)C(=O)N1CCCCN1C#N
CTSK,MCF7,9,7,49,9,CC(C)NC(=O)N[C@H]1C=C[C@@H](CC(=O)NC2Cc3ccccc3C2)O[C@H]1CO,CC(C)NC(=O)N[C@H]1C=C[C@@H](CC(=O)NC2Cc3ccccc3C2)O[C@H]1CO,1,0,0,0.25,CC(C)C[C@H](NC(=O)c1ccccc1)C(=O)NC1COCC1=O
CTSK,MCF7,9,7,49,10,COC(=O)C[C@H]1CC[C@@H](NS(=O)(=O)c2ccc(OC)cc2)[C@@H](CO)O1,COC(=O)C[C@H]1CC[C@@H](NS(=O)(=O)c2ccc(OC)cc2)[C@@H](CO)O1,1,0,0,0.29577464788732394,COc1ccc(OC)c(S(=O)(=O)N[C@@H]2CCN(C#N)C2)c1
CTSK,MCF7,9,7,49,11,C[C@H](CO)N1C[C@H](C)[C@@H](CN(C)Cc2ccc3OCOc3c2)Oc4ccc(NC(=O)CCCN(C)C)cc4CC1=O,C[C@H](CO)N1C[C@H](C)[C@@H](CN(C)Cc2ccc3c(c2)OCO3)Oc2ccc(NC(=O)CCCN(C)C)cc2CC1=O,1,0,0,0.21929824561403508,CC[C@H](C)[C@@H](/C=C/c1ccccc1)NC(=O)[C@@H]1CCCCN1CC(=O)c1ccc2c(c1)OCO2
CTSK,MCF7,9,7,49,12,CC(=O)[C@H]1CCC2C3CCC4=CC(=O)CC[C@]4(C)C3CC[C@]12C,CC(=O)[C@H]1CCC2C3CCC4=CC(=O)CC[C@]4(C)C3CC[C@@]21C,1,0,0,0.15555555555555556,COc1ccc(N2CCN(C(=O)[C@@H]3CCCC[C@H]3C(=O)NC3(C#N)CC3)[C@H](C)C2)nc1OC
CTSK,MCF7,9,7,49,13,COc1ccc2cc(ccc2c1)C(C)C(O)=O,COc1ccc2cc(C(C)C(=O)O)ccc2c1,1,0,0,0.3050847457627119,COc1ccc(-c2ccc([C@H](N[C@@H](CC(C)C)C(=O)NCC#N)C(F)(F)F)cc2)cc1
CTSK,MCF7,9,7,49,14,C[C@H](CO)N1C[C@H](C)[C@@H](CN(C)CC2CC2)Oc3ccc(NC(=O)Nc4cccc5ccccc45)cc3CC1=O,C[C@H](CO)N1C[C@H](C)[C@@H](CN(C)CC2CC2)Oc2ccc(NC(=O)Nc3cccc4ccccc34)cc2CC1=O,1,0,0,0.21551724137931033,CC(C)C[C@H](NC(=O)c1cccc2ccccc12)C(=O)N[C@H]1CCCN(S(=O)(=O)c2ccccn2)CC1=O
CTSK,MCF7,9,7,49,15,CC(C)NC(=O)Nc1ccc2O[C@H](C)CCCCO[C@H](CN(C)Cc3ccncc3)[C@@H](C)CN([C@H](C)CO)C(=O)c2c1,CC(C)NC(=O)Nc1ccc2c(c1)C(=O)N([C@H](C)CO)C[C@H](C)[C@@H](CN(C)Cc1ccncc1)OCCCC[C@@H](C)O2,1,0,0,0.21008403361344538,CC[C@@H]1OCC(=O)[C@H]1NC(=O)[C@H](CC1(C)CCCC1)NC(=O)c1ccc(NS(=O)(=O)c2ccncc2)cc1
CTSK,MCF7,9,7,49,16,O=C(N1CCN(CC1)C1CC1)c1ccc(CN2CCOCC2)cc1,O=C(c1ccc(CN2CCOCC2)cc1)N1CCN(C2CC2)CC1,1,0,0,0.2692307692307692,COc1ccccc1C(C#N)NC(=O)[C@@H]1CCCC[C@H]1C(=O)N1CCN(Cc2ccc(F)cc2)CC1
CTSK,MCF7,9,7,49,17,COc1ccc(CN(C)C[C@H]2Oc3ccc(NC(=O)Cn4cnnn4)cc3C(=O)N(C[C@@H]2C)[C@H](C)CO)cc1,COc1ccc(CN(C)C[C@H]2Oc3ccc(NC(=O)Cn4cnnn4)cc3C(=O)N([C@H](C)CO)C[C@@H]2C)cc1,1,0,0,0.21904761904761905,CCc1ccc(C(=O)N[C@@H](CC(C)C)C(=O)NCCNc2ccc(OC)cc2)cc1
CTSK,MCF7,9,7,49,18,C[C@H](CO)N1C[C@H](C)[C@H](CN(C)C(=O)NC2CCCCC2)Oc2c(NS(=O)(=O)c3ccc(F)cc3)cccc2C1=O,C[C@H](CO)N1C[C@H](C)[C@H](CN(C)C(=O)NC2CCCCC2)Oc2c(NS(=O)(=O)c3ccc(F)cc3)cccc2C1=O,1,0,0,0.27522935779816515,CC[C@@H]1OCC(=O)[C@H]1NC(=O)[C@H](CC1(C)CCCC1)NC(=O)c1ccc(NS(=O)(=O)c2ccc(F)cc2)cc1
CTSK,MCF7,9,7,49,19,C[C@@H](CO)N1C[C@@H](C)[C@@H](CN(C)Cc2ccc(cc2)C(F)(F)F)OCCCC[C@H](C)Oc3ccc(NS(=O)(=O)c4c(C)noc4C)cc3C1=O,Cc1noc(C)c1S(=O)(=O)Nc1ccc2c(c1)C(=O)N([C@@H](C)CO)C[C@@H](C)[C@@H](CN(C)Cc1ccc(C(F)(F)F)cc1)OCCCC[C@H](C)O2,1,0,1,0.2,CC[C@@H]1OCC(=O)[C@H]1NC(=O)[C@H](CC1(C)CCCC1)NC(=O)c1ccc(NS(=O)(=O)c2sc(C)nc2C)cc1
CTSK,MCF7,9,7,49,20,CC1(C)O[C@@H]2CC3C4CCC5=CC(=O)CCC5(C)C4(F)C(O)CC3(C)[C@@]2(O1)C(=O)CCl,CC1(C)O[C@@H]2CC3C4CCC5=CC(=O)CCC5(C)C4(F)C(O)CC3(C)[C@]2(C(=O)CCl)O1,1,0,0,0.16,CCCC[C@H](NC(=O)OC1C2(C)CCC(C2)C1(C)C)C(=O)C(=O)N[C@H](C)c1ccccc1
CTSK,MCF7,9,7,49,21,CN1[C@H]2CC[C@@H](CC(=O)N[C@@H]3CCN(Cc4ccccc4)C3)O[C@H]2COc2ccc(NC(=O)Nc3c(C)noc3C)cc2C1=O,Cc1noc(C)c1NC(=O)Nc1ccc2c(c1)C(=O)N(C)[C@H]1CC[C@@H](CC(=O)N[C@@H]3CCN(Cc4ccccc4)C3)O[C@H]1CO2,1,0,0,0.2661290322580645,CCCC[C@H](NC(=O)O[C@@H]1C(=O)N(C(=O)Nc2c(C)noc2C)CC1(C)C)C(=O)C(=O)N[C@H](C)c1ccccc1
CTSK,MCF7,9,7,49,22,COc1ccccc1NC(=O)N[C@H]1CC[C@H](CC(=O)NCc2ccc(Cl)c(Cl)c2)O[C@@H]1CO,COc1ccccc1NC(=O)N[C@H]1CC[C@H](CC(=O)NCc2ccc(Cl)c(Cl)c2)O[C@@H]1CO,1,0,0,0.26881720430107525,COc1ccc(CC(=O)N[C@@H](CC(C)C)C(=O)NC2CCOCC2=O)cc1OC
CTSK,MCF7,9,7,49,23,CO[C@H](CN(C)C(=O)C1CC1)[C@H](C)CN([C@H](C)CO)C(=O)Nc1ccc(cc1)C(F)(F)F,CO[C@H](CN(C)C(=O)C1CC1)[C@H](C)CN(C(=O)Nc1ccc(C(F)(F)F)cc1)[C@H](C)CO,1,0,0,0.27,CCCC[C@H](NC(=O)O[C@@H]1C(=O)N(C(=O)Nc2ccc(C(F)(F)F)cc2)CC1(C)C)C(=O)C(=O)N[C@H](C)c1ccccc1
CTSK,MCF7,9,7,49,24,CCC(COC(=O)c1cc(OC)c(OC)c(OC)c1)(N(C)C)c1ccccc1,CCC(COC(=O)c1cc(OC)c(OC)c(OC)c1)(c1ccccc1)N(C)C,1,0,0,0.2891566265060241,CC[C@H](C)[C@@H](/C=C/c1ccccc1)NC(=O)[C@@H]1CCCCN1CC(=O)c1cc(OC)c(OC)c(OC)c1
CTSK,MCF7,9,7,49,25,Cc1ncc(n1CC(O)CCl)[N+]([O-])=O,Cc1ncc([N+](=O)[O-])n1CC(O)CCl,1,0,0,0.15,CCC(NC(=O)c1ccc(OCc2ccccn2)c(C(F)(F)F)c1Cl)C(=O)C(N)=O
CTSK,MCF7,9,7,49,26,C[C@H](CO)N1C[C@@H](C)[C@H](CN(C)S(=O)(=O)c2ccc(Cl)cc2)Oc3c(NC(=O)CCCCCC(=O)Nc4ccccc4N)cccc3C1=O,C[C@@H]1CN([C@H](C)CO)C(=O)c2cccc(NC(=O)CCCCCC(=O)Nc3ccccc3N)c2O[C@H]1CN(C)S(=O)(=O)c1ccc(Cl)cc1,1,0,0,0.2,CC(C)C[C@H](NC(=O)c1ccc(N(C)C)cc1)C(=O)N1OC[C@@H]2[C@H]1C(=O)CN2C(=O)c1ccccc1
CTSK,MCF7,9,7,49,27,COc1ccc2C3CCC4(C)C(O)[C@H](O)CC4C3CCc2c1,COc1ccc2c(c1)CCC1C2CCC2(C)C1C[C@@H](O)C2O,1,0,0,0.2361111111111111,COc1ccc(OC)c(S(=O)(=O)N[C@@H]2CCN(C#N)C2)c1
CTSK,MCF7,9,7,49,28,CCN(CC)c1ccc(cc1[N+]([O-])=O)C1=NNC(=O)C[C@H]1C,CCN(CC)c1ccc(C2=NNC(=O)C[C@H]2C)cc1[N+](=O)[O-],1,0,0,0.1686746987951807,CCN(CC)Cc1ccc(Cc2cc3cnc(C#N)nc3n2C2CCCCC2)cc1
CTSK,MCF7,9,7,49,29,C[C@@H](CO)N1C[C@H](C)[C@@H](CN(C)Cc2ccc(cc2)C(=O)O)Oc3c(NC(=O)NC4CCCCC4)cccc3C1=O,C[C@H]1CN([C@@H](C)CO)C(=O)c2cccc(NC(=O)NC3CCCCC3)c2O[C@@H]1CN(C)Cc1ccc(C(=O)O)cc1,1,0,0,0.25,C[C@@H](CC1CCCCC1)OC(=O)NN(C#N)Cc1ccccc1
CTSK,MCF7,9,7,49,30,COc1ccc(cc1)C2CC(=O)c3ccc(OC)cc3O2,COc1ccc(C2CC(=O)c3ccc(OC)cc3O2)cc1,1,0,0,0.2777777777777778,CC(C)=CCCC1(C)C=Cc2c(cc(O)c3c2OC(c2ccc(O)cc2)CC3=O)O1
CTSK,MCF7,9,7,49,31,CC(C)(C)[S@](=O)N1Cc2cc(nc(c2[C@@H]1CCO)-c1cccc(c1)-c1cccc(c1)C#N)C(=O)NCCc1ccncc1,CC(C)(C)[S@](=O)N1Cc2cc(C(=O)NCCc3ccncc3)nc(-c3cccc(-c4cccc(C#N)c4)c3)c2[C@@H]1CCO,1,0,1,0.29245283018867924,CN1CCN(c2cccc(CCNC(=O)c3cnc(C#N)nc3NCC(C)(C)C)c2)CC1
CTSK,MCF7,9,7,49,32,CC(C)N(CCC(=O)c1ccc2ccccc2c1)Cc1ccccc1,CC(C)N(CCC(=O)c1ccc2ccccc2c1)Cc1ccccc1,1,0,0,0.30434782608695654,CC(C)C[C@H](NC(=O)c1ccc2ccccc2c1)C(=O)N[C@H]1COCC1=O
CTSK,MCF7,9,7,49,33,CC(C)CC1N2C(=O)[C@](NC(=O)C3CN(C)[C@@H]4Cc5c(Br)[nH]c6cccc(C4=C3)c56)(OC2(O)[C@@H]2CCCN2C1=O)C(C)C,CC(C)CC1C(=O)N2CCC[C@H]2C2(O)O[C@](NC(=O)C3C=C4c5cccc6[nH]c(Br)c(c56)C[C@H]4N(C)C3)(C(C)C)C(=O)N12,1,0,0,0.226890756302521,N#CC1(NC(=O)[C@@H]2CCCC[C@H]2C(=O)N2CCc3[nH]c4cccc(F)c4c3C2)CC1
CTSK,MCF7,9,7,49,34,CNC(=O)[C@H](N1CCc2cc(OC)c(OC)cc2[C@@H]1CCc1ccc(cc1)C(F)(F)F)c1ccccc1,CNC(=O)[C@@H](c1ccccc1)N1CCc2cc(OC)c(OC)cc2[C@@H]1CCc1ccc(C(F)(F)F)cc1,1,0,0,0.27586206896551724,CC(C)C(Nc1cccc(C(F)(F)F)c1)C(=O)N1CCCCN1C#N
CTSK,MCF7,9,7,49,35,C[C@H](CO)N1C[C@@H](C)[C@@H](CN(C)Cc2ccc(Cl)c(Cl)c2)Oc3c(NC(=O)C4CC4)cccc3C1=O,C[C@@H]1CN([C@H](C)CO)C(=O)c2cccc(NC(=O)C3CC3)c2O[C@@H]1CN(C)Cc1ccc(Cl)c(Cl)c1,1,0,0,0.22916666666666666,N#CCNC(=O)[C@H](Cc1cccc(Cl)c1)NC(=O)C1CCCCCC1
CTSK,MCF7,9,7,49,36,CC(C)Oc1ccc(Cl)cc1Nc1nc(NCCO)nc(n1)N3CCCC3,CC(C)Oc1ccc(Cl)cc1Nc1nc(NCCO)nc(N2CCCC2)n1,1,0,0,0.24358974358974358,CC(C)C(Nc1cccc(Cl)c1)C(=O)N1CCCCN1C#N
CTSK,MCF7,9,7,49,37,COc1ccc(C=C(C#N)C#N)cc1,COc1ccc(C=C(C#N)C#N)cc1,1,0,0,0.2727272727272727,COc1ccc(SC[C@@H]2CCCC[C@H]2C(=O)NCC#N)cc1
CTSK,MCF7,9,7,49,38,CO[C@H]1CN(C)C(=O)c2cc(NC(=O)Nc3ccccc3OC)ccc2OC[C@H](C)N(C)C[C@@H]1C,COc1ccccc1NC(=O)Nc1ccc2c(c1)C(=O)N(C)C[C@H](OC)[C@@H](C)CN(C)[C@@H](C)CO2,1,0,0,0.2413793103448276,COc1ccc(OC)c(S(=O)(=O)N[C@@H]2C[C@H](C)N(C#N)C2)c1
CTSK,MCF7,9,7,49,39,CN(C)N=Nc1[nH]cnc1C(N)=O,CN(C)N=Nc1[nH]cnc1C(N)=O,1,0,0,0.17105263157894737,Cc1nc[nH]c1CC(=O)N[C@@H](CC(C)C)C(=O)N[C@H](C#N)COCc1ccccc1
CTSK,MCF7,9,7,49,40,N#Cc1cc2ccc(cc2cc1C#N)[C@@H]1CCCN1C(=O)CC1CC1,N#Cc1cc2ccc([C@@H]3CCCN3C(=O)CC3CC3)cc2cc1C#N,1,0,1,0.2537313432835821,N#Cc1nc(CCCN2CCCCC2)cc(C2CCCCCC2)n1
CTSK,MCF7,9,7,49,41,COC1(COc2ccccc2-c2ccc(CN3CCC[C@H]3C)cc2)C(=O)NCCN1C1CCCC1,COC1(COc2ccccc2-c2ccc(CN3CCC[C@H]3C)cc2)C(=O)NCCN1C1CCCC1,1,0,1,0.24742268041237114,COc1ccccc1C(C#N)NC(=O)[C@@H]1CCCC[C@H]1C(=O)N1CCN(Cc2ccc(F)cc2)CC1
CTSK,MCF7,9,7,49,42,Cc1ccc(cc1)S(=O)(=O)C=CC#N,Cc1ccc(S(=O)(=O)C=CC#N)cc1,1,0,0,0.22033898305084745,CCC[C@H](N)C(=O)N[C@H](/C=C/S(=O)(=O)c1ccccc1)CCc1ccccc1
CTSK,MCF7,9,7,49,43,CCN(C[C@H]1N[C@H](CO)[C@@H]1c1ccccc1)C(=O)c1ccncc1,CCN(C[C@H]1N[C@H](CO)[C@@H]1c1ccccc1)C(=O)c1ccncc1,1,0,0,0.23529411764705882,CCCc1cc(-c2cc(C(=O)N(CCN(C)C)Cc3ccccc3)cc(C(F)(F)F)c2)nc(C#N)n1
CTSK,MCF7,9,7,49,44,OC[C@@H]1O[C@H](CC(=O)Nc2ccccc2)CC[C@H]1NC(=O)C1CC1,O=C(C[C@@H]1CC[C@@H](NC(=O)C2CC2)[C@H](CO)O1)Nc1ccccc1,1,0,0,0.21839080459770116,CC(C)C[C@H](NC(=O)C1CCNCC1)C(=O)N[C@@H](CCc1ccccc1)C(=O)c1nc2ccccc2o1
CTSK,MCF7,9,7,49,45,CCCCCC=C/CC=C/CC=C/CCCCCCC(O)=O,CCCCCC=CCC=CCC=CCCCCCCC(=O)O,1,0,0,0.2553191489361702,CCCCCC[C@@H](C=O)NC(=O)OC(C)(C)C
CTSK,MCF7,9,7,49,46,CCCCNC(=O)NS(=O)(=O)c1ccc(C)cc1,CCCCNC(=O)NS(=O)(=O)c1ccc(C)cc1,1,0,0,0.25757575757575757,CCCCC(CNNC(=O)NCCc1ccccc1)=NC(=O)OC(C)(C)C
CTSK,MCF7,9,7,49,47,COc1ccc2C3CC[C@@]4(C)C(CC[C@@]4(O)C#C)C3CCc2c1,C#C[C@]1(O)CCC2C3CCc4cc(OC)ccc4C3CC[C@@]21C,1,0,0,0.22666666666666666,COc1ccc(OC)c(S(=O)(=O)N[C@@H]2CCN(C#N)C2)c1
CTSK,MCF7,9,7,49,48,CN(C)C(=O)C[C@@H]1CC[C@@H]2[C@H](COc3ccc(NC(=O)c4ccc(F)cc4)cc3C(=O)N2C)O1,CN(C)C(=O)C[C@@H]1CC[C@@H]2[C@H](COc3ccc(NC(=O)c4ccc(F)cc4)cc3C(=O)N2C)O1,1,0,0,0.30337078651685395,Cc1cc(NC(=O)Cn2nnc(-c3ccc(NC(=O)c4ccc(F)cc4)cc3)n2)no1
CTSK,MCF7,9,7,49,49,CCCC(CCC)C(O)=O,CCCC(CCC)C(=O)O,1,0,0,0.2857142857142857,CCC[C@@H](C=O)NC(=O)OC(C)(C)C
CTSK,MCF7,9,7,49,50,CC(C)C[C@H](N[C@@H](Cc1cncn1Cc1cc(Cl)cc(Cl)c1)C(O)=O)C(O)=O,CC(C)C[C@H](N[C@@H](Cc1cncn1Cc1cc(Cl)cc(Cl)c1)C(=O)O)C(=O)O,1,0,0,0.27848101265822783,CC(C)c1cc(C(=O)N[C@@H](Cc2cccc(Cl)c2)C(=O)NCC#N)n(C)n1
CTSK,MCF7,9,7,49,51,CCN(C[C@H]1N[C@H](CO)[C@@H]1c1ccccc1)C(=O)c1ccncc1,CCN(C[C@H]1N[C@H](CO)[C@@H]1c1ccccc1)C(=O)c1ccncc1,1,1,0,0.23529411764705882,CCCc1cc(-c2cc(C(=O)N(CCN(C)C)Cc3ccccc3)cc(C(F)(F)F)c2)nc(C#N)n1
CTSK,MCF7,9,7,49,52,Cc1ccccc1CN1C2=NCCN2C(=O)C2=C1CCN(Cc1ccccc1)C2,Cc1ccccc1CN1C2=NCCN2C(=O)C2=C1CCN(Cc1ccccc1)C2,1,0,0,0.1951219512195122,Cc1ccccc1C(=O)N[C@@H](Cc1cccc(Cl)c1)C(=O)NCC#N
CTSK,MCF7,9,7,49,53,COC(=O)C[C@@H]1CC[C@@H]2NC[C@@H](O)COC[C@H]2O1,COC(=O)C[C@@H]1CC[C@@H]2NC[C@@H](O)COC[C@H]2O1,1,0,0,0.1746031746031746,CC(C)(C)OC(=O)N[C@H]1CCN(C#N)C1
CTSK,MCF7,9,7,49,54,C[C@@H](CO)N1C[C@@H](C)[C@H](CN(C)Cc2ccc(cc2)C(=O)O)Oc3ccc(NC(=O)CCCN(C)C)cc3C1=O,C[C@@H]1CN([C@@H](C)CO)C(=O)c2cc(NC(=O)CCCN(C)C)ccc2O[C@H]1CN(C)Cc1ccc(C(=O)O)cc1,1,0,0,0.2,C[C@@H](CC1CCCCC1)OC(=O)NN(C#N)Cc1ccccc1
CTSK,MCF7,9,7,49,55,OC(=O)[C@@H](Cc1ccc(O)c(O)c1)OC(=O)C=Cc1ccc(O)c(O)c1,O=C(C=Cc1ccc(O)c(O)c1)O[C@H](Cc1ccc(O)c(O)c1)C(=O)O,1,0,0,0.22388059701492538,O=C[C@H](Cc1ccc(O)cc1)NC(=O)[C@H](Cc1ccccc1)NC(=O)OCc1ccccc1
CTSK,MCF7,9,7,49,56,CC(C)NC(=O)Nc1ccc2O[C@@H](CN(C)C)[C@@H](C)CN([C@@H](C)CO)C(=O)c2c1,CC(C)NC(=O)Nc1ccc2c(c1)C(=O)N([C@@H](C)CO)C[C@H](C)[C@H](CN(C)C)O2,1,0,0,0.25,CC(C)C[C@H](NC(=O)Nc1ccccc1)C(=O)N(C)N(C)C#N
CTSK,MCF7,9,7,49,57,OCC(CO)N[C@H]1C[C@@](O)(CO)[C@@H](O)[C@H](O)[C@H]1O,OCC(CO)N[C@H]1C[C@@](O)(CO)[C@@H](O)[C@H](O)[C@H]1O,1,0,0,0.15,N#CCNC(=O)[C@@H]1CC(F)(F)C[C@H]1C(=O)N1CCOCC1
CTSK,MCF7,9,7,49,58,CCN(C[C@H]1N[C@H](CO)[C@@H]1c1ccccc1)C(=O)c1ccncc1,CCN(C[C@H]1N[C@H](CO)[C@@H]1c1ccccc1)C(=O)c1ccncc1,1,1,0,0.23529411764705882,CCCc1cc(-c2cc(C(=O)N(CCN(C)C)Cc3ccccc3)cc(C(F)(F)F)c2)nc(C#N)n1
CTSK,MCF7,9,7,49,59,NC(=O)c1cccc(N)c1,NC(=O)c1cccc(N)c1,1,0,0,0.2909090909090909,CCCC[C@H](NC(=O)[C@@H](NC(=O)c1cccc(C(N)=O)c1)C(C)CC)C(=O)CO
CTSK,MCF7,9,7,49,60,CC=Cc1ccc(cc1)[C@@H]1[C@H](CO)N([C@@H]1C#N)C(=O)c1cccnc1,CC=Cc1ccc([C@H]2[C@@H](C#N)N(C(=O)c3cccnc3)[C@H]2CO)cc1,1,0,0,0.25925925925925924,N#CCNC(=O)[C@H](Cc1cccc(-c2cccnc2)c1)NC(=O)c1ccccc1
CTSK,MCF7,9,7,49,61,COc1ccc(CN(C)C[C@H]2OCCCC[C@@H](C)Oc3ccc(NC(=O)C4CCCCC4)cc3C(=O)N(C[C@@H]2C)[C@H](C)CO)cc1,COc1ccc(CN(C)C[C@H]2OCCCC[C@@H](C)Oc3ccc(NC(=O)C4CCCCC4)cc3C(=O)N([C@H](C)CO)C[C@@H]2C)cc1,1,0,0,0.24770642201834864,COc1ccc(NCCNC(=O)[C@@H](NC(=O)c2cccc(C)c2)C2CCCCC2)cc1
CTSK,MCF7,9,7,49,62,CN1CCc2cc3OCOc3cc2C(=O)Cc4ccc5OCOc5c4C1,CN1CCc2cc3c(cc2C(=O)Cc2ccc4c(c2C1)OCO4)OCO3,1,0,0,0.2235294117647059,C[C@@H]1CN(c2ccc3c(c2)OCO3)CCN1C(=O)[C@@H]1CCCC[C@H]1C(=O)NC1(C#N)CC1
CTSK,MCF7,9,7,49,63,CC(C)NC(=O)Nc1ccc2O[C@H](C)CCCCO[C@@H](CN(C)Cc3ccc(Cl)c(Cl)c3)[C@@H](C)CN([C@H](C)CO)C(=O)c2c1,CC(C)NC(=O)Nc1ccc2c(c1)C(=O)N([C@H](C)CO)C[C@H](C)[C@H](CN(C)Cc1ccc(Cl)c(Cl)c1)OCCCC[C@@H](C)O2,1,0,0,0.21,CC(C)C[C@H](NC(=O)Nc1ccccc1)C(=O)N(C)N(C)C#N
CTSK,MCF7,9,7,49,64,CCCNC(=O)N1[C@H](CO)[C@H]([C@H]1C#N)c1ccc(cc1)C1=CCCCC1,CCCNC(=O)N1[C@H](C#N)[C@H](c2ccc(C3=CCCCC3)cc2)[C@H]1CO,1,0,0,0.25301204819277107,N#CCNC(=O)C1(NC(=O)c2ccc(-c3ccc(N4CCNCC4)cc3)cc2)CCCCC1
CTSK,MCF7,9,7,49,65,CC(C)Cn1cnc2n(C)c(=O)n(C)c(=O)c12,CC(C)Cn1cnc2c1c(=O)n(C)c(=O)n2C,1,0,0,0.203125,CCCn1c(=O)c(C#N)nn(-c2cccc(C(C)C)c2)c1=O
CTSK,MCF7,9,7,49,66,COc1ccc2c3c([C@H](CO)N(CC4CC4)C[C@]33CN(C3)S(=O)(=O)c3cn(C)cn3)n(C)c2c1,COc1ccc2c3c(n(C)c2c1)[C@H](CO)N(CC1CC1)CC31CN(S(=O)(=O)c2cn(C)cn2)C1,1,0,0,0.20430107526881722,COc1ccc(OC)c(S(=O)(=O)N[C@@H]2CCN(C#N)C2)c1
CTSK,MCF7,9,7,49,67,Cc1ccc(cc1)-c1cc(nn1-c1ccc(cc1)S(N)(=O)=O)C(F)(F)F,Cc1ccc(-c2cc(C(F)(F)F)nn2-c2ccc(S(N)(=O)=O)cc2)cc1,1,0,0,0.2676056338028169,CC(C)C[C@H](N[C@@H](c1ccc(-c2ccc(S(N)(=O)=O)cc2)cc1)C(F)(F)F)C(=O)NCC#N
CTSK,MCF7,9,7,49,68,C[C@@H](CO)N1C[C@@H](C)[C@@H](CN(C)Cc2ccccc2)OCCCC[C@H](C)Oc2ccc(cc2C1=O)N(C)C,C[C@@H]1CN([C@@H](C)CO)C(=O)c2cc(N(C)C)ccc2O[C@@H](C)CCCCO[C@@H]1CN(C)Cc1ccccc1,1,0,1,0.24731182795698925,C[C@@H](CC1CCCCC1)OC(=O)NN(C#N)Cc1ccccc1
CTSK,MCF7,9,7,49,69,COc1ccc(cc1)c2coc3c(OC)c(OC)cc(OC4OC(CO)C(O)C(O)C4OC5OCC(O)C(O)C5=C3c2,,0,0,0,,
CTSK,MCF7,9,7,49,70,CN1[C@H]2CC[C@@H](CC(=O)N[C@@H]3CCN(Cc4ccccc4)C3)O[C@H]2COc2ccc(NC(=O)Cc3cccs3)cc2C1=O,CN1C(=O)c2cc(NC(=O)Cc3cccs3)ccc2OC[C@@H]2O[C@H](CC(=O)N[C@@H]3CCN(Cc4ccccc4)C3)CC[C@@H]21,1,0,1,0.25263157894736843,N#CN1CCC(NC(=O)OCc2ccccc2)C1
CTSK,MCF7,9,7,49,71,CN1[C@@H]2CC[C@H]3[C@@H]4CC[C@H](C(=O)NCc5nc6cccnc6[nH]5)[C@@]4(C)CC[C@@H]3[C@@]2(C)C=C(F)C1=O,CN1C(=O)C(F)=C[C@]2(C)[C@H]3CC[C@]4(C)[C@@H](C(=O)NCc5nc6cccnc6[nH]5)CC[C@H]4[C@@H]3CC[C@@H]12,1,0,0,0.2169811320754717,CSc1ccc(-c2ncccc2C2CCC(F)(F)CC2C(=O)NCC#N)cc1
CTSK,MCF7,9,7,49,72,CCOc1ccc(cc1)-c1nc2cc(ccc2[nH]1)C1=NNC(=O)CC1C,CCOc1ccc(-c2nc3cc(C4=NNC(=O)CC4C)ccc3[nH]2)cc1,1,0,1,0.20253164556962025,CCCc1cc(-c2ccc(OCC)c(C(F)(F)F)c2)nc(C#N)n1
CTSK,MCF7,9,7,49,73,OC[C@@H]1O[C@H](CC(=O)NCc2cccnc2)C[C@H]3[C@@H]1Oc4ccc(NC(=O)C5CCOCC5)cc34,O=C(C[C@@H]1C[C@@H]2c3cc(NC(=O)C4CCOCC4)ccc3O[C@@H]2[C@H](CO)O1)NCc1cccnc1,1,0,0,0.21367521367521367,CCCC[C@H](NC(=O)O[C@H](Cc1nnc(-c2ccc(F)cc2)o1)C(C)(C)C)C(=O)C(=O)NCc1cccnc1
CTSK,MCF7,9,7,49,74,OC(C1CCN(CCc2ccccc2)CC1)c1ccccc1,OC(c1ccccc1)C1CCN(CCc2ccccc2)CC1,1,0,0,0.32653061224489793,N#CN1CCC(CCc2ccccc2)C1
CTSK,MCF7,9,7,49,75,COc1ccc2cccc(CCNC(C)=O)c2c1,COc1ccc2cccc(CCNC(C)=O)c2c1,1,0,0,0.3194444444444444,COc1cccc(CCNC(=O)c2cnc(C#N)nc2NCC(C)(C)C)c1
CTSK,MCF7,9,7,49,76,OC[C@H]1O[C@@H](CCn2cc(nn2)C2CC2)CC[C@@H]1NC(=O)c1cccnc1,O=C(N[C@H]1CC[C@H](CCn2cc(C3CC3)nn2)O[C@@H]1CO)c1cccnc1,1,0,0,0.25333333333333335,N#CN1CCC(NC(=O)c2ccccc2)C1
CTSK,MCF7,9,7,49,77,O=C(Nc1ccccc1)N2CCC(Cc3cnc4ccccc4c3)CC2,O=C(Nc1ccccc1)N1CCC(Cc2cnc3ccccc3c2)CC1,1,0,0,0.2891566265060241,CCCC[C@H](NC(=O)O[C@@H]1CN(C(=O)Nc2ccccc2)CC1(C)C)C(=O)C(=O)N[C@H](C)c1ccccc1
CTSK,MCF7,9,7,49,78,OC[C@H]1[C@@H]2[C@@H](CN(C(=O)CC(F)(F)F)c3ccccc23)N1Cc1cccnc1,O=C(CC(F)(F)F)N1C[C@@H]2[C@H](c3ccccc31)[C@H](CO)N2Cc1cccnc1,1,0,0,0.2608695652173913,O=C(N[C@@H](Cc1cccnc1)C(=O)N[C@@H]1C(=O)N2CC=S(O)(O)=C12)OCc1ccccc1
CTSK,MCF7,9,7,49,79,C[C@H](CO)N1C[C@H](C)[C@@H](CN(C)CC2CC2)Oc3ccc(NC(=O)Nc4ccccc4)cc3CC1=O,C[C@H](CO)N1C[C@H](C)[C@@H](CN(C)CC2CC2)Oc2ccc(NC(=O)Nc3ccccc3)cc2CC1=O,1,0,0,0.27380952380952384,CC(C)C[C@H](NC(=O)Nc1ccccc1)C(=O)N(C)N(C)C#N
CTSK,MCF7,9,7,49,80,O=C(O[C@H]1CN2CCC1CC2)C1NCc2ccccc2[C@@H]1c1ccccc1,O=C(O[C@H]1CN2CCC1CC2)C1NCc2ccccc2[C@@H]1c1ccccc1,1,0,0,0.23170731707317074,CCCC[C@H](NC(=O)O[C@H]1CCc2ccccc21)C(=O)C(=O)N[C@H](C)c1ccccc1
CTSK,MCF7,9,7,49,81,CN(C)c1cccc(c1)C(=O)Nc1ccc(C)c(NC(=O)c2ccc(O)cc2)c1,Cc1ccc(NC(=O)c2cccc(N(C)C)c2)cc1NC(=O)c1ccc(O)cc1,1,0,0,0.28,COc1ccc(C(=O)Nc2ccc3nc(SCC(=O)c4ccccc4)sc3c2)cc1
CTSK,MCF7,9,7,49,82,Oc1ccc2ccc(=O)oc2c1O,O=c1ccc2ccc(O)c(O)c2o1,1,0,0,0.16393442622950818,CC(C)=CCC/C(C)=C/Cc1c(CCC(=O)c2ccc(O)cc2O)ccc(O)c1O
CTSK,MCF7,9,7,49,83,OC(=O)COc1cccc(c1)-c1ocnc1-c1nc(c(o1)-c1ccccc1)-c1ccccc1,O=C(O)COc1cccc(-c2ocnc2-c2nc(-c3ccccc3)c(-c3ccccc3)o2)c1,1,0,0,0.2716049382716049,CC[C@@H](CNc1ccc(OCC(=O)O)cc1)NC(=O)[C@H](CC(C)C)Nc1cccc(-c2ccccc2)c1
CTSK,MCF7,9,7,49,84,O=C1C(C(=O)c2ccccc12)c1ccccc1,O=C1c2ccccc2C(=O)C1c1ccccc1,1,0,0,0.20634920634920634,NC(=S)N/N=C(/CC(c1ccccc1)C1C(=O)Oc2ccccc2C1=O)c1ccc(-c2ccc(Br)cc2)cc1
CTSK,MCF7,9,7,49,85,NC(=O)OCCCc1ccccc1,NC(=O)OCCCc1ccccc1,1,0,0,0.45652173913043476,CCCC[C@@H](C=O)NC(=O)OCCCc1ccccc1
CTSK,MCF7,9,7,49,86,CC(C)(C)NCC(O)COc1cccc2[nH]c(O)nc12,CC(C)(C)NCC(O)COc1cccc2[nH]c(O)nc12,1,0,0,0.21951219512195122,CC(C)COc1ccc(NCCNC(=O)[C@H](CC(C)C)NC(=O)c2cc3ccccc3[nH]2)cc1
CTSK,MCF7,9,7,49,87,CNCCCC1c2ccccc2C=Cc2ccccc12,CNCCCC1c2ccccc2C=Cc2ccccc21,1,0,0,0.21666666666666667,CNCCCc1cc(-c2cccc(C(F)(F)F)c2)nc(C#N)n1
CTSK,MCF7,9,7,49,88,CCCNC(=O)N1[C@@H](CO)[C@@H]([C@H]1C#N)c1ccc(cc1)C1=CCCCC1,CCCNC(=O)N1[C@H](C#N)[C@@H](c2ccc(C3=CCCCC3)cc2)[C@@H]1CO,1,0,0,0.25301204819277107,N#CCNC(=O)C1(NC(=O)c2ccc(-c3ccc(N4CCNCC4)cc3)cc2)CCCCC1
CTSK,MCF7,9,7,49,89,CNC(=O)Oc1ccc2N(C)[C@H]3N(C)CC[C@@]3(C)c2c1,CNC(=O)Oc1ccc2c(c1)[C@]1(C)CCN(C)[C@@H]1N2C,1,0,0,0.21978021978021978,CCCC[C@H](NC(=O)O[C@@H]1CN(C(=O)Oc2ccc3ccccc3c2)CC1(C)C)C(=O)C(=O)N[C@H](C)c1ccccc1
CTSK,MCF7,9,7,49,90,C[C@H](CO)N1C[C@@H](C)[C@@H](CN(C)C(=O)CCCN(C)C)OCCCC[C@@H](C)Oc2ccc(NS(=O)(=O)c3cccs3)cc2C1=O,C[C@@H]1CCCCO[C@H](CN(C)C(=O)CCCN(C)C)[C@H](C)CN([C@H](C)CO)C(=O)c2cc(NS(=O)(=O)c3cccs3)ccc2O1,1,0,1,0.2916666666666667,CC[C@@H]1OCC(=O)[C@H]1NC(=O)[C@H](CC1(C)CCCC1)NC(=O)c1ccc(NS(=O)(=O)c2cccs2)cc1
CTSK,MCF7,9,7,49,91,CCCCNc1ccc(cc1)C(=O)OCCN(C)C,CCCCNc1ccc(C(=O)OCCN(C)C)cc1,1,0,0,0.30303030303030304,CCc1ccc(C(=O)N[C@@H](CC(C)C)C(=O)NCCNc2ccc(OC)cc2)cc1
CTSK,MCF7,9,7,49,92,CN1CCN(CCCC(=O)O[C@H]2[C@@H](O)[C@H]3C(C)(C)CC[C@H](O)[C@]3(C)[C@@]4(O)C(=O)C[C@@](C)(O[C@]24C)C=C)CC1,C=C[C@@]1(C)CC(=O)[C@]2(O)[C@@]3(C)[C@@H](O)CCC(C)(C)[C@@H]3[C@H](O)[C@H](OC(=O)CCCN3CCN(C)CC3)[C@@]2(C)O1,1,0,0,0.20192307692307693,CN1CCN(CCCOc2ccccc2Nc2nc(C#N)nc3c2ncn3C2CCCC2)CC1
CTSK,MCF7,9,7,49,93,OC[C@H]1O[C@H](CC(O)=O)C[C@@H]2[C@H]1Oc1ccc(NC(=O)NC3CCCCC3)cc21,O=C(O)C[C@@H]1C[C@H]2c3cc(NC(=O)NC4CCCCC4)ccc3O[C@H]2[C@@H](CO)O1,1,0,0,0.19801980198019803,CC[C@H](C)[C@@H](/C=C/c1ccccc1)NC(=O)[C@@H]1CCCCN1CC(=O)c1ccc2c(c1)OCO2
CTSK,MCF7,9,7,49,94,CC(C)NC(=O)Nc1ccc2O[C@H](C)CCCCO[C@@H](CN(C)Cc3ccncc3)[C@@H](C)CN([C@H](C)CO)C(=O)c2c1,CC(C)NC(=O)Nc1ccc2c(c1)C(=O)N([C@H](C)CO)C[C@H](C)[C@H](CN(C)Cc1ccncc1)OCCCC[C@@H](C)O2,1,0,0,0.21008403361344538,CC[C@@H]1OCC(=O)[C@H]1NC(=O)[C@H](CC1(C)CCCC1)NC(=O)c1ccc(NS(=O)(=O)c2ccncc2)cc1
CTSK,MCF7,9,7,49,95,CC(=O)OCC(=O)[C@@]12OC(C)(C)O[C@@H]1CC1C3C[C@H](F)C4=CC(=O)C=C[C@]4(C)[C@@]3(F)[C@@H](O)C[C@]21C,CC(=O)OCC(=O)[C@@]12OC(C)(C)O[C@@H]1CC1C3C[C@H](F)C4=CC(=O)C=C[C@]4(C)[C@@]3(F)[C@@H](O)C[C@@]12C,1,0,0,0.16,CC(=O)O[C@@H]1NC(=O)[C@H]1NC(=O)C1(NC(=O)OCc2ccccc2)CCCC1
CTSK,MCF7,9,7,49,96,CCCCCCCC(=O)OC1C(OC(=O)/C(=C/C)/C)C(=C2C3OC(=O)C(C)(O)C3(O)C(CC(C)(OC(=O)C)C12)OC(=O)CCC)C,C/C=C(\C)C(=O)OC1C(C)=C2C(C1OC(=O)CCCCCCC)C(C)(OC(C)=O)CC(OC(=O)CCC)C1(O)C2OC(=O)C1(C)O,1,0,0,0.16822429906542055,CCCC[C@H](NC(=O)O[C@@H]1C(=O)OCC1(C)C)C(=O)C(=O)N[C@H](C)c1ccccc1
CTSK,MCF7,9,7,49,97,Cn1cc(cn1)-c1cnc2ccc3ccc(CS(=O)(=O)NCc4ccccn4)cc3c(=O)c2c1,Cn1cc(-c2cnc3ccc4ccc(CS(=O)(=O)NCc5ccccn5)cc4c(=O)c3c2)cn1,1,0,0,0.2696629213483146,Cn1cc(-c2cccc(C[C@H](NC(=O)c3ccccc3)C(=O)NCC#N)c2)cn1
CTSK,MCF7,9,7,49,98,CCOC(=O)N1C(=O)N(c2ccc(C)cc2)C2(CCCCC2)C1=O,CCOC(=O)N1C(=O)N(c2ccc(C)cc2)C2(CCCCC2)C1=O,1,0,0,0.2631578947368421,CCCC[C@H](NC(=O)OCC1(CC)CCCC1)C(=O)C(=O)Nc1ccnn1C
CTSK,MCF7,9,7,49,99,O[C@H]1COC[C@@H]2O[C@H](CC(=O)NCC3CCCCC3)CC[C@H]2N(CCC(F)(F)F)C1,O=C(C[C@@H]1CC[C@@H]2[C@H](COC[C@H](O)CN2CCC(F)(F)F)O1)NCC1CCCCC1,1,0,0,0.2463768115942029,N#CN1CC(CNC(=O)C2CCCCC2)C1
EGFR,MCF7,9,6,48,0,CN1CCN(CC1)C1CCN(CC1)C(=O)Nc1cc(Oc2ccc(NC(=O)C3(CC3)C(=O)Nc3ccc(F)cc3)c(F)c2)ccn1,CN1CCN(C2CCN(C(=O)Nc3cc(Oc4ccc(NC(=O)C5(C(=O)Nc6ccc(F)cc6)CC5)c(F)c4)ccn3)CC2)CC1,1,0,0,0.308411214953271,CN1CCN(C(=O)Nc2cc3c(Nc4ccc(F)c(Cl)c4)ncnc3cc2O[C@H]2CCOC2)CC1
EGFR,MCF7,9,6,48,1,CN(C)C(=O)c1ccc(cc1)-c1cccc(c1)-c1nc(cc2CN([C@@H](CCO)c12)[S@@](=O)C(C)(C)C)C(=O)N1CCN(C)CC1,CN1CCN(C(=O)c2cc3c(c(-c4cccc(-c5ccc(C(=O)N(C)C)cc5)c4)n2)[C@H](CCO)N([S@@](=O)C(C)(C)C)C3)CC1,1,0,1,0.22448979591836735,CN(C)C(=O)c1c(-c2ccc3[nH]ncc3c2)nnn1Cc1ccccc1
EGFR,MCF7,9,6,48,2,CN1CCN(CC1)c1ccc2ccccc2n1,CN1CCN(c2ccc3ccccc3n2)CC1,1,0,0,0.3220338983050847,Cc1cc(Nc2cc(N3CCN(C)CC3)nc(C=Cc3ccccc3)n2)[nH]n1
EGFR,MCF7,9,6,48,3,CC(C)NC(=O)Nc1ccc2O[C@@H](C)CCCCO[C@H](CN(C)C(=O)Cc3ccccc3)[C@H](C)CN([C@H](C)CO)C(=O)c2c1,CC(C)NC(=O)Nc1ccc2c(c1)C(=O)N([C@H](C)CO)C[C@@H](C)[C@@H](CN(C)C(=O)Cc1ccccc1)OCCCC[C@H](C)O2,1,0,0,0.20610687022900764,CCC1=C2C(Nc3ccc4c(cnn4Cc4ccccc4)c3)=NC=NC2N=C1NC(=O)OCC1CCCCN1
EGFR,MCF7,9,6,48,4,CC(C)(O)[C@@H]1Cc2cc3ccc(=O)oc3cc2O1,CC(C)(O)[C@@H]1Cc2cc3ccc(=O)oc3cc2O1,1,0,0,0.1891891891891892,CN1CCC(c2c(O)cc(O)c3c2O/C(=C\c2ccccc2Cl)C3=O)CC1
EGFR,MCF7,9,6,48,5,CC(CN(C)C)CN1c2ccccc2Sc2ccccc12,CC(CN(C)C)CN1c2ccccc2Sc2ccccc21,1,0,0,0.22950819672131148,CN(C)CC(CSc1ccccc1)C(=O)c1ccc(OCc2ccccc2)cc1
EGFR,MCF7,9,6,48,6,C[C@@H](CO)N1C[C@@H](C)[C@@H](CN(C)Cc2ccc(cc2)C(=O)O)Oc3c(NC(=O)NC4CCCCC4)cccc3C1=O,C[C@@H]1CN([C@@H](C)CO)C(=O)c2cccc(NC(=O)NC3CCCCC3)c2O[C@@H]1CN(C)Cc1ccc(C(=O)O)cc1,1,0,0,0.25892857142857145,CN1CCN(CCCNc2ncc3cc(-c4c(Cl)cccc4Cl)c(NC(=O)NC4CCCCC4)nc3n2)CC1
EGFR,MCF7,9,6,48,7,CN1[C@H]2CC[C@@H](CC(=O)N[C@H]3CCN(Cc4ccccc4)C3)O[C@@H]2COc2ccc(NC(=O)Nc3c(C)noc3C)cc2C1=O,Cc1noc(C)c1NC(=O)Nc1ccc2c(c1)C(=O)N(C)[C@H]1CC[C@@H](CC(=O)N[C@H]3CCN(Cc4ccccc4)C3)O[C@@H]1CO2,1,0,1,0.2396694214876033,Cc1ccc(C(=O)Nc2ccc(CN3CCN(C)CC3)c(C(F)(F)F)c2)cc1NC(=O)c1cnc(NC2CC2)nc1
EGFR,MCF7,9,6,48,8,CO[C@H]1CN(C)C(=O)c2cc(NC(=O)c3ccc4OCOc4c3)ccc2OC[C@@H](C)N(CC2CC2)C[C@H]1C,CO[C@H]1CN(C)C(=O)c2cc(NC(=O)c3ccc4c(c3)OCO4)ccc2OC[C@@H](C)N(CC2CC2)C[C@H]1C,1,0,0,0.24074074074074073,Cc1ccc(C(=O)Nc2ccc(CN3CCN(C)CC3)c(C(F)(F)F)c2)cc1NC(=O)c1cnc(NC2CC2)nc1
EGFR,MCF7,9,6,48,9,C[C@@H](CO)N1C[C@H](C)[C@H](CN(C)Cc2ccc(cc2)c3ccccc3)OCc4cnnn4CCCC1=O,C[C@H]1CN([C@@H](C)CO)C(=O)CCCn2nncc2CO[C@H]1CN(C)Cc1ccc(-c2ccccc2)cc1,1,0,1,0.20202020202020202,CN(C)C(=O)c1c(-c2ccc3[nH]ncc3c2)nnn1Cc1ccccc1
EGFR,MCF7,9,6,48,10,CN(C)C(=O)C[C@@H]1CC[C@@H]2[C@@H](COc3ccc(NC(=O)c4ccc(F)cc4)cc3C(=O)N2C)O1,CN(C)C(=O)C[C@@H]1CC[C@@H]2[C@@H](COc3ccc(NC(=O)c4ccc(F)cc4)cc3C(=O)N2C)O1,1,0,0,0.3108108108108108,O=C(Nc1ccc(F)cc1)c1ccc(N(CCCl)CCCl)cc1
EGFR,MCF7,9,6,48,11,CO[C@@H]1[C@@H](C)CN(CC2CC2)[C@@H](C)COc2cc(ccc2C(=O)N(C)C1)NC(=O)c1cccc(F)c1,CO[C@H]1CN(C)C(=O)c2ccc(NC(=O)c3cccc(F)c3)cc2OC[C@H](C)N(CC2CC2)C[C@@H]1C,1,0,0,0.2543859649122807,CCOc1cc(N)c(C(=O)Nc2ccc(OCc3cccc(F)c3)c(Cl)c2)cc1NC(=O)c1ccc(CN2CCN(C)CC2)cc1
EGFR,MCF7,9,6,48,12,C[C@H](CO)N1C[C@H](C)[C@H](CN(C)Cc2ccc(cc2)C(F)(F)F)OCCCC[C@@H](C)Oc3ccc(NC(=O)C4CCCCC4)cc3C1=O,C[C@@H]1CCCCO[C@@H](CN(C)Cc2ccc(C(F)(F)F)cc2)[C@@H](C)CN([C@H](C)CO)C(=O)c2cc(NC(=O)C3CCCCC3)ccc2O1,1,0,1,0.22764227642276422,Cc1ccc(C(=O)Nc2ccc(CN3CCN(C)CC3)c(C(F)(F)F)c2)cc1NC(=O)c1cnc(NC2CCCCC2)nc1
EGFR,MCF7,9,6,48,13,C[C@@H](O)C#Cc1cnc2O[C@@H](CN(C)Cc3ccc(cc3)-c3ccccc3)[C@H](C)CN([C@H](C)CO)C(=O)c2c1,C[C@@H]1CN([C@H](C)CO)C(=O)c2cc(C#C[C@@H](C)O)cnc2O[C@H]1CN(C)Cc1ccc(-c2ccccc2)cc1,1,0,0,0.22448979591836735,CC(O)C#Cc1ccc2ncnc(Nc3ccc(F)c(Cl)c3)c2c1
EGFR,MCF7,9,6,48,14,COc1cc2ncnc(Nc3ccc(F)c(Cl)c3)c2cc1OC,COc1cc2ncnc(Nc3ccc(F)c(Cl)c3)c2cc1OC,1,0,1,0.82,COc1cc2ncnc(Nc3ccc(F)c(Cl)c3)c2cc1OCCBr
EGFR,MCF7,9,6,48,15,CNC[C@@H]1Oc2ncc(Br)cc2C(=O)N(C[C@H]1C)[C@H](C)CO,CNC[C@@H]1Oc2ncc(Br)cc2C(=O)N([C@H](C)CO)C[C@H]1C,1,0,0,0.2028985507246377,Brc1cnc2[nH]cc(-c3ccccc3)c2c1
EGFR,MCF7,9,6,48,16,CO[C@@H]1CN(C)C(=O)c2cc(NC(=O)c3nc4ccccc4s3)ccc2OC[C@@H](C)N(Cc2ccncc2)C[C@H]1C,CO[C@@H]1CN(C)C(=O)c2cc(NC(=O)c3nc4ccccc4s3)ccc2OC[C@@H](C)N(Cc2ccncc2)C[C@H]1C,1,0,0,0.2571428571428571,O=C(NC(=S)Nc1ccc(O)c(-c2nc3ccccc3s2)c1)c1ccc([N+](=O)[O-])cc1
EGFR,MCF7,9,6,48,17,CCCCC/C=CC/C=CCCCCCCCC(=O)O,CCCCCC=CCC=CCCCCCCCC(=O)O,1,0,0,0.2777777777777778,CCCCCCCCCCCCCCCC[n+]1ccccc1
EGFR,MCF7,9,6,48,18,CCCC(C)C1(CC)C(=O)NC(=O)NC1=O,CCCC(C)C1(CC)C(=O)NC(=O)NC1=O,1,0,0,0.13793103448275862,CC(C)c1cc(/C=C2\C(=O)Nc3ccc(Cl)cc32)cc(C(C)C)c1O
EGFR,MCF7,9,6,48,19,OC[C@H]1O[C@@H](CC(=O)NCc2ccc(Oc3ccccc3)cc2)CC[C@@H]1NC(=O)c1ccc2OCOc2c1,O=C(C[C@H]1CC[C@H](NC(=O)c2ccc3c(c2)OCO3)[C@@H](CO)O1)NCc1ccc(Oc2ccccc2)cc1,1,0,0,0.2727272727272727,O=C(NCc1ccccc1)c1ccc(-c2ccc(-c3ccccc3)cc2O)cc1
EGFR,MCF7,9,6,48,20,NCC(=O)N1C[C@@H](C[C@H]1C(O)=O)NC(=O)c1ccccc1,NCC(=O)N1C[C@H](NC(=O)c2ccccc2)C[C@H]1C(=O)O,1,0,0,0.23728813559322035,O=C(NCc1ccccc1)c1ccc(-c2cc(O)cc(-c3ccccc3)c2)cc1
EGFR,MCF7,9,6,48,21,OC[C@@H]1[C@H]2Cn3c(cccc3=O)[C@@H]([C@H]1C(=O)N1CCOCC1)N2Cc1cccc(Cl)c1,O=C([C@H]1[C@H](CO)[C@H]2Cn3c(cccc3=O)[C@@H]1N2Cc1cccc(Cl)c1)N1CCOCC1,1,0,0,0.2625,N=c1scc(-c2ccc(Cl)cc2)n1CC(=O)N1CCOCC1
EGFR,MCF7,9,6,48,22,ClC1=C(Cl)C2(Cl)C3C4CC(C5OC54)C3C1(Cl)C2(Cl)Cl,ClC1=C(Cl)C2(Cl)C3C4CC(C5OC45)C3C1(Cl)C2(Cl)Cl,1,0,0,0.10294117647058823,CN1CCC(c2c(O)cc(O)c3c2O/C(=C\c2ccccc2Cl)C3=O)CC1
EGFR,MCF7,9,6,48,23,C[C@@H](CO)N1C[C@@H](C)[C@@H](CN(C)C(=O)Nc2ccc(F)cc2)Oc3ccc(NC(=O)C4CCCCC4)cc3C1=O,C[C@@H]1CN([C@@H](C)CO)C(=O)c2cc(NC(=O)C3CCCCC3)ccc2O[C@@H]1CN(C)C(=O)Nc1ccc(F)cc1,1,0,0,0.24096385542168675,O=C(Nc1ccc(F)cc1)c1ccc(N(CCCl)CCCl)cc1
EGFR,MCF7,9,6,48,24,OC[C@H]1[C@@H]([C@H]2CN(CCCCN12)S(=O)(=O)c1ccccc1)c1ccc(cc1)C#CC1CCCC1,O=S(=O)(c1ccccc1)N1CCCCN2[C@H](C1)[C@@H](c1ccc(C#CC3CCCC3)cc1)[C@@H]2CO,1,0,0,0.2,C=C(CN1CCCCC1)C(=O)c1ccc(OCc2ccccc2)cc1
EGFR,MCF7,9,6,48,25,COCC(=O)N1C[C@@]2(C1)CN([C@H](CO)c1[nH]c3cc(OC)ccc3c21)S(C)(=O)=O,COCC(=O)N1CC2(C1)CN(S(C)(=O)=O)[C@H](CO)c1[nH]c3cc(OC)ccc3c12,1,0,0,0.25,COc1ccc2[nH]c3c4[nH]c5ccc(OC)cc5c4c4c(c3c2c1)C(=O)NC4=O
EGFR,MCF7,9,6,48,26,CN1CCN(CC1)c1ccc2nc([nH]c2c1)-c1ccc2nc([nH]c2c1)-c1ccc(O)cc1,CN1CCN(c2ccc3nc(-c4ccc5nc(-c6ccc(O)cc6)[nH]c5c4)[nH]c3c2)CC1,1,0,0,0.4,CN1CCN(c2ccc3nc(C4C(=O)N=c5cccc(F)c5=C4N)[nH]c3c2)CC1
EGFR,MCF7,9,6,48,27,CC(C)NC(=O)N[C@H]1CC[C@H](CCn2cc(nn2)-c2ccc(F)cc2)O[C@@H]1CO,CC(C)NC(=O)N[C@H]1CC[C@H](CCn2cc(-c3ccc(F)cc3)nn2)O[C@@H]1CO,1,0,0,0.26595744680851063,CN1CCC(C(=O)n2nc(N)c3cc(-c4cn(Cc5ccccc5)nn4)ccc32)CC1
EGFR,MCF7,9,6,48,28,CN1[C@H]2CC[C@@H]1CC(C2)OC1c2ccccc2CCc2ccccc12,CN1[C@@H]2CC[C@H]1CC(OC1c3ccccc3CCc3ccccc31)C2,1,0,0,0.22388059701492538,CC(C)(C)c1ccc(C(=O)CCCN2CCC(OC(c3ccccc3)c3ccccc3)CC2)cc1
EGFR,MCF7,9,6,48,29,CCCCCC=C/CC=C/CC=C/CC=C/CCCC(=O)NCCO,CCCCCC=CCC=CCC=CCC=CCCCC(=O)NCCO,1,0,0,0.2318840579710145,CCCCCCCCCNC(=O)COc1cc(O)c2c(=O)cc(-c3ccccc3)oc2c1
EGFR,MCF7,9,6,48,30,CC(C)[C@H](N)C(=O)N[C@@H](Cc1c[nH]c2ccccc12)C(=O)O,CC(C)[C@H](N)C(=O)N[C@@H](Cc1c[nH]c2ccccc12)C(=O)O,1,0,0,0.5471698113207547,N[C@@H](Cc1c[nH]c2ccccc12)C(=O)NCc1ccccc1
EGFR,MCF7,9,6,48,31,O=C1c2ccccc2-c2n[nH]c3cccc1c23,O=C1c2ccccc2-c2n[nH]c3cccc1c23,1,0,0,0.2833333333333333,Cc1n[nH]c2cccc(-c3ccc(NC(=O)Nc4cccc(C(F)(F)F)c4)cc3)c12
EGFR,MCF7,9,6,48,32,CC(C)(C)NC[C@@H](O)COc1cccc2[nH]c(C#N)cc12,CC(C)(C)NC[C@@H](O)COc1cccc2[nH]c(C#N)cc12,1,0,1,0.23376623376623376,COc1cc(C=C(C#N)c2nc3ccccc3[nH]2)c(Br)cc1O
EGFR,MCF7,9,6,48,33,C[C@]12CC[C@H]3[C@@H](CCC4C(=O)C(=O)CC[C@]34C)[C@@H]1CCC2=O,C[C@]12CCC(=O)C(=O)C1CC[C@@H]1[C@@H]2CC[C@]2(C)C(=O)CC[C@@H]12,1,0,0,0.13636363636363635,COc1cc(/C=C2\CCCC(C=C3CCCCC3)C2=O)cc(OC)c1
EGFR,MCF7,9,6,48,34,CCCCCCCCCCCCCCCC(=O)OCC(O)[C@H]1OC(=O)C(=O)C1O,CCCCCCCCCCCCCCCC(=O)OCC(O)[C@H]1OC(=O)C(=O)C1O,1,0,0,0.24324324324324326,CCCCCCCOC(=O)COc1cc(O)c2c(=O)cc(-c3ccccc3)oc2c1
EGFR,MCF7,9,6,48,35,CNC[C@H]1OCCCC[C@@H](C)Oc2ccc(NC(=O)Nc3ccccc3)cc2C(=O)N(C[C@@H]1C)[C@H](C)CO,CNC[C@H]1OCCCC[C@@H](C)Oc2ccc(NC(=O)Nc3ccccc3)cc2C(=O)N([C@H](C)CO)C[C@@H]1C,1,0,1,0.24742268041237114,COc1ccc(NC(=O)Nc2ccc(-c3cccc4onc(N)c34)cc2)cc1Cl
EGFR,MCF7,9,6,48,36,C[C@H](CO)N1C[C@@H](C)[C@H](CN(C)S(=O)(=O)c2ccc(Cl)cc2)Oc3c(NC(=O)Nc4ccc(F)cc4)cccc3C1=O,C[C@@H]1CN([C@H](C)CO)C(=O)c2cccc(NC(=O)Nc3ccc(F)cc3)c2O[C@H]1CN(C)S(=O)(=O)c1ccc(Cl)cc1,1,0,0,0.2558139534883721,O=C(Cc1ccc(Cl)cc1)NS(=O)(=O)c1ccc(F)cc1
EGFR,MCF7,9,6,48,37,Cn1cccc1-c1ccc2ncnc(Nc3ccc4ncnc(O)c4c3)c2c1,Cn1cccc1-c1ccc2ncnc(Nc3ccc4ncnc(O)c4c3)c2c1,1,0,1,0.4482758620689655,CNc1ccc2ncnc(Nc3cccc(Br)c3)c2c1
EGFR,MCF7,9,6,48,38,COc1cc(ccc1OC(=O)C)C2=CCN(CC2)C(=O)C,COc1cc(C2=CCN(C(C)=O)CC2)ccc1OC(C)=O,1,0,0,0.2857142857142857,COc1ccc(C2=C(c3ccccc3)C(=O)NC2=O)cc1OC
EGFR,MCF7,9,6,48,39,CO[C@H]1CN(C)C(=O)c2cc(NC(=O)c3ccc4OCOc4c3)ccc2OC[C@@H](C)N(CC2CC2)C[C@H]1C,CO[C@H]1CN(C)C(=O)c2cc(NC(=O)c3ccc4c(c3)OCO4)ccc2OC[C@@H](C)N(CC2CC2)C[C@H]1C,1,1,0,0.24074074074074073,Cc1ccc(C(=O)Nc2ccc(CN3CCN(C)CC3)c(C(F)(F)F)c2)cc1NC(=O)c1cnc(NC2CC2)nc1
EGFR,MCF7,9,6,48,40,CCC(=O)N[C@@H]1CC[C@H](CCNC(=O)Nc2ccc(cc2)C(F)(F)F)O[C@H]1CO,CCC(=O)N[C@@H]1CC[C@H](CCNC(=O)Nc2ccc(C(F)(F)F)cc2)O[C@H]1CO,1,0,0,0.25925925925925924,O=C(Nc1ccc(C(F)(F)F)cc1)Nc1ncnc2nn3ccccc3c12
EGFR,MCF7,9,6,48,41,COC(=O)C[C@@H]1CC[C@@H]2NC[C@@H](O)COC[C@H]2O1,COC(=O)C[C@@H]1CC[C@@H]2NC[C@@H](O)COC[C@H]2O1,1,0,0,0.19047619047619047,COC(=O)CN1CCC(n2cc(-c3cccc(O)c3)c3c(N)ncnc32)C1
EGFR,MCF7,9,6,48,42,OC[C@H](O)[C@@H](O)C(O[C@@H]1O[C@H](CO)[C@H](O)[C@H](O)[C@H]1O)[C@H](O)CO,OC[C@@H](O)C(O[C@@H]1O[C@H](CO)[C@H](O)[C@H](O)[C@H]1O)[C@H](O)[C@@H](O)CO,1,0,0,0.2692307692307692,C/C=C(\C)C(O[C@@H]1O[C@H](CO)[C@@H](O)[C@H](O)[C@H]1O)C(C)/C=C(C)/C=C/CC(C)/C=C/c1oc(OC)c(C)c(=O)c1C
EGFR,MCF7,9,6,48,43,Cc1ccc(/C=N/NC(=O)CCC(=O)Nc2ccc(C)cc2C)o1,Cc1ccc(NC(=O)CCC(=O)N/N=C/c2ccc(C)o2)c(C)c1,1,0,0,0.25,Cc1ccc2nc(Oc3ccc(F)cc3)c(/C=N/NC(=O)Cn3c([N+](=O)[O-])cnc3C)cc2c1
EGFR,MCF7,9,6,48,44,CC(C)NC(=O)Nc1ccc2O[C@@H](CN(C)Cc3ccc(cc3)c4ccccc4)[C@H](C)CN([C@@H](C)CO)C(=O)c2c1,CC(C)NC(=O)Nc1ccc2c(c1)C(=O)N([C@@H](C)CO)C[C@@H](C)[C@H](CN(C)Cc1ccc(-c3ccccc3)cc1)O2,1,0,0,0.24489795918367346,COc1ccc(NC(=O)Nc2ccc(-c3cccc4onc(N)c34)cc2)cc1Cl
EGFR,MCF7,9,6,48,45,CCOC(=O)[C@H](CCc1ccccc1)N[C@@H](C)C(=O)N2C(C[C@@H]3CCC[C@@H]32)C(=O)O,CCOC(=O)[C@H](CCc1ccccc1)N[C@@H](C)C(=O)N1C(C(=O)O)C[C@@H]2CCC[C@@H]21,1,0,0,0.2875,CCOC(=O)C1CCN(CCC(=O)c2ccc(OCc3ccccc3)cc2)CC1
EGFR,MCF7,9,6,48,46,COc1cc2ncn(-c3cc(OCc4ccc(cc4)S(C)(=O)=O)c(s3)C(N)=O)c2cc1OC,COc1cc2ncn(-c3cc(OCc4ccc(S(C)(=O)=O)cc4)c(C(N)=O)s3)c2cc1OC,1,0,0,0.3541666666666667,C[C@@H](Oc1cc(-n2cnc3ccc(OCC4CCN(C)CC4)cc32)sc1C(N)=O)c1ccccc1C(F)(F)F
EGFR,MCF7,9,6,48,47,C[C@@H](CO)N1C[C@H](C)[C@H](CN(C)S(=O)(=O)c2ccc(F)cc2)OCCCC[C@H](C)Oc3ccc(NC(=O)Nc4c(C)noc4C)cc3C1=O,Cc1noc(C)c1NC(=O)Nc1ccc2c(c1)C(=O)N([C@@H](C)CO)C[C@H](C)[C@H](CN(C)S(=O)(=O)c1ccc(F)cc1)OCCCC[C@H](C)O2,1,0,1,0.23275862068965517,COc1ccc(-c2ccc(NC(=O)Nc3ccc(F)c(C)c3)cc2)c2c(N)noc12
EGFR,MCF7,9,6,48,48,CCC(=C(c1ccccc1)c2ccc(OCCN(C)C)cc2)c3ccccc3,CCC(=C(c1ccccc1)c1ccc(OCCN(C)C)cc1)c1ccccc1,1,0,0,1.0,CC/C(=C(\c1ccccc1)c1ccc(OCCN(C)C)cc1)c1ccccc1
EGFR,MCF7,9,6,48,49,COc1ccc2C3CC[C@@]4(C)C(CC[C@@]4(O)C#C)C3CCc2c1,C#C[C@]1(O)CCC2C3CCc4cc(OC)ccc4C3CC[C@@]21C,1,0,0,0.22388059701492538,COc1cccc(/C=C2\CCC/C(=C\c3cc(OC)cc(OC)c3)C2=O)c1
EGFR,MCF7,9,6,48,50,C[C@@H](CO)N1C[C@@H](C)[C@@H](CN(C)C(=O)NC2CCCC2)Oc2cc(ccc2S1(=O)=O)-c1cccnc1,C[C@@H]1CN([C@@H](C)CO)S(=O)(=O)c2ccc(-c3cccnc3)cc2O[C@@H]1CN(C)C(=O)NC1CCCC1,1,0,0,0.25,OCCNc1cc2cc(-c3cccnc3)ccc2cn1
EGFR,MCF7,9,6,48,51,O[C@H]1COC[C@H]2O[C@@H](CC(=O)N3CCOCC3)CC[C@@H]2N(C1)C(=O)Nc1cc(Cl)cc(Cl)c1,O=C(C[C@H]1CC[C@H]2[C@@H](COC[C@H](O)CN2C(=O)Nc2cc(Cl)cc(Cl)c2)O1)N1CCOCC1,1,0,0,0.2625,N=c1scc(-c2ccc(Cl)cc2)n1CC(=O)N1CCOCC1
EGFR,MCF7,9,6,48,52,NCCCS(O)(=O)=O,NCCCS(=O)(=O)O,1,0,0,0.16129032258064516,NCCCNS(=O)(=O)c1cccc(C(O)=Nc2ccc(-c3nnc(O)c4ccccc34)cc2)c1
EGFR,MCF7,9,6,48,53,COc1ccc2C(CN(C)Cc2c1)c1ccc(Cl)c(Cl)c1,COc1ccc2c(c1)CN(C)CC2c1ccc(Cl)c(Cl)c1,1,0,0,0.36507936507936506,COc1ccc(C2CC(c3ccc(Cl)c(Cl)c3)=NN2C(N)=S)cc1
EGFR,MCF7,9,6,48,54,ClCCNP1(=O)OCCCN1CCCl,O=P1(NCCCl)OCCCN1CCCl,1,0,0,0.140625,C=C(CN1CCOCC1)C(=O)c1ccc(OCc2ccccc2)cc1
EGFR,MCF7,9,6,48,55,COc1ccc2nccc([C@H](O)[C@@H]3C[C@@H]4CCN3C[C@@H]4C=C)c2c1,C=C[C@H]1CN2CC[C@H]1C[C@H]2[C@@H](O)c1ccnc2ccc(OC)cc12,1,0,0,0.2898550724637681,COc1ccc2ncnc(Nc3ccccc3)c2c1
EGFR,MCF7,9,6,48,56,Cc1ccc(cc1)S(=O)(=O)NC(=O)NN1CCCCCC1,Cc1ccc(S(=O)(=O)NC(=O)NN2CCCCCC2)cc1,1,0,0,0.3191489361702128,O=C(Cc1ccc(F)cc1)NS(=O)(=O)c1ccc(F)cc1
EGFR,MCF7,9,6,48,57,OC(=O)CCCCC1CCSS1,O=C(O)CCCCC1CCSS1,1,0,0,0.18867924528301888,Cn1c(SSc2c(CCCC(=O)O)c3ccccc3n2C)c(CCCC(=O)O)c2ccccc21
EGFR,MCF7,9,6,48,58,OC[C@H]1[C@H]([C@@H]2CN(CCCCN12)S(=O)(=O)c1ccccc1)c1ccc(cc1)C#CC1CCCC1,O=S(=O)(c1ccccc1)N1CCCCN2[C@@H](CO)[C@@H](c3ccc(C#CC4CCCC4)cc3)[C@@H]2C1,1,0,0,0.2,C=C(CN1CCCCC1)C(=O)c1ccc(OCc2ccccc2)cc1
EGFR,MCF7,9,6,48,59,CCC(c1ccccc1)=C(/c1ccccc1)c1ccc(OCCN(C)C)cc1,CCC(=C(c1ccccc1)c1ccc(OCCN(C)C)cc1)c1ccccc1,1,1,0,1.0,CC/C(=C(\c1ccccc1)c1ccc(OCCN(C)C)cc1)c1ccccc1
EGFR,MCF7,9,6,48,60,CO[C@@H]1[C@@H](OC(N)=O)[C@@H](O)[C@H](Oc2ccc3c(O)c(NC(=O)c4ccc(O)c(CC=C(C)C)c4)c(=O)oc3c2C)OC1(C)C,CO[C@@H]1[C@@H](OC(N)=O)[C@@H](O)[C@H](Oc2ccc3c(O)c(NC(=O)c4ccc(O)c(CC=C(C)C)c4)c(=O)oc3c2C)OC1(C)C,1,0,0,0.21100917431192662,COc1cc(-c2ccc3c(c2)Nc2ccc(C(=O)NCCNC(C)=O)cc2NC3=O)ccc1O
EGFR,MCF7,9,6,48,61,CNC(=O)C1OC(C(O)C1O)n2cnc3c(NCc4cccc(I)c4)ncnc23,CNC(=O)C1OC(n2cnc3c(NCc4cccc(I)c4)ncnc32)C(O)C1O,1,0,0,0.27848101265822783,COc1cc2ncnc(NCc3ccccc3)c2cc1O
EGFR,MCF7,9,6,48,62,COc1ccc(CNCc2cccc3ccccc23)cc1,COc1ccc(CNCc2cccc3ccccc23)cc1,1,0,0,0.4375,COc1ccc(CNc2ncnc3ccccc23)cc1
EGFR,MCF7,9,6,48,63,CC(C)NC(=O)Nc1ccc2O[C@H](C)CCCCO[C@H](CN(C)C(=O)CCCN(C)C)[C@@H](C)CN([C@@H](C)CO)C(=O)c2c1,CC(C)NC(=O)Nc1ccc2c(c1)C(=O)N([C@@H](C)CO)C[C@H](C)[C@@H](CN(C)C(=O)CCCN(C)C)OCCCC[C@@H](C)O2,1,0,0,0.23076923076923078,CN(C)CCCC(=O)Nc1cccc(-c2c(-c3ccccc3)oc3ncnc(N[C@H](CO)c4ccccc4)c23)c1
EGFR,MCF7,9,6,48,64,Oc1nc2cc(C#N)c(cc2nc1O)[N+](=O)[O-],N#Cc1cc2nc(O)c(O)nc2cc1[N+](=O)[O-],1,0,0,0.25,O=[N+]([O-])c1cc(NCc2cc(O)ccc2O)ccc1O
EGFR,MCF7,9,6,48,65,CO[C@H]1CN(C)C(=O)c2cc(NC(=O)c3ccc4OCOc4c3)ccc2OC[C@@H](C)N(CC2CC2)C[C@H]1C,CO[C@H]1CN(C)C(=O)c2cc(NC(=O)c3ccc4c(c3)OCO4)ccc2OC[C@@H](C)N(CC2CC2)C[C@H]1C,1,1,0,0.24074074074074073,Cc1ccc(C(=O)Nc2ccc(CN3CCN(C)CC3)c(C(F)(F)F)c2)cc1NC(=O)c1cnc(NC2CC2)nc1
EGFR,MCF7,9,6,48,66,COc1ccccc1NC(=O)N[C@@H]1CC[C@@H](CC(=O)NCc2ccc(Cl)c(Cl)c2)O[C@H]1CO,COc1ccccc1NC(=O)N[C@@H]1CC[C@@H](CC(=O)NCc2ccc(Cl)c(Cl)c2)O[C@H]1CO,1,0,0,0.3048780487804878,O=C(NCc1ccc(Cl)c(Cl)c1)Nc1ccc2n[nH]cc2c1
EGFR,MCF7,9,6,48,67,CO[C@@H]1CN(C)C(=O)c2cc(NC(=O)c3nc4ccccc4s3)ccc2OC[C@@H](C)N(Cc2ccncc2)C[C@H]1C,CO[C@@H]1CN(C)C(=O)c2cc(NC(=O)c3nc4ccccc4s3)ccc2OC[C@@H](C)N(Cc2ccncc2)C[C@H]1C,1,1,0,0.2571428571428571,O=C(NC(=S)Nc1ccc(O)c(-c2nc3ccccc3s2)c1)c1ccc([N+](=O)[O-])cc1
EGFR,MCF7,9,6,48,68,CCN(CC)CCNC(=O)c1cc(ccc1OC)S(C)(=O)=O,CCN(CC)CCNC(=O)c1cc(S(C)(=O)=O)ccc1OC,1,0,0,0.44642857142857145,CCN(CC)CCNC(=O)c1cn(C)c2ccccc12
EGFR,MCF7,9,6,48,69,CO[C@H](CN(C)Cc1cc(F)ccc1F)[C@H](C)CN([C@@H](C)CO)S(=O)(=O)c1ccc(F)cc1,CO[C@H](CN(C)Cc1cc(F)ccc1F)[C@H](C)CN([C@@H](C)CO)S(=O)(=O)c1ccc(F)cc1,1,0,0,0.22857142857142856,O=C(Cc1ccc(Cl)cc1)NS(=O)(=O)c1ccc(F)cc1
EGFR,MCF7,9,6,48,70,CC(C)NC(=O)N(C)C[C@@H]1OCCCC[C@@H](C)Oc2ccc(NC(=O)CCC(F)(F)F)cc2C(=O)N(C[C@@H]1C)[C@H](C)CO,CC(C)NC(=O)N(C)C[C@@H]1OCCCC[C@@H](C)Oc2ccc(NC(=O)CCC(F)(F)F)cc2C(=O)N([C@H](C)CO)C[C@@H]1C,1,0,0,0.19672131147540983,Cc1ccc(C(=O)Nc2ccc(CN3CCN(C)CC3)c(C(F)(F)F)c2)cc1NC(=O)c1cnc(NC2CCCC2)nc1
EGFR,MCF7,9,6,48,71,CC(C)Oc1ccc(cc1)-c1cnc2c(cnn2c1)-c1ccnc2ccccc12,CC(C)Oc1ccc(-c2cnc3c(-c4ccnc5ccccc45)cnn3c2)cc1,1,0,0,0.41379310344827586,COc1ccc(-c2cnc3c(Br)cnn3c2)cc1
EGFR,MCF7,9,6,48,72,COc1cc(Nc2nc3ccccc3nc2NS(=O)(=O)c2ccc(NC(=O)c3ccc(C)c(OC)c3)cc2)cc(OC)c1,COc1cc(Nc2nc3ccccc3nc2NS(=O)(=O)c2ccc(NC(=O)c3ccc(C)c(OC)c3)cc2)cc(OC)c1,1,0,0,0.34615384615384615,COc1cc2ncnc(Nc3cccc(NC(=O)c4ccccc4)c3)c2cc1OC
EGFR,MCF7,9,6,48,73,Clc1cccc(c1)N1CCN(CCCn2nc3ccccn3c2=O)CC1,O=c1n(CCCN2CCN(c3cccc(Cl)c3)CC2)nc2ccccn12,1,0,0,0.3048780487804878,CN1CCN(c2cccc(Nc3nccc(-c4c(C(N)=O)nc5ccccn45)n3)c2)CC1
EGFR,MCF7,9,6,48,74,COc1cccc(c1)S(=O)(=O)Nc2ccc3O[C@@H]4[C@@H](C[C@H](CC(=O)N5CCCCC5)O[C@H]4CO)c3c2,COc1cccc(S(=O)(=O)Nc2ccc3c(c2)[C@@H]2C[C@H](CC(=O)N4CCCCC4)O[C@@H](CO)[C@@H]2O3)c1,1,0,0,0.2542372881355932,COc1cc2c(Oc3ccc(NS(=O)(=O)c4cccc(-c5ccco5)c4)cc3F)ccnc2cc1OCCCN1CCN(C)CC1
EGFR,MCF7,9,6,48,75,O[C@H]1COC[C@@H]2O[C@@H](CC(=O)NCc3cccc(F)c3)CC[C@H]2N(Cc2cocn2)C1,O=C(C[C@H]1CC[C@@H]2[C@H](COC[C@H](O)CN2Cc2cocn2)O1)NCc1cccc(F)c1,1,0,0,0.24324324324324326,COc1cc2ncnc(Nc3cccc(Cl)c3F)c2cc1CN1CCOCC1C(N)=O
EGFR,MCF7,9,6,48,76,Oc1cc(O)c2C(=O)C[C@H](Oc2c1)c1ccccc1,O=C1C[C@@H](c2ccccc2)Oc2cc(O)cc(O)c21,1,0,0,0.25,O=C(O)c1ccc(-c2cc(O)cc(-c3ccccc3)c2)cc1
EGFR,MCF7,9,6,48,77,COCC(=O)Nc1ccc2c(OC[C@@H](C)N(C)C[C@H](C)[C@H](CN(C)C2=O)OC)c1,COCC(=O)Nc1ccc2c(c1)OC[C@@H](C)N(C)C[C@H](C)[C@@H](OC)CN(C)C2=O,1,0,0,0.32098765432098764,COCC(=O)Nc1ccc2ncnc(Nc3cc(Cl)c(Cl)cc3F)c2c1
EGFR,MCF7,9,6,48,78,CC(C)NC(=O)Nc1ccc2O[C@@H](C)CCCCO[C@H](CN(C)C(=O)Cc3ccccc3)[C@@H](C)CN([C@H](C)CO)C(=O)c2c1,CC(C)NC(=O)Nc1ccc2c(c1)C(=O)N([C@H](C)CO)C[C@H](C)[C@@H](CN(C)C(=O)Cc1ccccc1)OCCCC[C@H](C)O2,1,0,0,0.20610687022900764,CCC1=C2C(Nc3ccc4c(cnn4Cc4ccccc4)c3)=NC=NC2N=C1NC(=O)OCC1CCCCN1
EGFR,MCF7,9,6,48,79,CCN1C[C@]2(C)CC[C@H](O)[C@]3([C@@H]2C[C@H]4C13)[C@@H]5C[C@H](O)[C@H]6C[C@]45[C@H](O)C6=C,C=C1[C@@H](O)[C@]23C[C@@H]1[C@@H](O)C[C@H]2[C@@]12C4[C@@H]3C[C@@H]1[C@@](C)(CC[C@@H]2O)CN4CC,1,0,0,0.12371134020618557,CCc1ccc2nc(Nc3cc(Cc4ccccc4)nc(NC4CCC(O)CC4)n3)sc2c1
EGFR,MCF7,9,6,48,80,CN(C)C(=O)C[C@H]1O[C@@H](CO)[C@@H](NC(=O)c2ccc(F)cc2)C=C1,CN(C)C(=O)C[C@@H]1C=C[C@H](NC(=O)c2ccc(F)cc2)[C@H](CO)O1,1,0,0,0.29508196721311475,O=C(Nc1ccc(F)cc1)c1ccc(N(CCCl)CCCl)cc1
EGFR,MCF7,9,6,48,81,COc1ccc(C(O)CNC(C)C)c(F)c1OC,COc1ccc(C(O)CNC(C)C)c(F)c1OC,1,0,0,0.23376623376623376,COc1cc2ncnc(Nc3cccc(Cl)c3F)c2cc1CN[C@H](C)C(N)=O
EGFR,MCF7,9,6,48,82,COc1ccccc1CNC(=O)C[C@@H]2C[C@@H]3[C@@H](Oc4ccc(cc34)N(C)C)[C@@H](CO)O2,COc1ccccc1CNC(=O)C[C@@H]1C[C@H]2c3cc(N(C)C)ccc3O[C@H]2[C@@H](CO)O1,1,0,0,0.22,COc1cc2ncnc(Nc3ccc(Cl)c(NC(=O)c4cccc(N(C)C)c4)c3)c2cc1OC
EGFR,MCF7,9,6,48,83,CC(C)(C)c1cc(c(NC(=O)c2c[nH]c3ccccc3c2=O)cc1O)C(C)(C)C,CC(C)(C)c1cc(C(C)(C)C)c(NC(=O)c2c[nH]c3ccccc3c2=O)cc1O,1,0,0,0.36065573770491804,CCN(CC)CCNC(=O)c1c[nH]c2ccccc12
EGFR,MCF7,9,6,48,84,CCOC(=O)C1=C(C)N=c2sc(=Cc3ccc(OCC(=O)O)cc3)c(=O)n2C1c4ccc(SC)cc4,CCOC(=O)C1=C(C)N=c2sc(=Cc3ccc(OCC(=O)O)cc3)c(=O)n2C1c1ccc(SC)cc1,1,0,0,0.26262626262626265,CCOC(=O)C1=c2sc(=Cc3ccco3)c(=O)n2C(=N)C(C#N)C1c1ccco1
EGFR,MCF7,9,6,48,85,C[C@@H](CO)N1C[C@H](C)[C@H](CN(C)S(=O)(=O)c2ccc(F)cc2)OCCCC[C@H](C)Oc2ccc(cc2C1=O)N(C)C,C[C@H]1CCCCO[C@@H](CN(C)S(=O)(=O)c2ccc(F)cc2)[C@@H](C)CN([C@@H](C)CO)C(=O)c2cc(N(C)C)ccc2O1,1,0,0,0.18085106382978725,COc1cc(/C=C2\CCC/C(=C\c3ccc(N(C)C)cc3)C2=O)cc(OC)c1
EGFR,MCF7,9,6,48,86,OC[C@@H]1O[C@H](CC(=O)NCC(F)(F)F)C=C[C@H]1NC(=O)CC1CC1,O=C(C[C@@H]1C=C[C@@H](NC(=O)CC2CC2)[C@H](CO)O1)NCC(F)(F)F,1,0,0,0.16304347826086957,O=C(CN1CCC(CCO)CC1)Nc1cc2c(Nc3ccc(F)c(Cl)c3)ncnc2s1
EGFR,MCF7,9,6,48,87,CC[C@H](NC(=O)[C@H](C)NC)C(=O)N1C[C@@H](O)C[C@H]1Cc1c([nH]c2cc(F)ccc12)-c1[nH]c2cc(F)ccc2c1C[C@@H]1C[C@H](O)CN1C(=O)[C@H](CC)NC(=O)[C@H](C,,0,0,0,,
EGFR,MCF7,9,6,48,88,OC[C@H]1O[C@H]([C@H](O)[C@@H](O)[C@@H]1O)c1ccc(Cl)c(Cc2ccc(O[C@H]3CCOC3)cc2)c1,OC[C@H]1O[C@@H](c2ccc(Cl)c(Cc3ccc(O[C@H]4CCOC4)cc3)c2)[C@H](O)[C@@H](O)[C@@H]1O,1,0,0,0.2696629213483146,COc1cc(OC2CCOC2)c2c(Nc3ccc(F)c(Cl)c3)ncnc2c1
EGFR,MCF7,9,6,48,89,Nc1cccc2C(=O)N(C3CCC(=O)NC3=O)C(=O)c12,Nc1cccc2c1C(=O)N(C1CCC(=O)NC1=O)C2=O,1,0,0,0.2391304347826087,O=C1Nc2ccccc2Nc2ccccc21
EGFR,MCF7,9,6,48,90,C[C@@H](CO)N1C[C@@H](C)[C@H](CN(C)Cc2ccc(cc2)C(=O)O)Oc3ccc(NC(=O)CCCN(C)C)cc3C1=O,C[C@@H]1CN([C@@H](C)CO)C(=O)c2cc(NC(=O)CCCN(C)C)ccc2O[C@H]1CN(C)Cc1ccc(C(=O)O)cc1,1,0,0,0.28703703703703703,CN(C)CCCC(=O)Nc1cccc(-c2c(-c3ccccc3)oc3ncnc(N[C@H](CO)c4ccccc4)c23)c1
EGFR,MCF7,9,6,48,91,OCCNc1nc(Nc2ccccc2C(F)(F)F)nc(n1)N3CCCC3,OCCNc1nc(Nc2ccccc2C(F)(F)F)nc(N2CCCC2)n1,1,0,0,0.2857142857142857,O=C(Nc1cccc(N2CCOCC2)n1)Nc1ccnc2c(C(F)(F)F)cccc12
EGFR,MCF7,9,6,48,92,Cc1nc2CCN(C(=O)c3ccc(NC(=O)c4ccccc4-c4ccccc4)cc3)c3ccccc3-c2[nH]1,Cc1nc2c([nH]1)-c1ccccc1N(C(=O)c1ccc(NC(=O)c3ccccc3-c3ccccc3)cc1)CC2,1,0,0,0.2839506172839506,COc1ccc(C(=O)Nc2cnc3[nH]cc(-c4ccccc4)c3c2)cc1
EGFR,MCF7,9,6,48,93,C[C@@H](CO)N1C[C@@H](C)[C@@H](CN(C)Cc2ccc(Cl)c(Cl)c2)Oc3c(NS(=O)(=O)C)cccc3C1=O,C[C@@H]1CN([C@@H](C)CO)C(=O)c2cccc(NS(C)(=O)=O)c2O[C@@H]1CN(C)Cc1ccc(Cl)c(Cl)c1,1,0,0,0.2268041237113402,COc1cc(-c2ccc3c(c2)NC(=O)c2ccc(-c4ccccc4NS(C)(=O)=O)cc2N3)cc(OC)c1OC
EGFR,MCF7,9,6,48,94,CN(C)c1ccc(NC(=O)Nc2cc(C)nc3c(F)cc(F)cc23)cc1,Cc1cc(NC(=O)Nc2ccc(N(C)C)cc2)c2cc(F)cc(F)c2n1,1,0,0,0.34285714285714286,Cc1ccc(F)c(NC(=O)Nc2ccc(-c3ccc4nccnc4c3N)cc2)c1
EGFR,MCF7,9,6,48,95,O[C@H]1COC[C@H]2O[C@@H](CC(=O)Nc3nccs3)CC[C@@H]2N(Cc2cc(F)cc(F)c2)C1,O=C(C[C@H]1CC[C@H]2[C@@H](COC[C@H](O)CN2Cc2cc(F)cc(F)c2)O1)Nc1nccs1,1,0,0,0.2037037037037037,O=C(CCC=NCC1COC1)Nc1cc2c(Nc3ccc(F)c(Cl)c3)ncnc2s1
EGFR,MCF7,9,6,48,96,C[C@H](CO)N1C[C@@H](C)[C@H](CN(C)C(=O)Nc2cccc3ccccc23)OCCCC[C@H](C)Oc4ccc(NC(=O)c5ccncc5)cc4C1=O,C[C@@H]1CN([C@H](C)CO)C(=O)c2cc(NC(=O)c3ccncc3)ccc2O[C@@H](C)CCCCO[C@H]1CN(C)C(=O)Nc1cccc2ccccc12,1,0,0,0.27,O=C(Nc1cccc2ccccc12)c1ccc(N(CCCl)CCCl)cc1
EGFR,MCF7,9,6,48,97,O=C1c2ccccc2-c3cccc4cccc1c34,O=C1c2ccccc2-c2cccc3cccc1c23,1,0,0,0.2857142857142857,O=C1NC(=O)C(c2c[nH]c3ccccc23)=C1c1cccc2ccccc12
EGFR,MCF7,9,6,48,98,CC(C)NC(=O)N1[C@H](CO)[C@H]([C@@H]1C#N)c1ccc(cc1)C#CC1CCCCC1,CC(C)NC(=O)N1[C@H](CO)[C@@H](c2ccc(C#CC3CCCCC3)cc2)[C@@H]1C#N,1,0,0,0.22727272727272727,CN(C(=O)C1CCCCC1)c1ccc2c(c1)nc(NC(=O)c1ccc(C#N)cc1)n2C
EGFR,MCF7,9,6,48,99,CCCCC[C@H](O)CC(=O)CCc1ccc(O)c(OC)c1,CCCCC[C@H](O)CC(=O)CCc1ccc(O)c(OC)c1,1,0,0,0.30158730158730157,COc1cc(C=C2SC(=S)NC2=O)ccc1O
HDAC1,MCF7,9,0,42,0,COc1ccc2cc(ccc2c1)C(C)C(=O)O,COc1ccc2cc(C(C)C(=O)O)ccc2c1,1,0,0,0.2916666666666667,COc1ccc(C(=O)CCCCCCC(O)=NO)cc1
HDAC1,MCF7,9,0,42,1,CCCCCC(=O)O[C@@]1(CCC2C3CCC4=CC(=O)CC[C@]4(C)C3CC[C@]12C)C(C)=O,CCCCCC(=O)O[C@]1(C(C)=O)CCC2C3CCC4=CC(=O)CC[C@]4(C)C3CC[C@@]21C,1,0,0,0.2222222222222222,C[C@]12CC[C@@H]3c4ccc(O)cc4CC[C@H]3[C@@H]1CC[C@@]2(O)c1cn(CCCCC(O)=NO)nn1
HDAC1,MCF7,9,0,42,2,CCC(=O)N1C[C@H](O)COC[C@@H]2O[C@@H](CC(=O)NCc3cc(F)cc(F)c3)CC[C@@H]12,CCC(=O)N1C[C@H](O)COC[C@@H]2O[C@@H](CC(=O)NCc3cc(F)cc(F)c3)CC[C@H]21,1,0,1,0.2,CCC(=O)NCc1ccc(C(=O)Nc2cc(-c3ccccc3)ccc2N)cc1
HDAC1,MCF7,9,0,42,3,ON=C1/C(Nc2ccccc12)=C1/C(=O)Nc2cc(Br)ccc12,O=C1Nc2cc(Br)ccc2/C1=C1/Nc2ccccc2C1=NO,1,0,0,0.2112676056338028,O=C(NCCSSCCNC(=O)/C(Cc1c[nH]c2ccc(Br)cc12)=N/O)/C(Cc1c[nH]c2ccc(Br)cc12)=N/O
HDAC1,MCF7,9,0,42,4,Oc1ccc(cc1)C1CNCCc2c(Cl)c(O)c(O)cc12,Oc1ccc(C2CNCCc3c2cc(O)c(O)c3Cl)cc1,1,0,0,0.16666666666666666,Nc1ccccc1NC(=O)c1ccc(CNC2=N[C@@H](c3ccc(O)cc3)CS2)cc1
HDAC1,MCF7,9,0,42,5,CC(C)c1c(C(=O)Nc2ccccc2)c(c(-c2ccc(F)cc2)n1CCC(O)CC(O)CC(O)=O)-c1ccccc1,CC(C)c1c(C(=O)Nc2ccccc2)c(-c2ccccc2)c(-c2ccc(F)cc2)n1CCC(O)CC(O)CC(=O)O,1,0,0,0.84375,CC(C)c1c(C(=O)Nc2ccccc2)c(-c2ccccc2)c(-c2ccc(F)cc2)n1CC[C@@H](O)C[C@@H](O)CC(O)=NO
HDAC1,MCF7,9,0,42,6,Oc1ccc(cc1)C2COc3cc(O)ccc3C2,Oc1ccc(C2COc3cc(O)ccc3C2)cc1,1,0,0,0.2222222222222222,Nc1ccccc1NC(=O)c1ccc(CC2COc3ccccc3C2)cc1
HDAC1,MCF7,9,0,42,7,O=c1ccc2ccc(OCCCCN3CCN(CC3)c3cccc4sccc34)cc2[nH]1,O=c1ccc2ccc(OCCCCN3CCN(c4cccc5sccc45)CC3)cc2[nH]1,1,0,0,0.2571428571428571,ON=C(O)CCCCCCOc1ccc2ccccc2c1
HDAC1,MCF7,9,0,42,8,COc1ccc2nccc([C@H](O)[C@H]3C[C@@H]4CC[N@]3C[C@@H]4C=C)c2c1,C=C[C@H]1C[N@@]2CC[C@H]1C[C@@H]2[C@@H](O)c1ccnc2ccc(OC)cc12,1,0,0,0.2,COc1ccc2[nH]c(C)c(CC(=O)N[C@@H](CCCCCC(C)=O)c3nc4ccc(Cl)cc4[nH]3)c2c1
HDAC1,MCF7,9,0,42,9,Cc1ccc(NC(=O)c2cccc(c2)C(C)(C)C#N)cc1Nc1ccc2ncn(C)c(=O)c2c1,Cc1ccc(NC(=O)c2cccc(C(C)(C)C#N)c2)cc1Nc1ccc2ncn(C)c(=O)c2c1,1,0,0,0.31868131868131866,Cc1ccc(NC(=O)c2ccc(C(=O)Nc3ccccc3N)cc2)cc1Nc1ncc(-c2cccnc2)s1
HDAC1,MCF7,9,0,42,10,CN(C)c1ccc(NC(=O)Nc2cc(C)nc3c(F)cc(F)cc23)cc1,Cc1cc(NC(=O)Nc2ccc(N(C)C)cc2)c2cc(F)cc(F)c2n1,1,0,0,0.25609756097560976,CN(C)c1ccc(C(=O)N[C@@H](CCCCCC(=O)NO)C(=O)Nc2cccc3cccnc23)cc1
HDAC1,MCF7,9,0,42,11,CN(Cc1ccco1)c2ncnc3ccc(cc23)c4ccccc4Cl,CN(Cc1ccco1)c1ncnc2ccc(-c3ccccc3Cl)cc12,1,0,0,0.2391304347826087,O=C(NO)c1ccc(-c2ccc3ncnc(Nc4ccc(OCc5cccc(F)c5)c(Cl)c4)c3c2)s1
HDAC1,MCF7,9,0,42,12,C[C@H](CCCC(C)(C)O)[C@@H]1CC[C@@H]2[C@]1(C)CCCC2=C/C=C1/C[C@@H](O)C[C@H](O)C1=C,C=C1/C(=C\C=C2CCC[C@@]3(C)[C@H]2CC[C@H]3[C@H](C)CCCC(C)(C)O)C[C@@H](O)C[C@@H]1O,1,0,0,0.16470588235294117,CC(C)(C)OC(=O)N[C@@H](CCCCCS)C(=O)NC1CCCC1
HDAC1,MCF7,9,0,42,13,C[C@@H](CO)N1C[C@H](C)[C@@H](CN(C)Cc2ccc(cc2)c3ccccc3)OCc4cn(CCCC1=O)nn4,C[C@H]1CN([C@@H](C)CO)C(=O)CCCn2cc(nn2)CO[C@@H]1CN(C)Cc1ccc(-c2ccccc2)cc1,1,0,0,0.2268041237113402,CN(Cc1ccc(C(=O)Nc2cc(-c3ccccc3)ccc2N)cc1)c1ccncc1
HDAC1,MCF7,9,0,42,14,NC(=N)NN=C/c1c(Cl)cccc1Cl,N=C(N)NN=Cc1c(Cl)cccc1Cl,1,0,0,0.21428571428571427,O=C(NCCCCCC(O)=NO)NC(=O)c1c(Cl)cccc1Cl
HDAC1,MCF7,9,0,42,15,COc1ccc2C[C@H]3N(C)CCc4cc(OC)c(Oc5c6OCOc6cc6CCN(C)[C@@H](Cc7ccc(Oc1c2)cc7)c56)cc34,COc1ccc2cc1Oc1ccc(cc1)C[C@H]1c3c(cc4c(c3Oc3cc5c(cc3OC)CCN(C)[C@@H]5C2)OCO4)CCN1C,1,0,0,0.205607476635514,COc1cc([C@@H]2c3cc4c(cc3[C@@H](Nc3ccc(NC(=O)CCCCCC(=O)NO)cc3)[C@H]3COC(=O)[C@H]23)OCO4)cc(OC)c1O
HDAC1,MCF7,9,0,42,16,Cn1c2ncn(CCOC(=O)C(C)(C)Oc3ccc(Cl)cc3)c2c(=O)n(C)c1=O,Cn1c(=O)c2c(ncn2CCOC(=O)C(C)(C)Oc2ccc(Cl)cc2)n(C)c1=O,1,0,0,0.20987654320987653,Cn1c(=O)n(Cc2ccc(C(=O)Nc3ccccc3N)cc2)c(=O)c2ccccc21
HDAC1,MCF7,9,0,42,17,CC(C)(C)c1cc(NC(=O)Nc2ccc(cc2)-c2cn3c(n2)sc2cc(OCCN4CCOCC4)ccc32)no1,CC(C)(C)c1cc(NC(=O)Nc2ccc(-c3cn4c(n3)sc3cc(OCCN5CCOCC5)ccc34)cc2)no1,1,0,0,0.32710280373831774,Nc1ccccc1NC(=O)c1ccc(CNc2nccc(-c3cccc(OCCN4CCOCC4)c3)n2)cc1
HDAC1,MCF7,9,0,42,18,CCCNC(=O)Nc1ccc2OC[C@H](C)N(Cc3ccc(cc3)-c3ccccn3)C[C@@H]2C)cc1,,0,0,0,,
HDAC1,MCF7,9,0,42,19,CCOC(=O)CCc1c(nc2ccc(NS(C)(=O)=O)cc2n1,,0,0,0,,
HDAC1,MCF7,9,0,42,20,COc1cc(CCc2cc(NC(=O)c3ccc(cc3)N3C[C@H](C)N[C@H](C)C3)n[nH]2)cc(OC)c1,COc1cc(CCc2cc(NC(=O)c3ccc(N4C[C@@H](C)N[C@@H](C)C4)cc3)n[nH]2)cc(OC)c1,1,0,0,0.34210526315789475,C[C@@H]1CN(c2ccc(C(=O)Nc3ccccc3N)cn2)C[C@H](C)N1
HDAC1,MCF7,9,0,42,21,COC(=O)NN=Cc1ccc(o1)[N+](=O)[O-],COC(=O)NN=Cc1ccc([N+](=O)[O-])o1,1,0,0,0.2153846153846154,COC(=O)c1ccc(CO/N=C/c2ccc(/C=C/C(O)=NO)cc2)cc1
HDAC1,MCF7,9,0,42,22,COc1ccc(CCCn2ncc3c4nc(nn4c(N)nc23)c5ccco5)cc1,COc1ccc(CCCn2ncc3c2nc(N)n2nc(-c4ccco4)nc32)cc1,1,0,0,0.24175824175824176,CCc1nc2cc(/C=C/C(O)=NO)ccc2c(=O)n1CCc1ccc(OC)cc1
HDAC1,MCF7,9,0,42,23,OC[C@@H]1O[C@H](CC(=O)NCc2ccc(Oc3ccccc3)cc2)C[C@H]4[C@@H]1Oc5ccc(NC(=O)c6ccc7OCOc7c6)cc45,O=C(C[C@@H]1C[C@@H]2c3cc(NC(=O)c4ccc5c(c4)OCO5)ccc3O[C@@H]2[C@H](CO)O1)NCc1ccc(Oc2ccccc2)cc1,1,0,1,0.27956989247311825,Nc1ccc(-c2ccccc2)cc1NC(=O)c1ccc(CNC(=O)Oc2ccccc2)cc1
HDAC1,MCF7,9,0,42,24,CC1(C)CCC(CN2CCN(CC2)c2ccc(C(=O)NS(=O)(=O)c3ccc(NCC4CCOCC4)c(c3)[N+]([O-])=O)c(Oc3cnc4[nH]ccc4c3)c2)=C(C1)c,,0,0,0,,
HDAC1,MCF7,9,0,42,25,COc1ccc(CC2NCCC3=CC(=O)CCC23)cc1O,COc1ccc(CC2NCCC3=CC(=O)CCC32)cc1O,1,0,0,0.2638888888888889,COc1ccc(NCc2ccc(C(=O)Nc3ccccc3O)cc2)cc1OC
HDAC1,MCF7,9,0,42,26,COc1ccc(CN(C)C[C@@H]2OCCCC[C@H](C)Oc3ccc(NC(=O)Nc4ccc(cc4)C(F)(F)F)cc3C(=O)N(C[C@H]2C)[C@@H](C)CO)cc1,COc1ccc(CN(C)C[C@@H]2OCCCC[C@H](C)Oc3ccc(NC(=O)Nc4ccc(C(F)(F)F)cc4)cc3C(=O)N([C@@H](C)CO)C[C@H]2C)cc1,1,0,0,0.23015873015873015,CC[C@H](C)[C@@H]1NC(=O)[C@@H](Cc2ccc(OC)cc2)NC(=O)[C@H](CCCCCC(=O)C(F)(F)F)NC(=O)[C@H]2CCCN2C1=O
HDAC1,MCF7,9,0,42,27,CCCCCCCCc1ccc(CCC(N)(CO)CO)cc1,CCCCCCCCc1ccc(CCC(N)(CO)CO)cc1,1,0,0,0.2631578947368421,CCCCN(Cc1ccc(C(O)=NO)cc1)C(=O)Nc1ccccc1
HDAC1,MCF7,9,0,42,28,CCN(CC)CCCC(C)Nc1c2ccc(Cl)cc2nc2ccc(OC)cc12,CCN(CC)CCCC(C)Nc1c2ccc(Cl)cc2nc2ccc(OC)cc12,1,0,0,0.3111111111111111,COc1ccc2[nH]c(C)c(CC(=O)N[C@@H](CCCCCC(C)=O)c3nc4ccc(Cl)cc4[nH]3)c2c1
HDAC1,MCF7,9,0,42,29,ONC(=O)CCCCCCC(=O)Nc1cccnc1,O=C(CCCCCCC(=O)Nc1cccnc1)NO,1,0,0,0.5,O=C(CN(CCCCCCC(=O)Nc1ccccc1)CC(=O)Nc1ccccc1)NO
HDAC1,MCF7,9,0,42,30,Clc1ccccc1C(c1ccccc1)(c1ccccc1)n1ccnc1,Clc1ccccc1C(c1ccccc1)(c1ccccc1)n1ccnc1,1,0,0,0.2,ON=C(O)/C=C/c1ccc2c(c1)nc(CCc1ccccc1)n2CCCn1ccnc1
HDAC1,MCF7,9,0,42,31,CC(C)NC[C@@H](C(=O)N1CCN(CC1)c1ncnc2[C@@H](O)C[C@@H](C)c12)c1ccc(Cl)cc1,CC(C)NC[C@@H](C(=O)N1CCN(c2ncnc3c2[C@H](C)C[C@@H]3O)CC1)c1ccc(Cl)cc1,1,0,0,0.24358974358974358,O=C(CCCCCCC(O)=NO)N1CCN(c2ccc(Cl)cc2)CC1
HDAC1,MCF7,9,0,42,32,ONC(=O)CCCCCCC(=O)Nc1cccnc1,O=C(CCCCCCC(=O)Nc1cccnc1)NO,1,1,0,0.5,O=C(CN(CCCCCCC(=O)Nc1ccccc1)CC(=O)Nc1ccccc1)NO
HDAC1,MCF7,9,0,42,33,CCOc1cc2ncc(C#N)c(Nc3ccc(OCc4ccccn4)c(Cl)c3)c2cc1NC(=O)C=CCN(C)C,CCOc1cc2ncc(C#N)c(Nc3ccc(OCc4ccccn4)c(Cl)c3)c2cc1NC(=O)C=CCN(C)C,1,0,0,0.2920353982300885,O=C(/C=C/c1cccc(-c2ccc3ncnc(Nc4ccc(OCc5cccc(F)c5)c(Cl)c4)c3c2)c1)NO
HDAC1,MCF7,9,0,42,34,C[C@H]1[C@H]2[C@H](Cc3ccccc3)NC(=O)[C@]22OC(=O)C=C[C@H](O)CCC[C@@H](C)CC=C[C@H]2[C@H](O)C1=C,C=C1[C@@H](C)[C@H]2[C@H](Cc3ccccc3)NC(=O)[C@]23OC(=O)C=C[C@H](O)CCC[C@@H](C)CC=C[C@H]3[C@@H]1O,1,0,0,0.2222222222222222,O=C1N[C@@H](Cc2ccccc2)C(=O)N2CCC[C@@H]2C(=O)N[C@@H](CCCCCC(=O)[C@@H]2CO2)C(=O)N[C@H]1Cc1ccccc1
HDAC1,MCF7,9,0,42,35,CC1CC2C(C3C=C(COC(=O)c4ccccc4)C(O)C4(O)C(OC(=O)c5ccccc5)C(C)=CC14C3=O)C2(C)C,CC1=CC23C(=O)C(C=C(COC(=O)c4ccccc4)C(O)C2(O)C1OC(=O)c1ccccc1)C1C(CC3C)C1(C)C,1,0,0,0.2127659574468085,Nc1ccc(-c2ccc(C(=O)OCc3ccccc3)cc2)cc1NC(=O)c1cccnc1
HDAC1,MCF7,9,0,42,36,CCCCc1nc2cc(ccc2n1CCN(CC)CC)C=CC(=O)NO,CCCCc1nc2cc(C=CC(=O)NO)ccc2n1CCN(CC)CC,1,0,0,0.6825396825396826,CCCCCCc1nc2cc(/C=C/C(O)=NO)ccc2n1CCN(CC)CC
HDAC1,MCF7,9,0,42,37,COc1ccccc1OCCNCC(O)COc1cccc2[nH]c3ccccc3c12,COc1ccccc1OCCNCC(O)COc1cccc2[nH]c3ccccc3c12,1,0,0,0.24468085106382978,COc1ccc2[nH]c(C)c(CC(=O)N[C@@H](CCCCCC=O)C(=O)NCCc3c(-c4ccccc4)[nH]c4ccccc34)c2c1
HDAC1,MCF7,9,0,42,38,CN(C)CCOc1ccc(cc1)C(c1ccccc1)=C(CCCl)c1ccccc1,CN(C)CCOc1ccc(C(=C(CCCl)c2ccccc2)c2ccccc2)cc1,1,0,0,0.4084507042253521,CC/C(=C(\c1ccccc1)c1ccc(OCCN(C)Cc2ccc(NC(=O)CCCCCCC(O)=NO)cc2)cc1)c1ccccc1
HDAC1,MCF7,9,0,42,39,Fc1ccc(cc1)C(=O)CCCN1CCC(=CC1)n1c2ccccc2[nH]c1=O,O=C(CCCN1CC=C(n2c(=O)[nH]c3ccccc32)CC1)c1ccc(F)cc1,1,0,0,0.2537313432835821,O=C(CCCCCCC(O)=NO)c1ccc(-c2ccccc2)cc1
HDAC1,MCF7,9,0,42,40,CCC1(CCC(=O)NC1=O)c1ccc(N)cc1,CCC1(c2ccc(N)cc2)CCC(=O)NC1=O,1,0,0,0.171875,CCSC(=S)SCC(=O)c1ccc(-c2ccc(N)cn2)s1
HDAC1,MCF7,9,0,42,41,NC(=N)NCCN1CCCCCCC1#N,,0,0,0,,
HDAC1,MCF7,9,0,42,42,COc1ccc2c3c([C@H](CO)N(C[C@]33CCN(Cc4cccc(F)c4)CC3)C(=O)C3CC3)n(C)c2c1,COc1ccc2c3c(n(C)c2c1)[C@H](CO)N(C(=O)C1CC1)CC31CCN(Cc2cccc(F)c2)CC1,1,0,0,0.22448979591836735,COc1ccc(CN2CCc3c(c4ccccc4n3Cc3ccc(C(O)=NO)cc3)C2)cc1
HDAC1,MCF7,9,0,42,43,CNC(=O)c1ccc(cc1F)N1C(=S)N(C(=O)C1(C)C)c1ccc(C#N)c(c1)C(F)(F)F,CNC(=O)c1ccc(N2C(=S)N(c3ccc(C#N)c(C(F)(F)F)c3)C(=O)C2(C)C)cc1F,1,0,0,0.18518518518518517,COc1ccc(CNC(=O)c2ccc(C(=O)C(F)(F)F)s2)cc1
HDAC1,MCF7,9,0,42,44,CC(C)CCC[C@@H](C)[C@H]1CC[C@@H]2[C@]1(C)CCCC2=C/C=C1/C[C@@H](O)C[C@H](O)C1=C,C=C1/C(=C\C=C2CCC[C@]3(C)[C@@H]([C@H](C)CCCC(C)C)CC[C@@H]23)C[C@@H](O)C[C@@H]1O,1,0,0,0.14285714285714285,CC(C)(C)OC(=O)N[C@@H](CCCCCS)C(=O)NC1CCCC1
HDAC1,MCF7,9,0,42,45,COc1ccc2c3c([C@@H](CO)N(Cc4ccncc4)C[C@]33CCN(CC3)C(=O)Cc3ccncc3)n(C)c2c1,COc1ccc2c3c(n(C)c2c1)[C@@H](CO)N(Cc1ccncc1)CC31CCN(C(=O)Cc2ccncc2)CC1,1,0,0,0.21,CCc1nc2cc(/C=C/C(O)=NO)ccc2c(=O)n1CCc1ccc(OC)cc1
HDAC1,MCF7,9,0,42,46,OCCONC(=O)c1cc(CN2OCCCC2=O)c(F)c(F)c1Nc1ccc(I)cc1F,O=C(NOCCO)c1cc(CN2OCCCC2=O)c(F)c(F)c1Nc1ccc(I)cc1F,1,0,0,0.20202020202020202,CCN1CCN(Cc2cnc(-c3ccc(C(=O)Nc4ccccc4N)cc3)c(F)c2)CC1
HDAC1,MCF7,9,0,42,47,CC(C)Nc1cc(-c2c[nH]c(c2)C(=O)N[C@H](CO)c2cccc(Cl)c2)c(Cl)cn1,CC(C)Nc1cc(-c2c[nH]c(C(=O)N[C@H](CO)c3cccc(Cl)c3)c2)c(Cl)cn1,1,0,0,0.26595744680851063,CC(=O)CCCCC[C@H](NC(=O)C1CCN(C)CC1)c1nc(-c2cccc(Cl)c2)c[nH]1
HDAC1,MCF7,9,0,42,48,C[C@@H]1O[C@@H](OC[C@H]2O[C@@H](Oc3c(oc4cc(O)cc(O)c4c3=O)-c3ccc(O)c(O)c3)[C@H](O)[C@@H](O)[C@@H]2O)[C@H](O)[C@H](O)[C@H]1O,C[C@@H]1O[C@@H](OC[C@H]2O[C@@H](Oc3c(-c4ccc(O)c(O)c4)oc4cc(O)cc(O)c4c3=O)[C@H](O)[C@@H](O)[C@@H]2O)[C@H](O)[C@H](O)[C@H]1O,1,0,0,0.15384615384615385,CC(=O)Nc1cc(-c2ccccc2)ccc1O
HDAC1,MCF7,9,0,42,49,CC1CCN(CC1)C(=O)Cn2c3ccccc3c4nc5SCCCn5c(=O)c24,CC1CCN(C(=O)Cn2c3ccccc3c3nc4n(c(=O)c32)CCCS4)CC1,1,0,0,0.2247191011235955,CN(C)CCn1c(=O)n(Cc2ccc(C(=O)Nc3ccccc3N)cc2)c(=O)c2ccccc21
HDAC1,MCF7,9,0,42,50,N[C@H]1[C@@H](CC[C@@H](OC(=O)N2CCC(CC2)n2c3cccnc3[nH]c2=O)c2ncccc12)c1cccc(F)c1F,N[C@@H]1c2cccnc2[C@H](OC(=O)N2CCC(n3c(=O)[nH]c4ncccc43)CC2)CC[C@H]1c1cccc(F)c1F,1,0,0,0.2,Nc1ccccc1NC(=O)c1ccc(N2CCN(C(=O)OCc3ccccc3)CC2)nc1
HDAC1,MCF7,9,0,42,51,COC(=O)C1C(C(=C(C)N=C1C)C(=O)OC(C)C)c2cccc3nonc23,COC(=O)C1C(C)=NC(C)=C(C(=O)OC(C)C)C1c1cccc2nonc12,1,0,0,0.17567567567567569,C[C@H](NC(=O)c1ccc(C(=O)C(F)(F)F)s1)c1ccccc1
HDAC1,MCF7,9,0,42,52,Nc1nc2ccc(Cl)cc2c2nc(nn12)-c1ccco1,Nc1nc2ccc(Cl)cc2c2nc(-c3ccco3)nn12,1,0,0,0.24,Nc1ccccc1NC(=O)c1ccc(CNc2nc3cc(Cl)ccc3o2)cc1
HDAC1,MCF7,9,0,42,53,Oc1c(Br)cc(C=C2C(=O)Nc3ccc(I)cc23)cc1Br,O=C1Nc2ccc(I)cc2C1=Cc1cc(Br)c(O)c(Br)c1,1,0,0,0.19672131147540983,O=C(NCCS)/C(Cc1cc(Br)c(O)c(Br)c1)=N/O
HDAC1,MCF7,9,0,42,54,Clc1ccc(cc1)C1(CCNCC1)c1ccc(cc1)-c1cn[nH]c1,Clc1ccc(C2(c3ccc(-c4cn[nH]c4)cc3)CCNCC2)cc1,1,0,0,0.1935483870967742,ON=C(O)c1cnc(Nc2nnc(-c3ccc(Cl)cc3)s2)nc1
HDAC1,MCF7,9,0,42,55,CO[C@@H]1C[C@H](O[C@H]2CC[C@]3(C)C4CC[C@]5(C)[C@H](CC[C@]5(O)[C@@H]4CC[C@]3(O)C2)C6=CC(=O)OC6)O[C@H](C)[C@@H]1O,CO[C@@H]1C[C@H](O[C@H]2CC[C@]3(C)C4CC[C@]5(C)[C@@H](C6=CC(=O)OC6)CC[C@]5(O)[C@@H]4CC[C@]3(O)C2)O[C@H](C)[C@@H]1O,1,0,0,0.18439716312056736,COc1cccc2c1C(=O)c1c(O)c3c(c(O)c1C2=O)C[C@@](O)(C(C)=O)C[C@@H]3O[C@H]1C[C@H](NCc2ccc(-c3cn(CCCCC(=O)NO)nn3)cc2)[C@H](O)[C@H](C)O1
HDAC1,MCF7,9,0,42,56,Oc1ccc2CC3N(CC4CC4)CC[C@@]45[C@@H](Oc1c24)C(=O)C(C[C@@]35O)=Cc1ccccc1,O=C1C(=Cc2ccccc2)C[C@@]2(O)C3Cc4ccc(O)c5c4[C@@]2(CCN3CC2CC2)[C@H]1O5,1,0,0,0.17142857142857143,Nc1ccc(-c2ccccc2)cc1NC(=O)c1ccc(N2CCC3(CC2)CNC(=O)O3)nc1
HDAC1,MCF7,9,0,42,57,COc1ccccc1C#Cc1ccc(cc1)[C@@H]1[C@@H](CO)N2CCCCN(C[C@@H]12)C(=O)C1CCC1,COc1ccccc1C#Cc1ccc([C@@H]2[C@@H](CO)N3CCCCN(C(=O)C4CCC4)C[C@@H]23)cc1,1,0,0,0.21296296296296297,CCC(=O)CCCCC[C@H](NC(=O)C1CCN(C)CC1)c1ncc(-c2cc(OC)c3ccccc3n2)[nH]1
HDAC1,MCF7,9,0,42,58,CC[C@H]1N(C2CCCC2)c2nc(Nc3ccc(cc3OC)C(=O)NC3CCN(C)CC3)ncc2N(C)C1=O,CC[C@@H]1C(=O)N(C)c2cnc(Nc3ccc(C(=O)NC4CCN(C)CC4)cc3OC)nc2N1C1CCCC1,1,0,0,0.2543859649122807,CCC(=O)CCCCC[C@H](NC(=O)C1CCN(C)CC1)c1ncc(-c2cc(OC)c3ccccc3n2)[nH]1
HDAC1,MCF7,9,0,42,59,CN(C)c1ccc(/C=C/2CSC(=S)NC2=O)cc1,CN(C)c1ccc(/C=C2\CSC(=S)NC2=O)cc1,1,0,0,0.27586206896551724,CN(C)c1ccc(-c2ccc(CN3C=CCC(=O)C3=S)cc2)cc1
HDAC1,MCF7,9,0,42,60,Clc1cc(Cl)c(OCC(=O)NN=Cc2ccc[nH]2)c(Cl)c1,O=C(COc1c(Cl)cc(Cl)cc1Cl)NN=Cc1ccc[nH]1,1,0,0,0.22388059701492538,Nc1ccccc1NC(=O)CCCNCC(=O)Nc1ccccc1Cl
HDAC1,MCF7,9,0,42,61,NC(=O)Nc1ccc(cc1).c1ccccc1,NC(=O)Nc1ccccc1.c1ccccc1,1,0,1,0.36585365853658536,Nc1ccccc1NC(=O)c1ccc(C(C(=O)Nc2ccccc2)C(=O)Nc2ccccc2)cc1
HDAC1,MCF7,9,0,42,62,Oc1ccc(cc1)-c1sc2cc(O)ccc2c1C(=O)c1ccc(OCCN2CCCCC2)cc1,O=C(c1ccc(OCCN2CCCCC2)cc1)c1c(-c2ccc(O)cc2)sc2cc(O)ccc12,1,0,0,0.275,Nc1ccccc1NC(=O)c1ccc(-c2ncc(CN3CCCCC3)s2)cc1
HDAC1,MCF7,9,0,42,63,COc1ccc(cc1)C(=O)OCC#CCSc2nnc(o2)c3cccc4ccccc34,COc1ccc(C(=O)OCC#CCSc2nnc(-c3cccc4ccccc34)o2)cc1,1,0,0,0.2676056338028169,CCCC(=S)SCC(=O)c1ccc(OC)cc1
HDAC1,MCF7,9,0,42,64,COCCOC(=O)N1C(=O)[C@]2([C@@H]([C@@H]3N([C@@H]2c4ccc(O)cc4)[C@H]([C@H](OC3=O)c5ccccc5)c6ccccc6)C(=O)Nc7nc8ccccc8s7)c9cc(C#CCC,,0,0,0,,
HDAC1,MCF7,9,0,42,65,CC(=O)N1CCN(CCOc2ccc(cc2)C2CCN(CC2)C2=Nn3c(CC2)nnc3C(F)(F)F)CC1,CC(=O)N1CCN(CCOc2ccc(C3CCN(C4=Nn5c(nnc5C(F)(F)F)CC4)CC3)cc2)CC1,1,0,0,0.2391304347826087,Nc1ccccc1NC(=O)c1ccc(C2CCN(CCC(=O)Nc3ccccc3F)CC2)cc1
HDAC1,MCF7,9,0,42,66,COc1cc2CCN3Cc4c(OC)c(O)ccc4CC3c2cc1O,COc1cc2c(cc1O)C1Cc3ccc(O)c(OC)c3CN1CC2,1,0,0,0.20930232558139536,COC1=CC=C2c3c(cc(OC)c(OC)c3OC)CCC(=NC(=O)CCCCC(O)=NO)C2CC1=O
HDAC1,MCF7,9,0,42,67,COc1ccc(cc1)S(=O)(=O)N(C)C[C@H]2Oc3c(NC(=O)Nc4ccccc4)cccc3C(=O)N(C[C@H]2C)[C@@H](C)CO,COc1ccc(S(=O)(=O)N(C)C[C@H]2Oc3c(NC(=O)Nc4ccccc4)cccc3C(=O)N([C@@H](C)CO)C[C@H]2C)cc1,1,0,0,0.26804123711340205,COc1ccc(COC(CCCCCC(O)=NO)C(=O)Nc2ccccc2)cc1
HDAC1,MCF7,9,0,42,68,CC1CC(CC(C)(C)C1)OC(=O)c1ccccc1O,CC1CC(OC(=O)c2ccccc2O)CC(C)(C)C1,1,0,0,0.2037037037037037,CC(=O)Nc1cc(-c2ccccc2)ccc1O
HDAC1,MCF7,9,0,42,69,COc1cc2c3CCNC(=O)c3[nH]c2cc1F,COc1cc2c3c([nH]c2cc1F)C(=O)NCC3,1,0,0,0.1744186046511628,COc1cc(-n2cc(-c3cccc(NC(=O)CCCCCCC(O)=NO)c3)nn2)ccc1F
HDAC1,MCF7,9,0,42,70,Cc1ccc(cc1)C(=C/CN1CCCC1)c1ccccn1,Cc1ccc(C(=CCN2CCCC2)c2ccccn2)cc1,1,0,0,0.25,Nc1ccccc1NC(=O)c1ccc(-c2ncc(CN3CCCCC3)s2)cc1
HDAC1,MCF7,9,0,42,71,CC(C)CC(=O)c1c(O)c(CC=C(C)C)c(O)c2c(cc(=O)oc12)c3ccccc3,CC(C)=CCc1c(O)c(C(=O)CC(C)C)c2oc(=O)cc(-c3ccccc3)c2c1O,1,0,0,0.22727272727272727,CC(=O)Nc1cc(-c2ccccc2)ccc1O
HDAC1,MCF7,9,0,42,72,Nc1nc(=O)c2nc(CNc3ccc(cc3)C(=O)N[C@@H](CCC(O)=O)C(O)=O)cnc2[nH]1,Nc1nc(=O)c2nc(CNc3ccc(C(=O)N[C@@H](CCC(=O)O)C(=O)O)cc3)cnc2[nH]1,1,0,0,0.2682926829268293,COc1ccc(NCc2ccc(C(=O)Nc3ccccc3N)cc2)cn1
HDAC1,MCF7,9,0,42,73,Oc1c(Cl)cc(Cl)cc1Sc1cc(Cl)cc(Cl)c1O,Oc1c(Cl)cc(Cl)cc1Sc1cc(Cl)cc(Cl)c1O,1,0,0,0.1702127659574468,Cc1c(O)c(O)c(O)c(C=O)c1-c1cc2c(C=O)c(C)c(O)c(O)c2o1
HDAC1,MCF7,9,0,42,74,CC(C)C[C@H]([C@H](O)C(=O)NO)C(=O)N[C@H](C(=O)OC1CCCC1)c1ccccc1,CC(C)C[C@@H](C(=O)N[C@H](C(=O)OC1CCCC1)c1ccccc1)[C@H](O)C(=O)NO,1,0,0,0.2638888888888889,O=C(N[C@@H](CCCCCS)C(=O)NC1CCCC1)c1ccccc1
HDAC1,MCF7,9,0,42,75,OC[C@H]1[C@@H]([C@H]2CN(CCCCN12)S(=O)(=O)c1ccccc1)c1ccc(cc1)C#CC1CCCC1,O=S(=O)(c1ccccc1)N1CCCCN2[C@H](C1)[C@@H](c1ccc(C#CC3CCCC3)cc1)[C@@H]2CO,1,0,0,0.24675324675324675,O=S(=O)(c1ccccc1)N1Cc2ccc(/C=C/C(O)=NO)cc2C1
HDAC1,MCF7,9,0,42,76,C[C@@H]1[C@H](O)CC[C@@]2(C)[C@H]1CC[C@@]1(C)C2[C@H](O)C[C@@H]2[C@]1(C)C[C@H](OC(C)=O)C2=C(/CCC=C(C)C)C(O)=O,CC(=O)O[C@H]1C[C@@]2(C)[C@@H](C[C@@H](O)C3[C@]2(C)CC[C@H]2[C@H](C)[C@H](O)CC[C@]32C)C1=C(CCC=C(C)C)C(=O)O,1,0,0,0.1559633027522936,C[C@]12CC[C@@H]3c4ccc(O)cc4CC[C@H]3[C@@H]1CC[C@@]2(O)c1cn(CCCC(O)=NO)nn1
HDAC1,MCF7,9,0,42,77,Oc1ccc(cc1)C=CC(=O)c1ccc(O)cc1O,O=C(C=Cc1ccc(O)cc1)c1ccc(O)cc1O,1,0,0,0.38461538461538464,ON=C(O)/C=C/c1ccc(-c2ccc(O)cc2)cc1
HDAC1,MCF7,9,0,42,78,Oc1cc(O)c2c(c1)oc(cc2=O)-c1ccc(O)c(O)c1,O=c1cc(-c2ccc(O)c(O)c2)oc2cc(O)cc(O)c12,1,0,0,0.21568627450980393,CC(=O)Nc1cc(-c2ccccc2)ccc1O
HDAC1,MCF7,9,0,42,79,COc1ccccc1C#Cc2ccc3c(O[C@H](CN(C)Cc4cccnc4)[C@H](C)CN([C@H](C)CO)S3(=O)=O)c2,COc1ccccc1C#Cc1ccc2c(c1)O[C@H](CN(C)Cc1cccnc1)[C@H](C)CN([C@H](C)CO)S2(=O)=O,1,0,0,0.20491803278688525,CCC(=O)CCCCC[C@H](NC(=O)CCN1CCN(C)CC1)c1ncc(-c2cc(OC)c3ccccc3n2)[nH]1
HDAC1,MCF7,9,0,42,80,CCCCCCCCCc1ccc(OCCOCCOCCOCCOCCOCCOCCOCCOCCO)cc1,CCCCCCCCCc1ccc(OCCOCCOCCOCCOCCOCCOCCOCCOCCO)cc1,1,0,0,0.288135593220339,CN(Cc1ccc(Cl)cc1)c1ccc(OCCCCCCC(O)=NO)cc1
HDAC1,MCF7,9,0,42,81,Clc1ccc(CCC(Cn2ccnc2)Sc2c(Cl)cccc2Cl)cc1,Clc1ccc(CCC(Cn2ccnc2)Sc2c(Cl)cccc2Cl)cc1,1,0,0,0.23170731707317074,ON=C(O)/C=C/c1ccc2c(c1)nc(CCc1ccccc1)n2CCCn1ccnc1
HDAC1,MCF7,9,0,42,82,CN1[C@H]2CC[C@@H](CC(=O)N[C@H]3CCN(Cc4ccccc4)C3)O[C@@H]2COc2ccc(NC(=O)Cc3cccs3)cc2C1=O,CN1C(=O)c2cc(NC(=O)Cc3cccs3)ccc2OC[C@H]2O[C@H](CC(=O)N[C@H]3CCN(Cc4ccccc4)C3)CC[C@@H]21,1,0,0,0.2169811320754717,CCNC(=O)c1ccc(CN2CCC(c3ccc(C(=O)Nc4ccccc4N)cc3)CC2)cc1
HDAC1,MCF7,9,0,42,83,CCOC(=O)C(Cc1cc(OC)cc(OC)c1)(Cc2cc(OC)cc(OC)c2)C#N,CCOC(=O)C(C#N)(Cc1cc(OC)cc(OC)c1)Cc1cc(OC)cc(OC)c1,1,0,0,0.3018867924528302,CCOC(=S)SCC(=O)c1ccc(OC)cc1
HDAC1,MCF7,9,0,42,84,O=C(Nc1cccc2cccnc12)c1ccc(cc1)N1C(=O)[C@H]2[C@@H]3C[C@@H](C=C3)[C@H]2C1=O,O=C(Nc1cccc2cccnc12)c1ccc(N2C(=O)[C@@H]3[C@H](C2=O)[C@@H]2C=C[C@H]3C2)cc1,1,0,0,0.484375,Nc1ccccc1NC(=O)c1ccc(C(C(=O)Nc2cccc3cccnc23)C(=O)Nc2cccc3cccnc23)cc1
HDAC1,MCF7,9,0,42,85,COc1cc(NS(C)(=O)=O)ccc1Nc1c2ccccc2nc2ccccc12,COc1cc(NS(C)(=O)=O)ccc1Nc1c2ccccc2nc2ccccc12,1,0,0,0.30303030303030304,COc1ccc(NS(=O)(=O)c2ccc(/C=C/C(O)=NO)cc2)cc1OC
HDAC1,MCF7,9,0,42,86,O=C(NC1CCCCC1)NC2c3ccccc3CC-c3ccccc13,,0,0,0,,
HDAC1,MCF7,9,0,42,87,CC(=O)CCCCn1cnc2n(C)c(=O)n(C)c(=O)c12,CC(=O)CCCCn1cnc2c1c(=O)n(C)c(=O)n2C,1,0,0,0.23529411764705882,Nc1ccccc1NC(=O)CCCCCn1nnc2ccccc2c1=O
HDAC1,MCF7,9,0,42,88,O=C(Nc1ccccc1)N1CCN(CC1)c1nc(ns1)-c1ccccc1,O=C(Nc1ccccc1)N1CCN(c2nc(-c3ccccc3)ns2)CC1,1,0,0,0.3150684931506849,C[C@H]1CN(c2ccc(C(=O)Nc3ccccc3N)cn2)CCN1C(=O)Nc1ccccc1
HDAC1,MCF7,9,0,42,89,COc1cc2nc(nc(NC3CCN(Cc4ccccc4)CC3)c2cc1OC)N1CCCN(C)CC1,COc1cc2nc(N3CCCN(C)CC3)nc(NC3CCN(Cc4ccccc4)CC3)c2cc1OC,1,0,0,0.27184466019417475,CCC(=O)CCCCC[C@H](NC(=O)CCN1CCN(C)CC1)c1ncc(-c2cc(OC)c3ccccc3n2)[nH]1
HDAC1,MCF7,9,0,42,90,CCN1CCN(Cc2ccc(Nc3ncc4N(C)C(=O)c5ccccc5N(C)c4n3)cc2C(F)(F)F)CC1,CCN1CCN(Cc2ccc(Nc3ncc4c(n3)N(C)c3ccccc3C(=O)N4C)cc2C(F)(F)F)CC1,1,0,0,0.26881720430107525,CCN1CCN(Cc2cnc(-c3ccc(C(=O)Nc4ccccc4N)cc3)c(F)c2)CC1
HDAC1,MCF7,9,0,42,91,CCN1CCN(CC1)c1ccc(Nc2cc(ncn2)N(C)C(=O)Nc2c(Cl)c(OC)cc(OC)c2Cl)cc1,CCN1CCN(c2ccc(Nc3cc(N(C)C(=O)Nc4c(Cl)c(OC)cc(OC)c4Cl)ncn3)cc2)CC1,1,0,0,0.23595505617977527,COc1ccc(Cl)cc1N1CCN(C(=O)c2ccc(C(=O)C(F)(F)F)s2)CC1
HDAC1,MCF7,9,0,42,92,COc1cccc(c1)c2ccc3ncnc(NCc4cccc(C)c4)c3c2,COc1cccc(-c2ccc3ncnc(NCc4cccc(C)c4)c3c2)c1,1,0,0,0.3372093023255814,O=C(/C=C/c1cccc(-c2ccc3ncnc(Nc4ccc(OCc5cccc(F)c5)c(Cl)c4)c3c2)c1)NO
HDAC1,MCF7,9,0,42,93,Cc1ccccc1N2CCN(CC2)c3ncnc4n(Cc5ccc(Cl)cc5)ncc34,Cc1ccccc1N1CCN(c2ncnc3c2cnn3Cc2ccc(Cl)cc2)CC1,1,0,0,0.23469387755102042,Nc1ncnc2c1c(-c1ccc(Cl)cc1)nn2-c1cccc(-c2cnnn2Cc2cccc(/C=C/C(O)=NO)c2)c1
HDAC1,MCF7,9,0,42,94,OC(=O)CCCCCCC(=O)NC(c1ccccc1)c1ccccc1,O=C(O)CCCCCCC(=O)NC(c1ccccc1)c1ccccc1,1,0,1,0.3829787234042553,O=C(CN(CCCCCCC(=O)Nc1ccccc1)CC(=O)Nc1ccccc1)NO
HDAC1,MCF7,9,0,42,95,CO[C@H]1[C@@H](C[C@@H]2CN3CCc4c([nH]c5cc(OC)ccc45)[C@H]3C[C@@H]2[C@@H]1C(=O)OC)OC(=O)/C=C/c6cc(OC)c(OC)c(OC)c6,COC(=O)[C@H]1[C@H]2C[C@@H]3c4[nH]c5cc(OC)ccc5c4CCN3C[C@H]2C[C@@H](OC(=O)/C=C/c2cc(OC)c(OC)c(OC)c2)[C@@H]1OC,1,0,0,0.24242424242424243,COc1ccc(S(=O)(=O)N2Cc3ccc(/C=C/C(O)=NO)cc3C2)cc1
HDAC1,MCF7,9,0,42,96,CC(C)(C)NC(=O)[C@@H]1C[C@@H]2CCCC[C@H]2CN1C[C@@H](O)[C@H](Cc1ccccc1)NC(=O)[C@H](CC(N)=O)NC(=O)c1ccc2ccccc2n1,CC(C)(C)NC(=O)[C@@H]1C[C@@H]2CCCC[C@H]2CN1C[C@@H](O)[C@H](Cc1ccccc1)NC(=O)[C@H](CC(N)=O)NC(=O)c1ccc2ccccc2n1,1,0,0,0.336734693877551,O=C(N[C@@H](CCCCCC(O)=NO)C(=O)NCc1ccccc1)c1ccc2ccccc2n1
HDAC1,MCF7,9,0,42,97,CCC1(C)CC(=O)NC(=O)C1,CCC1(C)CC(=O)NC(=O)C1,1,0,0,0.171875,C/C=C1\NC(=O)[C@@H](CS)NC(=O)[C@@H](C(C)C)NC(=O)C[C@@H](/C=C/CCS)OC(=O)[C@H](C(C)C)NC1=O
HDAC1,MCF7,9,0,42,98,Nc1nc(=O)n(cc1F)[C@H]1C[C@H](O)[C@@H](CO)O1,Nc1nc(=O)n([C@H]2C[C@H](O)[C@@H](CO)O2)cc1F,1,0,0,0.17721518987341772,Nc1ccccc1NC(=O)c1ccc(N2CC3CC2CN3c2ccc(F)cc2)nc1
HDAC1,MCF7,9,0,42,99,CC(C)CNc1ccnc(NCc2csc(n2)-c2ccccc2)n1,CC(C)CNc1ccnc(NCc2csc(-c3ccccc3)n2)n1,1,0,0,0.28378378378378377,Nc1ccccc1NC(=O)c1ccc(CNc2nccc(-c3nccs3)n2)cc1
MTOR,MCF7,9,0,42,0,COc1ccc2C[C@@H]3N(CCc4cc(OC)c(O)cc34)Cc2c1O,COc1cc2c(cc1O)[C@@H]1Cc3ccc(OC)c(O)c3CN1CC2,1,0,0,0.25,COc1cc2c(cc1OC)C(COc1ccc3c(C)cc(=O)oc3c1)N(C(=O)c1ccc(C)c(C)c1)CC2
MTOR,MCF7,9,0,42,1,CCCCC(=O)OCC(=O)[C@@]1(O)C[C@H](O[C@H]2C[C@H](NC(=O)C(F)(F)F)[C@H](O)[C@H](C)O2)c2c(O)c3C(=O)c4c(OC)cccc4C(=O)c3c(O)c2C1,CCCCC(=O)OCC(=O)[C@]1(O)Cc2c(O)c3c(c(O)c2[C@@H](O[C@H]2C[C@H](NC(=O)C(F)(F)F)[C@H](O)[C@H](C)O2)C1)C(=O)c1c(OC)cccc1C3=O,1,0,0,0.21487603305785125,CC(=O)[C@]1(O)C=c2c(O)c3c(O)c4ccccc4c(O)c3c(O)c2=C(O[C@H]2C[C@H](N)[C@H](O)[C@H](C)O2)C1
MTOR,MCF7,9,0,42,2,CCC(=O)N1CCOc2c(C1)cc(cc2OC[C@H]1CCCN(C)C1)-c1ccc(OC)c(OC)c1,CCC(=O)N1CCOc2c(cc(-c3ccc(OC)c(OC)c3)cc2OC[C@H]2CCCN(C)C2)C1,1,0,0,0.2727272727272727,COc1ccc(-c2cc3ccc(O)c(CN4CCOCC4)c3oc2=O)cc1OC
MTOR,MCF7,9,0,42,3,ONC(=O)CCCCCCC(=O)Nc1ccccc1,O=C(CCCCCCC(=O)Nc1ccccc1)NO,1,0,0,0.3103448275862069,CCc1ccc(NC(=O)CCCc2nc(-c3ccco3)no2)cc1
MTOR,MCF7,9,0,42,4,OC[C@H]1O[C@@H](Oc2ccc(O)cc2)[C@H](O)[C@@H](O)[C@@H]1O,OC[C@H]1O[C@@H](Oc2ccc(O)cc2)[C@H](O)[C@@H](O)[C@@H]1O,1,0,0,0.2777777777777778,N=c1ccn2c(n1)O[C@H]1[C@H](O)[C@@H](CO)O[C@H]12
MTOR,MCF7,9,0,42,5,CC[C@H]1[C@@H](Cc2cncn2C)COC1=O,CC[C@@H]1C(=O)OC[C@@H]1Cc1cncn1C,1,0,0,0.2,CCN1CCOC(=O)C1CC(=O)Nc1cc(C)cc(C)c1
MTOR,MCF7,9,0,42,6,Oc1ccc(cc1CC=C)-c1cc(CC=C)ccc1O,C=CCc1ccc(O)c(-c2ccc(O)c(CC=C)c2)c1,1,0,0,0.22727272727272727,C=CCc1cccc2cc(-c3nc4ccc(C)cc4[nH]3)c(=O)oc12
MTOR,MCF7,9,0,42,7,O=c1ccc2ccc(OCCCCN3CCN(CC3)c3cccc4sccc34)cc2[nH]1,O=c1ccc2ccc(OCCCCN3CCN(c4cccc5sccc45)CC3)cc2[nH]1,1,0,0,0.2804878048780488,CCCCOc1cccc(C(=O)N2CCN(CCc3ccncc3)CC2)c1
MTOR,MCF7,9,0,42,8,CC[C@H](N1CCCC1=O)C(N)=O,CC[C@@H](C(N)=O)N1CCCC1=O,1,0,0,0.1864406779661017,CCN1CCOC(=O)C1CC(=O)Nc1cc(C)cc(C)c1
MTOR,MCF7,9,0,42,9,Cc1ccc(NC(=O)c2cccc(c2)C(C)(C)C#N)cc1Nc1ccc2ncn(C)c(=O)c2c1,Cc1ccc(NC(=O)c2cccc(C(C)(C)C#N)c2)cc1Nc1ccc2ncn(C)c(=O)c2c1,1,0,0,0.43529411764705883,CCC=S(O)(O)=Nc1cccc(Nc2ccc3ncn(C)c(=O)c3c2)c1C#N
MTOR,MCF7,9,0,42,10,CNC(=O)c1cccc(c1)-c1ccc2c(nc(nc2n1)N1CCOC[C@@H]1C)N1CCOC[C@@H]1C,CNC(=O)c1cccc(-c2ccc3c(N4CCOC[C@@H]4C)nc(N4CCOC[C@@H]4C)nc3n2)c1,1,0,0,0.39473684210526316,C[C@@H]1COCCN1c1nc(-c2ccc(NC(=O)Nc3ccc(C(=O)N(C)C)cc3)cc2)nc(N2CCOC[C@H]2C)n1
MTOR,MCF7,9,0,42,11,CN(Cc1ccco1)c2ncnc3ccc(cc23)c4ccccc4Cl,CN(Cc1ccco1)c1ncnc2ccc(-c3ccccc3Cl)cc12,1,0,0,0.275,CN(C)CCN(Cc1ccco1)C(=O)c1cc2c(s1)-c1ccccc1OC2
MTOR,MCF7,9,0,42,12,C[C@H](CCC(O)=O)[C@H]1CC[C@H]2[C@@H]3CC[C@@H]4C[C@H](O)CC[C@]4(C)[C@H]3C[C@H](O)[C@]12C,C[C@H](CCC(=O)O)[C@H]1CC[C@H]2[C@@H]3CC[C@@H]4C[C@H](O)CC[C@]4(C)[C@H]3C[C@H](O)[C@]12C,1,0,0,0.2625,CC(=O)O[C@H]1C[C@@H]2CC[C@@H]3[C@H](CC[C@@]4(C)[C@H]3C[C@H]([N+]3(C)CCCCC3)[C@@H]4OC(C)=O)[C@@]2(C)C[C@@H]1[N+]1(C)CCCCC1
MTOR,MCF7,9,0,42,13,C[C@@H](CO)N1C[C@H](C)[C@@H](CN(C)C(=O)c2ccc(F)cc2)Oc3cc(ccc3S1(=O)=O)C4=CCCC4,C[C@H]1CN([C@@H](C)CO)S(=O)(=O)c2ccc(C3=CCCC3)cc2O[C@@H]1CN(C)C(=O)c1ccc(F)cc1,1,0,0,0.22641509433962265,CC(C)Oc1nc(-c2ccc(NC(=O)Nc3ccc(C(=O)N(C)CCN(C)C)cc3)cc2)nc(N2CCOCC2)n1
MTOR,MCF7,9,0,42,14,NCCc1c[nH]cn1,NCCc1c[nH]cn1,1,0,0,0.13793103448275862,COc1ccc(OCC(=O)N2CCN(CCc3ccccn3)CC2)cc1
MTOR,MCF7,9,0,42,15,CCCn1cnc2n(C)c(=O)n(CCCCC(C)=O)c(=O)c12,CCCn1cnc2c1c(=O)n(CCCCC(C)=O)c(=O)n2C,1,0,0,0.2727272727272727,CCOC(=O)Cn1c(=O)c2c(nc(N3CCOCC3)n2Cc2ccccc2)n(C)c1=O
MTOR,MCF7,9,0,42,16,Cn1c2nc[nH]c2c(=O)n(C)c1=O,Cn1c(=O)c2[nH]cnc2n(C)c1=O,1,0,0,0.2711864406779661,CCc1cnc2c(c1SCC(=O)NCc1ccccc1)c(=O)n(C)c(=O)n2C
MTOR,MCF7,9,0,42,17,CC(C)(C)NCC(O)c1cc(Cl)c(N)c(Cl)c1,CC(C)(C)NCC(O)c1cc(Cl)c(N)c(Cl)c1,1,0,0,0.2,CC(N)[C@H](O)c1ccc(O)c(O)c1
MTOR,MCF7,9,0,42,18,CCCNC(=O)Nc1ccc2OC[C@H](C)N(Cc3ccc(cc3)-c3ccccn3)C[C@@H]2C)cc1,,0,0,0,,
MTOR,MCF7,9,0,42,19,CCN1CCN(CC1)c1ccc(Nc2cc(ncn2)N(C)C(=O)Nc2c(Cl)c(OC)cc(OC)c2Cl)cc1,CCN1CCN(c2ccc(Nc3cc(N(C)C(=O)Nc4c(Cl)c(OC)cc(OC)c4Cl)ncn3)cc2)CC1,1,0,0,0.3595505617977528,CCN1CCN(c2cc(C)c3cc(NC(=O)c4cc(Cl)ccc4OC)ccc3n2)CC1
MTOR,MCF7,9,0,42,20,COc1cc(CCc2cc(NC(=O)c3ccc(cc3)N3C[C@H](C)N[C@H](C)C3)n[nH]2)cc(OC)c1,COc1cc(CCc2cc(NC(=O)c3ccc(N4C[C@@H](C)N[C@@H](C)C4)cc3)n[nH]2)cc(OC)c1,1,0,0,0.30952380952380953,CCN1CCN(c2cc(C)c3cc(NC(=O)c4cc(OC)cc(OC)c4)ccc3n2)CC1
MTOR,MCF7,9,0,42,21,COC1CC(CC(C)C2CC(=O)C(C)C=C(C)C(O)C(OC)C(=O)C(C)CC(C)C=CC=CC=C(C)C(CC3CCC(C)C(O)(O3)C(=O)C(=O)N3CC,,0,0,0,,
MTOR,MCF7,9,0,42,22,CN(C)Cc1cccc(NC(c2ccccc2)=C2/C(=O)Nc3cc(ccc23)C(=O)N(C)C)c1,CN(C)Cc1cccc(NC(=C2C(=O)Nc3cc(C(=O)N(C)C)ccc32)c2ccccc2)c1,1,0,0,0.25,CCCCOc1cccc(NC(=O)c2cccc(C(=O)Nc3cccc(OCCCC)c3)c2)c1
MTOR,MCF7,9,0,42,23,CCNC(=O)CCCC=C/C[C@H]1[C@@H](O)C[C@@H](O)[C@@H]1C=CC(O)CCc1ccccc1,CCNC(=O)CCCC=CC[C@@H]1[C@@H](C=CC(O)CCc2ccccc2)[C@H](O)C[C@@H]1O,1,0,0,0.27848101265822783,CCCCCCCC/C=C\CCCCCCCC(=O)NCc1ccc(O)c(OC)c1
MTOR,MCF7,9,0,42,24,CC1(C)CCC(CN2CCN(CC2)c2ccc(C(=O)NS(=O)(=O)c3ccc(NCC4CCOCC4)c(c3)[N+]([O-])=O)c(Oc3cnc4[nH]ccc4c3)c2)=C(C2)c,,0,0,0,,
MTOR,MCF7,9,0,42,25,COc1ccc(CCN(C)CCCC(C#N)(C(C)C)c2ccc(OC)c(OC)c2)cc1OC,COc1ccc(CCN(C)CCCC(C#N)(c2ccc(OC)c(OC)c2)C(C)C)cc1OC,1,0,0,0.2702702702702703,COc1ccc(CCNc2nc(-c3ccc(F)cc3)cc(C(F)(F)F)n2)cc1OC
MTOR,MCF7,9,0,42,26,COc1ccc(COc2cc3oc(=O)c4cc(ccc4c3cc2OC)C(C)O)cc1,COc1ccc(COc2cc3oc(=O)c4cc(C(C)O)ccc4c3cc2OC)cc1,1,0,0,0.32,COc1cc2c(cc1NC(=O)COc1ccc(Br)cc1)oc1ccccc12
MTOR,MCF7,9,0,42,27,CCCCCCCCc1ccc(CCC(N)(CO)CO)cc1,CCCCCCCCc1ccc(CCC(N)(CO)CO)cc1,1,0,0,0.23333333333333334,CCCCCCCC/C=C\CCCCCCCC(=O)NCc1ccc(O)c(OC)c1
MTOR,MCF7,9,0,42,28,CCN(Cc1ccccc1)C(=O)Cn1c2nc(ncc2n(C)c1=O)-c1ccccc1,CCN(Cc1ccccc1)C(=O)Cn1c(=O)n(C)c2cnc(-c3ccccc3)nc21,1,0,0,0.3333333333333333,CCN(Cc1ccccc1)C(=O)CN1C(=O)COc2ccc(S(=O)(=O)NC3CCCC3)cc21
MTOR,MCF7,9,0,42,29,ONC(=O)CCCCCCC(=O)Nc1cccnc1,O=C(CCCCCCC(=O)Nc1cccnc1)NO,1,0,0,0.35714285714285715,O=C(CC(NCc1cccnc1)C(=O)O)Nc1ccc(O)cc1
MTOR,MCF7,9,0,42,30,COC[C@H](N1CCN(C[C@@H]1C)C1(C)CCN(CC1)C(=O)c1c(C)ncnc1C)c1ccc(cc1)C(F)(F)F,COC[C@@H](c1ccc(C(F)(F)F)cc1)N1CCN(C2(C)CCN(C(=O)c3c(C)ncnc3C)CC2)C[C@@H]1C,1,0,0,0.21739130434782608,CN1CCN(C2(CNC(=O)COc3ccc(C(C)(C)C)cc3)CCCCC2)CC1
MTOR,MCF7,9,0,42,31,CN1CCN(CC1)c1ccc(OC(F)(F)F)c(Nc2ncc3CCc4c(nn(CCO)c4-c3n2)C(N)=O)c1,CN1CCN(c2ccc(OC(F)(F)F)c(Nc3ncc4c(n3)-c3c(c(C(N)=O)nn3CCO)CC4)c2)CC1,1,0,0,0.26262626262626265,CCCCN1CCc2nc(Nc3ccc(OC)cc3OC)ncc2C1
MTOR,MCF7,9,0,42,32,Fc1cc2CN(CCn3cc(C4=C(C(=O)NC4=O)c4cnc5ccccn45)c(c1)c23)C(=O)N1CCCCC1,O=C1NC(=O)C(c2cnc3ccccn23)=C1c1cn2c3c(cc(F)cc13)CN(C(=O)N1CCCCC1)CC2,1,0,0,0.21568627450980393,COc1ccc2c(c1)c(C1=C(c3c[nH]c4ccccc34)C(=O)NC1=O)cn2CCCN(C)C
MTOR,MCF7,9,0,42,33,CCOc1cc2ncc(C#N)c(Nc3ccc(OCc4ccccn4)c(Cl)c3)c2cc1NC(=O)C=CCN(C)C,CCOc1cc2ncc(C#N)c(Nc3ccc(OCc4ccccn4)c(Cl)c3)c2cc1NC(=O)C=CCN(C)C,1,0,0,0.32075471698113206,CCOc1ccccc1C(=O)Nc1ccc2nc3c(c(Nc4ccc(OC)c(OC)c4)c2c1)CCCC3
MTOR,MCF7,9,0,42,34,CCN1CCN(Cc2ccc(cc2)-c2cc3c(N[C@H](C)c4ccccc4)ncnc3[nH]2)CC1,CCN1CCN(Cc2ccc(-c3cc4c(N[C@H](C)c5ccccc5)ncnc4[nH]3)cc2)CC1,1,0,0,0.2840909090909091,CN1CCN(Cc2ccc(-n3c(=O)ccc4cnc5ccc(-c6cnc7ccccc7c6)cc5c43)cc2)CC1
MTOR,MCF7,9,0,42,35,CCCNC(=O)N1[C@@H](CO)[C@@H]([C@H]1C#N)c1ccc(cc1)C1=CCCCC1,CCCNC(=O)N1[C@H](C#N)[C@@H](c2ccc(C3=CCCCC3)cc2)[C@@H]1CO,1,0,0,0.20253164556962025,CC(C)COc1ccc(C(=O)NCC2(N(C)C)CCCCC2)cc1
MTOR,MCF7,9,0,42,36,CCCCc1nc2cc(ccc2n1CCN(CC)CC)C=CC(=O)NO,CCCCc1nc2cc(C=CC(=O)NO)ccc2n1CCN(CC)CC,1,0,0,0.2857142857142857,CCN1CCN(c2cc(C)c3cc(NC(=O)/C=C/c4ccc(C)cc4)ccc3n2)CC1
MTOR,MCF7,9,0,42,37,CN1CCCN(CC1)c1ccc2c(n1)n1c3ccccc3sc1c(C(=O)NCc1cnc(C)cn1)c2=O,Cc1cnc(CNC(=O)c2c(=O)c3ccc(N4CCCN(C)CC4)nc3n3c2sc2ccccc23)cn1,1,0,0,0.2755102040816326,CCOc1cc(C(=O)Nc2ccc3nc(N4CCN(C)CC4)cc(C)c3c2)cc(OCC)c1OCC
MTOR,MCF7,9,0,42,38,CNC(=O)c1cccc(c1)-c1ccc2c(nc(nc2n1)N1CCOC[C@@H]1C)N1CCOC[C@@H]1C,CNC(=O)c1cccc(-c2ccc3c(N4CCOC[C@@H]4C)nc(N4CCOC[C@@H]4C)nc3n2)c1,1,1,0,0.39473684210526316,C[C@@H]1COCCN1c1nc(-c2ccc(NC(=O)Nc3ccc(C(=O)N(C)C)cc3)cc2)nc(N2CCOC[C@H]2C)n1
MTOR,MCF7,9,0,42,39,COc1ccc(C2=NC(C(N2C(=O)N2CCNC(=O)C2)c2ccc(Cl)cc2)c2ccc(Cl)cc2)c(OC(C)C)c1,COc1ccc(C2=NC(c3ccc(Cl)cc3)C(c3ccc(Cl)cc3)N2C(=O)N2CCNC(=O)C2)c(OC(C)C)c1,1,0,0,0.24175824175824176,COc1cc2c(C(=O)N3CCN(c4cccc(Cl)c4)CC3)cn(C)c(=O)c2cc1OC
MTOR,MCF7,9,0,42,40,COc1ccc(Cl)c(Nc2nc3ccccc3nc2NS(=O)(=O)c2cccc(NC(=O)C(C)(C)N)c2)c1,COc1ccc(Cl)c(Nc2nc3ccccc3nc2NS(=O)(=O)c2cccc(NC(=O)C(C)(C)N)c2)c1,1,0,0,0.5125,COc1cc(Nc2nc3ccccc3nc2NS(=O)(=O)c2cccc(NC(=O)c3ccc(C)c(OC)c3)c2)cc(OC)c1
MTOR,MCF7,9,0,42,41,NC(=N)NCCN1CCCCCCC1,N=C(N)NCCN1CCCCCCC1,1,0,0,0.25,COc1nc(-c2ccc(NC(=O)Nc3ccc(C(=O)NCCN4CCCCC4)cc3)cc2)nc(N2CCOCC2)n1
MTOR,MCF7,9,0,42,42,COc1ccc2cc(ccc2c1)[C@H](C)CO,COc1ccc2cc([C@H](C)CO)ccc2c1,1,0,0,0.2711864406779661,COc1cccc(NC(CNS(=O)(=O)c2ccc(Cl)cc2)c2ccccc2)c1
MTOR,MCF7,9,0,42,43,CNC(=O)c1ccc(cc1F)N1C(=S)N(C(=O)C1(C)C)c1ccc(C#N)c(c1)C(F)(F)F,CNC(=O)c1ccc(N2C(=S)N(c3ccc(C#N)c(C(F)(F)F)c3)C(=O)C2(C)C)cc1F,1,0,0,0.25274725274725274,N#Cc1ccc(-c2ccc3ncc4ccc(=O)n(-c5ccc(F)c(C(F)(F)F)c5)c4c3c2)cn1
MTOR,MCF7,9,0,42,44,CN(C)CCCN1c2ccccc2CCc2ccccc12,CN(C)CCCN1c2ccccc2CCc2ccccc21,1,0,0,0.25396825396825395,CCc1ccc(CNC(=O)c2ccc(NC(=O)N3CCCCc4ccccc43)cc2)cc1
MTOR,MCF7,9,0,42,45,COc1ccc2c3c([C@@H](CO)N(Cc4ccncc4)C[C@]33CCN(CC3)C(=O)Cc3ccncc3)n(C)c2c1,COc1ccc2c3c(n(C)c2c1)[C@@H](CO)N(Cc1ccncc1)CC31CCN(C(=O)Cc2ccncc2)CC1,1,0,0,0.2976190476190476,COc1ccc(OCC(=O)N2CCN(CCc3ccccn3)CC2)cc1
MTOR,MCF7,9,0,42,46,OCCONC(=O)c1cc(CN2OCCCC2=O)c(F)c(F)c1Nc1ccc(I)cc1F,O=C(NOCCO)c1cc(CN2OCCCC2=O)c(F)c(F)c1Nc1ccc(I)cc1F,1,0,0,0.20202020202020202,CC1=C(c2ccc(C)c(C)c2)S(=O)(=O)N(Cc2ccc(C(=O)Nc3cc(F)ccc3F)cc2)C1=O
MTOR,MCF7,9,0,42,47,CCCCCCCCCCCCCCCc1cccc(O)c1C(O)=O,CCCCCCCCCCCCCCCc1cccc(O)c1C(=O)O,1,0,0,0.26666666666666666,CCCCCCCC/C=C\CCCCCCCC(=O)NCc1ccc(O)c(OC)c1
MTOR,MCF7,9,0,42,48,CCc1ccc(cc1)C=CC(=O)NC1=NCCS1,CCc1ccc(C=CC(=O)NC2=NCCS2)cc1,1,0,0,0.3194444444444444,CCN1CCN(c2cc(C)c3cc(NC(=O)/C=C/c4ccc(C)cc4)ccc3n2)CC1
MTOR,MCF7,9,0,42,49,COc1cc(C)c(Sc2cnc(NC(=O)c3ccc(CNC(C)C(C)C)cc3)s2)cc1C(=O)N1CCN(CC1)C(C)=O,COc1cc(C)c(Sc2cnc(NC(=O)c3ccc(CNC(C)C(C)C)cc3)s2)cc1C(=O)N1CCN(C(C)=O)CC1,1,0,0,0.2524271844660194,COc1ccc(C)cc1NC(=O)NCc1ccc2c(c1)CCN2C(=O)c1ccccc1
MTOR,MCF7,9,0,42,50,N[C@H]1[C@@H](CC[C@@H](OC(=O)N2CCC(CC2)n2c3cccnc3[nH]c2=O)c2ncccc12)c1cccc(F)c1F,N[C@@H]1c2cccnc2[C@H](OC(=O)N2CCC(n3c(=O)[nH]c4ncccc43)CC2)CC[C@H]1c1cccc(F)c1F,1,0,0,0.22641509433962265,CC(=O)N1CCC(n2c(=O)n(C)c3cnc4ccc(-c5cccc6[nH]ncc56)nc4c32)CC1
MTOR,MCF7,9,0,42,51,C[C@]1(O)CC[C@H]2[C@@H]3CC[C@H]4CC(=O)OC[C@]4(C)[C@H]3CC[C@]12C,C[C@]12COC(=O)C[C@@H]1CC[C@@H]1[C@@H]2CC[C@@]2(C)[C@H]1CC[C@]2(C)O,1,0,0,0.2465753424657534,CC(=O)O[C@H]1C[C@@H]2CC[C@@H]3[C@H](CC[C@@]4(C)[C@H]3C[C@H]([N+]3(C)CCCCC3)[C@@H]4OC(C)=O)[C@@]2(C)C[C@@H]1[N+]1(C)CCCCC1
MTOR,MCF7,9,0,42,52,NC(=N)c1ccc(OCCCCCOc2ccc(cc2)C(N)=N)cc1,N=C(N)c1ccc(OCCCCCOc2ccc(C(=N)N)cc2)cc1,1,0,0,0.2765957446808511,CCCCOc1cccc(NC(=O)c2cccc(C(=O)Nc3cccc(OCCCC)c3)c2)c1
MTOR,MCF7,9,0,42,53,Oc1c(Br)cc(C=C2C(=O)Nc3ccc(I)cc23)cc1Br,O=C1Nc2ccc(I)cc2C1=Cc1cc(Br)c(O)c(Br)c1,1,0,0,1.0,O=C1Nc2ccc(I)cc2/C1=C/c1cc(Br)c(O)c(Br)c1
MTOR,MCF7,9,0,42,54,C[C@]12CCC3C([C@H]4C[C@H]4C4=CC(=O)CC[C@]34C)C1[C@@H]1C[C@@H]1[C@@]21CCC(=O)O1,C[C@]12CCC(=O)C=C1[C@@H]1C[C@@H]1C1C2CC[C@@]2(C)C1[C@@H]1C[C@@H]1[C@@]21CCC(=O)O1,1,0,0,0.16393442622950818,CC12C(=O)OC(=O)C1(C)C1CCC2O1
MTOR,MCF7,9,0,42,55,CO[C@@H]1C[C@H](O[C@H]2CC[C@]3(C)C4CC[C@]5(C)[C@H](CC[C@]5(O)[C@@H]4CC[C@]3(O)C2)C6=CC(=O)OC6)O[C@H](C)[C@@H]1O,CO[C@@H]1C[C@H](O[C@H]2CC[C@]3(C)C4CC[C@]5(C)[C@@H](C6=CC(=O)OC6)CC[C@]5(O)[C@@H]4CC[C@]3(O)C2)O[C@H](C)[C@@H]1O,1,0,0,0.2713178294573643,CCC(C)C1OC2(CCC1C)CC1CC(CC=C(C)C(OC3CC(OC)C(OC4CC(OC)C(O)C(C)O4)C(C)O3)C(C)C=CC=C3COC4C(O)C(C)C=C(C(=O)O1)C34O)O2
MTOR,MCF7,9,0,42,56,COc1ccc2C3=NCCN3C(=Nc2c1OC)NC(=O)c4cccnc4,COc1ccc2c(c1OC)N=C(NC(=O)c1cccnc1)N1CCN=C21,1,0,0,0.2604166666666667,COc1ccc(Cl)cc1NC(=O)c1c(NCc2cccnc2)sc2c1CCC(C)C2
MTOR,MCF7,9,0,42,57,COc1ccccc1C#Cc2ccc3c(O[C@H](CN(C)Cc4cccnc4)[C@H](C)CN([C@H](C)CO)S3(=O)=O)c2,COc1ccccc1C#Cc1ccc2c(c1)O[C@H](CN(C)Cc1cccnc1)[C@H](C)CN([C@H](C)CO)S2(=O)=O,1,0,0,0.24271844660194175,CC(C)CC(=O)C(=O)N1CCC[C@H]1C(=O)OCCCc1cccnc1
MTOR,MCF7,9,0,42,58,CC[C@H]1N(C2CCCC2)c2nc(Nc3ccc(cc3OC)C(=O)NC3CCN(C)CC3)ncc2N(C)C1=O,CC[C@@H]1C(=O)N(C)c2cnc(Nc3ccc(C(=O)NC4CCN(C)CC4)cc3OC)nc2N1C1CCCC1,1,0,0,0.33695652173913043,CCCCN1CCc2nc(Nc3ccc(OC)cc3OC)ncc2C1
MTOR,MCF7,9,0,42,59,CN(C)c1ccc(/C=C/2CSC(=S)NC2=O)cc1,CN(C)c1ccc(/C=C2\CSC(=S)NC2=O)cc1,1,0,0,0.22807017543859648,CN(C)c1ccc(CC2=c3ccccc3=NC2=O)cc1
MTOR,MCF7,9,0,42,60,Clc1cc(Cl)c(OCC(=O)NN=Cc2ccc[nH]2)c(Cl)c1,O=C(COc1c(Cl)cc(Cl)cc1Cl)NN=Cc1ccc[nH]1,1,0,0,0.3037974683544304,COc1ccc(-c2nc3ccccc3o2)cc1NC(=O)COc1c(C)cc(Cl)cc1Cl
MTOR,MCF7,9,0,42,61,NC(=O)Nc1ccc(cc1).c1ccccc1,NC(=O)Nc1ccccc1.c1ccccc1,1,0,1,0.35,Cc1ccc2[nH]c(C(=O)Nc3ccccc3)cc2c1
MTOR,MCF7,9,0,42,62,Oc1ccc(cc1)-c1sc2cc(O)ccc2c1C(=O)c1ccc(OCCN2CCCCC2)cc1,O=C(c1ccc(OCCN2CCCCC2)cc1)c1c(-c2ccc(O)cc2)sc2cc(O)ccc12,1,0,0,0.35714285714285715,c1ccc(-c2cnc(Nc3ccc(OCCN4CCCC4)cc3)s2)cc1
MTOR,MCF7,9,0,42,63,COc1ccc(cc1)N(C(=O)c2ccccc2)S(=O)(=O)c3cc(OC)ccc3OC,COc1ccc(N(C(=O)c2ccccc2)S(=O)(=O)c2cc(OC)ccc2OC)cc1,1,0,0,0.391304347826087,COc1ccc(S(=O)(=O)N(C(=O)c2ccncc2)c2ccc3oc(C)c(C(C)=O)c3c2)cc1
MTOR,MCF7,9,0,42,64,COCCOc1cc2ncnc(Nc3cccc(c3)C#C)c2cc1OCCOC,C#Cc1cccc(Nc2ncnc3cc(OCCOC)c(OCCOC)cc23)c1,1,0,0,0.46774193548387094,COc1cc2ncnc(Nc3ccc(OCc4ccccc4)cc3)c2cc1OC
MTOR,MCF7,9,0,42,65,COc1cc2nccc(Oc3ccc(NC(=O)NC4CC4)c(Cl)c3)c2cc1C(N)=O,COc1cc2nccc(Oc3ccc(NC(=O)NC4CC4)c(Cl)c3)c2cc1C(N)=O,1,0,0,0.28735632183908044,COc1cc2ncnc(N3CCN(C(=O)Nc4ccc(Oc5ccccc5)cc4)CC3)c2cc1OC
MTOR,MCF7,9,0,42,66,COc1cc2CCN3Cc4c(OC)c(O)ccc4CC3c2cc1O,COc1cc2c(cc1O)C1Cc3ccc(O)c(OC)c3CN1CC2,1,0,0,0.24705882352941178,COc1cc2c(cc1OC)C(COc1ccc3c(C)cc(=O)oc3c1)N(C(=O)c1ccc(C)c(C)c1)CC2
MTOR,MCF7,9,0,42,67,COC[C@H](N1CCN(C[C@@H]1C)C1(C)CCN(CC1)C(=O)c1c(C)ncnc1C)c1ccc(cc1)C(F)(F)F,COC[C@@H](c1ccc(C(F)(F)F)cc1)N1CCN(C2(C)CCN(C(=O)c3c(C)ncnc3C)CC2)C[C@@H]1C,1,1,0,0.21739130434782608,CN1CCN(C2(CNC(=O)COc3ccc(C(C)(C)C)cc3)CCCCC2)CC1
MTOR,MCF7,9,0,42,68,CC1CC(CC(C)(C)C1)OC(=O)c1ccccc1O,CC1CC(OC(=O)c2ccccc2O)CC(C)(C)C1,1,0,0,0.2545454545454545,C[N+]1(C)CCC(OC(=O)C(c2ccccc2)c2ccccc2)CC1
MTOR,MCF7,9,0,42,69,C[C@]1(CCCN1c1nc(Nc2cc(n[nH]2)C2CC2)c2cccn2n1)C(=O)Nc1ccc(F)nc1,C[C@@]1(C(=O)Nc2ccc(F)nc2)CCCN1c1nc(Nc2cc(C3CC3)n[nH]2)c2cccn2n1,1,0,0,0.23893805309734514,C[C@@H]1COCCN1c1nc(-c2ccc(NC(=O)Nc3ccc(N4CCN(C)CC4)nc3)cc2)nc(C2CCOCC2)n1
MTOR,MCF7,9,0,42,70,Cc1ccc(cc1)C(=C/CN1CCCC1)c1ccccn1,Cc1ccc(C(=CCN2CCCC2)c2ccccn2)cc1,1,0,0,0.2537313432835821,COc1ccc(OCC(=O)N2CCN(CCc3ccccn3)CC2)cc1
MTOR,MCF7,9,0,42,71,CC(C)C(=O)OCCC(SSC(CCOC(=O)C(C)C)=C(/C)N(Cc1cnc(C)nc1N)C=O)=C(C)N(Cc1cnc(C)nc1N)C=O,CC(=C(CCOC(=O)C(C)C)SSC(CCOC(=O)C(C)C)=C(C)N(C=O)Cc1cnc(C)nc1N)N(C=O)Cc1cnc(C)nc1N,1,0,0,0.20987654320987653,COc1ccc(NC(=O)c2c(C)ccc3c(N)nc(C)nc23)cn1
MTOR,MCF7,9,0,42,72,Nc1nc(=O)c2nc(CNc3ccc(cc3)C(=O)N[C@@H](CCC(O)=O)C(O)=O)cnc2[nH]1,Nc1nc(=O)c2nc(CNc3ccc(C(=O)N[C@@H](CCC(=O)O)C(=O)O)cc3)cnc2[nH]1,1,0,0,0.2222222222222222,O=C(CC(NCc1cccnc1)C(=O)O)Nc1ccc(O)cc1
MTOR,MCF7,9,0,42,73,OCCn1cc(c(n1)-c1ccncc1)-c1ccc2c(CCC2=N/O)c1,OCCn1cc(-c2ccc3c(c2)CCC3=NO)c(-c2ccncc2)n1,1,0,0,0.2318840579710145,Oc1c(-c2ccc(F)cc2)c(-c2ccncc2)nn1-c1ccc(Cl)cc1
MTOR,MCF7,9,0,42,74,NC(=O)c1ccc(O)c2ncccc12,NC(=O)c1ccc(O)c2ncccc12,1,0,0,0.3235294117647059,c1cnc2c(c1)ccc1cccnc12
MTOR,MCF7,9,0,42,75,OC[C@H]1[C@@H]([C@H]2CN(CCCCN12)S(=O)(=O)c1ccccc1)c1ccc(cc1)C#CC1CCCC1,O=S(=O)(c1ccccc1)N1CCCCN2[C@H](C1)[C@@H](c1ccc(C#CC3CCCC3)cc1)[C@@H]2CO,1,0,0,0.24675324675324675,CC(C)Cc1ccc(S(=O)(=O)N2CCC(c3ccncc3)CC2)cc1
MTOR,MCF7,9,0,42,76,CCC1CCC2OC3(CC[C@@H](C)C(C[C@H](C)O)O3)[C@H](C)C(OC(=O)C=C[C@@H](C)[C@H](O)[C@@H](C)C(=O)[C@H](C)[C@@H](O)[C@H](C)C(=O)[C@@](C)(O)[C@H](O)[C@@H](C)CC=C,,0,0,0,,
MTOR,MCF7,9,0,42,77,Oc1ccc(cc1)C=CC(=O)c1ccc(O)cc1O,O=C(C=Cc1ccc(O)cc1)c1ccc(O)cc1O,1,0,0,0.42424242424242425,Oc1ccc(/C=C/c2cc(O)cc(O)c2)cc1
MTOR,MCF7,9,0,42,78,Oc1cc(O)c2c(c1)oc(cc2=O)-c1ccc(O)c(O)c1,O=c1cc(-c2ccc(O)c(O)c2)oc2cc(O)cc(O)c12,1,0,0,0.22058823529411764,O=C1/C(=C/c2c(-c3ccc(Cl)cc3)[nH]c3ccccc23)Oc2cc(O)cc(O)c21
MTOR,MCF7,9,0,42,79,COc1ccccc1C1c2c(Oc3ncn(-c4ccccc4)c(=N)c13)ccc1ccccc21,COc1ccccc1C1c2c(ncn(-c3ccccc3)c2=N)Oc2ccc3ccccc3c21,1,0,0,0.23529411764705882,COc1ccc(OC)c2c(S)c3ccccc3nc12
MTOR,MCF7,9,0,42,80,Cn1ncc(Cl)c1-c1cc(sc1Cl)C(=O)N[C@H](CN)Cc1cccc(F)c1,Cn1ncc(Cl)c1-c1cc(C(=O)N[C@H](CN)Cc2cccc(F)c2)sc1Cl,1,0,0,0.25925925925925924,Cn1c(-c2cccc(Br)c2)cnc1NCc1cccc(F)c1
MTOR,MCF7,9,0,42,81,Clc1ccc(CCC(Cn2ccnc2)Sc2c(Cl)cccc2Cl)cc1,Clc1ccc(CCC(Cn2ccnc2)Sc2c(Cl)cccc2Cl)cc1,1,0,0,0.29411764705882354,COc1ccc(CCCOc2cc(CCn3ccnc3)ccc2OC)cc1
MTOR,MCF7,9,0,42,82,CN1CCN(CCCN2c3ccccc3Sc3ccc(Cl)cc23)CC1,CN1CCN(CCCN2c3ccccc3Sc3ccc(Cl)cc32)CC1,1,0,0,0.37142857142857144,CN1CCN(CCCNC(=O)Cn2c(-c3cccs3)cc3cc(Cl)ccc32)CC1
MTOR,MCF7,9,0,42,83,CCOC(=O)C(C)(C)Oc1ccc(Cl)cc1,CCOC(=O)C(C)(C)Oc1ccc(Cl)cc1,1,0,0,0.2903225806451613,CCOc1ccc(NC(=O)CN2C(=O)C(c3ccc(Cl)cc3)=NC2(C)C)cc1
MTOR,MCF7,9,0,42,84,O=C(N1CCCCC1)c1ccc2OCOc2c1,O=C(c1ccc2c(c1)OCO2)N1CCCCC1,1,0,0,0.32608695652173914,O=[N+]([O-])/C=C/c1ccc2c(c1)OCO2
MTOR,MCF7,9,0,42,85,COc1cc(ccc1Nc1ncc(c(Nc2cccc(NC(=O)C=C)c2)n1)C(F)(F)F)N1CCN(CC1)C(C)=O,C=CC(=O)Nc1cccc(Nc2nc(Nc3ccc(N4CCN(C(C)=O)CC4)cc3OC)ncc2C(F)(F)F)c1,1,0,0,0.3146067415730337,Cc1cccc(Nc2ncc(NC(=O)c3cccc(F)c3)c(Nc3cccc(C)c3)n2)c1
MTOR,MCF7,9,0,42,86,ONC(=O)CCCCCCC(=O)Nc1ccccc1,O=C(CCCCCCC(=O)Nc1ccccc1)NO,1,1,0,0.3103448275862069,CCc1ccc(NC(=O)CCCc2nc(-c3ccco3)no2)cc1
MTOR,MCF7,9,0,42,87,CC(=O)CC(c1ccc(cc1)[N+]([O-])=O)c1c(O)c2ccccc2oc1=O,CC(=O)CC(c1ccc([N+](=O)[O-])cc1)c1c(O)c2ccccc2oc1=O,1,0,0,0.25675675675675674,COc1ccccc1NC(=O)c1oc2ccccc2c1NC(=O)Cc1ccccc1
MTOR,MCF7,9,0,42,88,O=C(N1CCNCC1)c1ccc(cc1)C=Cc1n[nH]c2ccccc12,O=C(c1ccc(C=Cc2n[nH]c3ccccc23)cc1)N1CCNCC1,1,0,0,0.2711864406779661,Nc1ccc(C#Cc2n[nH]c3ccccc23)cc1
MTOR,MCF7,9,0,42,89,COc1cc2nc(nc(N)c2cc1OC)N(C)CCCNC(=O)C1CCCO1,COc1cc2nc(N(C)CCCNC(=O)C3CCCO3)nc(N)c2cc1OC,1,0,0,0.33707865168539325,COc1ccccc1Nc1cc(C(=O)NCCCN(C)C2CCCCC2)c2ccccc2n1
MTOR,MCF7,9,0,42,90,CCN1CCN(Cc2ccc(Nc3ncc4N(C)C(=O)c5ccccc5N(C)c4n3)cc2C(F)(F)F)CC1,CCN1CCN(Cc2ccc(Nc3ncc4c(n3)N(C)c3ccccc3C(=O)N4C)cc2C(F)(F)F)CC1,1,0,0,0.2872340425531915,CCN1CCN(c2cc(C)c3cc(NC(=O)c4cccc(C(F)(F)F)c4)ccc3n2)CC1
MTOR,MCF7,9,0,42,91,CCN1CCN(CC1)c1ccc(Nc2cc(ncn2)N(C)C(=O)Nc2c(Cl)c(OC)cc(OC)c2Cl)cc1,CCN1CCN(c2ccc(Nc3cc(N(C)C(=O)Nc4c(Cl)c(OC)cc(OC)c4Cl)ncn3)cc2)CC1,1,1,0,0.3595505617977528,CCN1CCN(c2cc(C)c3cc(NC(=O)c4cc(Cl)ccc4OC)ccc3n2)CC1
MTOR,MCF7,9,0,42,92,COc1cccc(c1)c2ccc3ncnc(NCc4cccc(C)c4)c3c2,COc1cccc(-c2ccc3ncnc(NCc4cccc(C)c4)c3c2)c1,1,0,0,0.463768115942029,COc1cccc(CNc2nc3c(-c4cccc(C)c4)nnn3c3ccccc23)c1
MTOR,MCF7,9,0,42,93,Cc1cc(C2CCCCC2)n(O)c(=O)c1,Cc1cc(C2CCCCC2)n(O)c(=O)c1,1,0,0,0.27586206896551724,CC(=O)OC=C1CC(=O)N2N=C(C3CCCCC3)SC2=N1
MTOR,MCF7,9,0,42,94,CC(=O)N1CCN(CCOc2ccc(cc2)C2CCN(CC2)C2=Nn3c(CC2)nnc3C(F)(F)F)CC1,CC(=O)N1CCN(CCOc2ccc(C3CCN(C4=Nn5c(nnc5C(F)(F)F)CC4)CC3)cc2)CC1,1,0,0,0.3010752688172043,CN1CCN(CCOc2ccc(NC(=O)Nc3ccc(-c4nc(N5C6CCC5COC6)nc(N5C6CCC5COC6)n4)cc3)cc2)CC1
MTOR,MCF7,9,0,42,95,CO[C@H]1[C@@H](C[C@@H]2CN3CCc4c([nH]c5cc(OC)ccc45)[C@H]3C[C@@H]2[C@@H]1C(=O)OC)OC(=O)/C=C/c6cc(OC)c(OC)c(OC)c6,COC(=O)[C@H]1[C@H]2C[C@@H]3c4[nH]c5cc(OC)ccc5c4CCN3C[C@H]2C[C@@H](OC(=O)/C=C/c2cc(OC)c(OC)c(OC)c2)[C@@H]1OC,1,0,0,0.27522935779816515,COc1ccccc1Nc1c2c(nc3ccc(NC(=O)/C=C/c4cc(OC)c(OC)c(OC)c4)cc13)CCCC2
MTOR,MCF7,9,0,42,96,CC(C)(C)NC[C@H](O)c1ccc(O)c(CO)c1,CC(C)(C)NC[C@H](O)c1ccc(O)c(CO)c1,1,0,0,0.29545454545454547,CC(N)[C@H](O)c1ccc(O)c(O)c1
MTOR,MCF7,9,0,42,97,CCC1(CCCCN(C)C1)c1cccc(O)c1,CCC1(c2cccc(O)c2)CCCCN(C)C1,1,0,0,0.24242424242424243,COc1ccccc1C(=O)NCC1(N2CCN(C)CC2)CCCCC1
MTOR,MCF7,9,0,42,98,Nc1nc(=O)n(cc1F)[C@H]1C[C@H](O)[C@@H](CO)O1,Nc1nc(=O)n([C@H]2C[C@H](O)[C@@H](CO)O2)cc1F,1,0,0,0.25396825396825395,N=c1ccn2c(n1)O[C@H]1[C@H](O)[C@@H](CO)O[C@H]12
MTOR,MCF7,9,0,42,99,CC(C)CNc1ccnc(NCc2csc(n2)-c2ccccc2)n1,CC(C)CNc1ccnc(NCc2csc(-c3ccccc3)n2)n1,1,0,0,0.28169014084507044,CC(C)n1cnc2c(NCc3ccccc3)nc(NCCCO)nc21
PIK3CA,MCF7,9,6,48,0,CN(C)N(C)C(=O)[C@@]1(Cc2ccccc2)CCCN(C1)C(=O)[C@@H](Cc1c[nH]c2ccccc12)NC(=O)C(C)(C)N,CN(C)N(C)C(=O)[C@@]1(Cc2ccccc2)CCCN(C(=O)[C@@H](Cc2c[nH]c3ccccc23)NC(=O)C(C)(C)N)C1,1,0,0,0.19827586206896552,CC(C)NC(=O)Nc1ccc(-c2nc(N3CCOCC3)c3cnn(C4CCN(Cc5ccccc5)CC4)c3n2)cc1
PIK3CA,MCF7,9,6,48,1,CN(C)C(=O)c1ccc(cc1)-c1cccc(c1)-c1nc(cc2CN([C@@H](CCO)c12)[S@@](=O)C(C)(C)C)C(=O)N1CCN(C)CC1,CN1CCN(C(=O)c2cc3c(c(-c4cccc(-c5ccc(C(=O)N(C)C)cc5)c4)n2)[C@H](CCO)N([S@@](=O)C(C)(C)C)C3)CC1,1,0,1,0.25471698113207547,CN1CCN(C(=O)c2cccc(-c3cc4nc(-c5cnc(N)nc5)nc(N5CCOCC5)c4s3)c2)CC1
PIK3CA,MCF7,9,6,48,2,CN1CCN(CCCN2c3ccccc3Sc3ccc(cc23)C(F)(F)F)CC1,CN1CCN(CCCN2c3ccccc3Sc3ccc(C(F)(F)F)cc32)CC1,1,0,0,0.21348314606741572,COc1ccc2c(c1)c(/C=C1\Oc3cc(O)cc(O)c3C1=O)c(C)n2CCCN1CCN(C)CC1
PIK3CA,MCF7,9,6,48,3,CC(C)NC(=O)Nc1ccc2O[C@@H](C)CCCCO[C@H](CN(C)C(=O)Cc3ccccc3)[C@H](C)CN([C@H](C)CO)C(=O)c2c1,CC(C)NC(=O)Nc1ccc2c(c1)C(=O)N([C@H](C)CO)C[C@@H](C)[C@@H](CN(C)C(=O)Cc1ccccc1)OCCCC[C@H](C)O2,1,0,0,0.2782608695652174,CC(C)NC(=O)Nc1ccc(-c2nc(N3CCOCC3)c3cnn(C4CCN(Cc5ccccc5)CC4)c3n2)cc1
PIK3CA,MCF7,9,6,48,4,CC(C)(O)CC(=O)NCCn1ccc2ncnc(Nc3ccc(Oc4cccc(c4)C(F)(F)F)c(Cl)c3)c12,CC(C)(O)CC(=O)NCCn1ccc2ncnc(Nc3ccc(Oc4cccc(C(F)(F)F)c4)c(Cl)c3)c21,1,0,0,0.2786885245901639,O=C(O[C@H]1CN[C@H](C#Cc2cc3ncnc(Nc4ccc(OCc5cccc(F)c5)c(Cl)c4)c3s2)C1)N1CCOCC1
PIK3CA,MCF7,9,6,48,5,CC(C(O)=O)c1ccc(CC2CCCC2=O)cc1,CC(C(=O)O)c1ccc(CC2CCCC2=O)cc1,1,0,0,0.19718309859154928,CNCc1ccc(NC(=O)Nc2ccc(-c3nc(N4C5CCC4COC5)nc(N4C5CCC4COC5)n3)cc2)cc1
PIK3CA,MCF7,9,6,48,6,C[C@@H](CO)N1C[C@@H](C)[C@@H](CN(C)Cc2ccc(cc2)C(=O)O)Oc3c(NC(=O)NC4CCCCC4)cccc3C1=O,C[C@@H]1CN([C@@H](C)CO)C(=O)c2cccc(NC(=O)NC3CCCCC3)c2O[C@@H]1CN(C)Cc1ccc(C(=O)O)cc1,1,0,0,0.23931623931623933,CN1CCC(NC(=O)Nc2ccc(-c3nc(N4CCOCC4)c4cnn(C5CCN(Cc6ccccc6)CC5)c4n3)cc2)CC1
PIK3CA,MCF7,9,6,48,7,Fc1ccc(cc1)C(CCCN1CCC2(CC1)N(CNC2=O)c1ccccc1)c1ccc(F)cc1,O=C1NCN(c2ccccc2)C12CCN(CCCC(c1ccc(F)cc1)c1ccc(F)cc1)CC2,1,0,0,0.21052631578947367,O=c1cc(N2CCOCC2)nc2n(Cc3ccc(F)cc3)ccn12
PIK3CA,MCF7,9,6,48,8,CO[C@H]1CN(C)C(=O)c2cc(NC(=O)c3ccc4OCOc4c3)ccc2OC[C@@H](C)N(CC2CC2)C[C@H]1C,CO[C@H]1CN(C)C(=O)c2cc(NC(=O)c3ccc4c(c3)OCO4)ccc2OC[C@@H](C)N(CC2CC2)C[C@H]1C,1,0,0,0.24324324324324326,Cn1cc(/C=C2\Oc3ccc(NC(=O)Nc4ccccc4)cc3C2=O)c2c(N3CC4CCC(C3)O4)ccnc21
PIK3CA,MCF7,9,6,48,9,C[C@@H](CO)N1C[C@H](C)[C@H](CN(C)Cc2ccc(cc2)c3ccccc3)OCc4cnnn4CCCC1=O,C[C@H]1CN([C@@H](C)CO)C(=O)CCCn2nncc2CO[C@H]1CN(C)Cc1ccc(-c2ccccc2)cc1,1,0,1,0.23469387755102042,C[C@@H]1COCCN1c1nc(-c2ccc(NC(=O)Nc3ccc(CN(C)C)cc3)cc2)nc(N2CCOC[C@H]2C)n1
PIK3CA,MCF7,9,6,48,10,CN(C)C(=O)C(CCN1CCC(O)(CC1)c1ccc(Cl)cc1)(c1ccccc1)c1ccccc1,CN(C)C(=O)C(CCN1CCC(O)(c2ccc(Cl)cc2)CC1)(c1ccccc1)c1ccccc1,1,0,0,0.20833333333333334,O=C(Nc1ccc(Cl)cc1)Nc1ccc(-c2nc(N3CCOCC3)nc(N3CCOCC3)n2)cc1
PIK3CA,MCF7,9,6,48,11,CO[C@@H]1[C@@H](C[C@H]2O[C@]1(C)n1c3ccccc3c3c4CNC(=O)c4c4c5ccccc5n2c4c13)N(C)C(=O)c1ccccc1,CO[C@@H]1[C@H](N(C)C(=O)c2ccccc2)C[C@H]2O[C@]1(C)n1c3ccccc3c3c4c(c5c6ccccc6n2c5c31)C(=O)NC4,1,0,0,0.6923076923076923,CN[C@@H]1C[C@H]2O[C@@](C)([C@@H]1OC)n1c3ccccc3c3c4c(c5c6ccccc6n2c5c31)C(=O)NC4
PIK3CA,MCF7,9,6,48,12,C[C@H]1CCC[C@H]2O[C@H]2C[C@H](OC(=O)C[C@H](O)C(C)(C)C(=O)[C@H](C)[C@H]1O)C(C)=Cc1csc(C)n1,CC(=Cc1csc(C)n1)[C@@H]1C[C@@H]2O[C@@H]2CCC[C@H](C)[C@H](O)[C@@H](C)C(=O)C(C)(C)[C@@H](O)CC(=O)O1,1,0,0,0.17525773195876287,CC(=O)Nc1ccc(-c2nc(N3CC4CCC(C3)O4)c3sccc3n2)cc1
PIK3CA,MCF7,9,6,48,13,C[C@@H](O)COc1cn2ncnc(Oc3ccc4[nH]c(C)cc4c3F)c2c1C,Cc1cc2c(F)c(Oc3ncnn4cc(OC[C@@H](C)O)c(C)c34)ccc2[nH]1,1,0,0,0.2,CC(C)n1nc(-c2cc3cc(O)ccc3[nH]2)c2c(N)ncnc21
PIK3CA,MCF7,9,6,48,14,CC(C)(C)Cn1c(N)nc2ccc(nc12)-c1[nH]c(nc1-c1ccc(F)cc1)C(C)(C)C,CC(C)(C)Cn1c(N)nc2ccc(-c3[nH]c(C(C)(C)C)nc3-c3ccc(F)cc3)nc21,1,0,0,0.2235294117647059,O=c1ccc2cnc3ccc(-c4cn[nH]c4)cc3c2n1-c1ccc(F)cc1C(F)(F)F
PIK3CA,MCF7,9,6,48,15,CNC(=O)C[C@@H]1CC[C@@H]2[C@H](COC[C@H](O)CN2Cc2ccc(Cl)c(Cl)c2)O1,CNC(=O)C[C@@H]1CC[C@@H]2[C@H](COC[C@H](O)CN2Cc2ccc(Cl)c(Cl)c2)O1,1,0,0,0.23529411764705882,CNCc1ccc(NC(=O)Nc2ccc(-c3nc(N4C5CCC4COC5)nc(N4C5CCC4COC5)n3)cc2)cc1
PIK3CA,MCF7,9,6,48,16,CO[C@@H]1C[C@H](C[C@@H](C)[C@@H]2CC(=O)[C@H](C)C=C(C)[C@@H](O)[C@@H](OC)C(=O)[C@H](C)C[C@H](C)C=CC=CC=C(C)[C@H](C[C@@H]3CC[C@@H](C)[C@@](O)(O3)C(=O)C(=O)N3CC,,0,0,0,,
PIK3CA,MCF7,9,6,48,17,CCCCC#Cc1nc(NC)c2ncn(C3OC(CO)C(O)C3O)c2n1,CCCCC#Cc1nc(NC)c2ncn(C3OC(CO)C(O)C3O)c2n1,1,0,0,0.18556701030927836,Oc1cccc(-c2nc(N3CCOCC3)c3ncn(C4CCN(Cc5ccccc5)CC4)c3n2)c1
PIK3CA,MCF7,9,6,48,18,NC1CCN(C1)c1cccnc1,NC1CCN(c2cccnc2)C1,1,0,0,0.28125,Oc1cccc(-c2nc(N3CCOCC3)nc3c2CCN3c2cccnc2)c1
PIK3CA,MCF7,9,6,48,19,OCCNCCCOc1cccc(Cl)c1Cl,OCCNCCCOc1cccc(Cl)c1Cl,1,0,0,0.20833333333333334,CNC(=O)c1nc(-c2ccc(Cl)c(S(=O)(=O)Nc3cccc(Cl)c3Cl)c2)cnc1N
PIK3CA,MCF7,9,6,48,20,NCC(=O)N1C[C@@H](C[C@H]1C(O)=O)NC(=O)c1ccccc1,NCC(=O)N1C[C@H](NC(=O)c2ccccc2)C[C@H]1C(=O)O,1,0,0,0.21621621621621623,NCC(=O)N1CCN(c2nc(N3CCOCC3)nc(-n3c(C(F)F)nc4ccccc43)n2)CC1
PIK3CA,MCF7,9,6,48,21,OC[C@@H]1[C@H]2Cn3c(cccc3=O)[C@@H]([C@H]1C(=O)N1CCOCC1)N2Cc1cccc(Cl)c1,O=C([C@H]1[C@H](CO)[C@H]2Cn3c(cccc3=O)[C@@H]1N2Cc1cccc(Cl)c1)N1CCOCC1,1,0,0,0.3246753246753247,Oc1cc(N2CCOCC2)nc(NCc2cccc(Cl)c2)n1
PIK3CA,MCF7,9,6,48,22,NC1C[C@H]1c1ccccc1,NC1C[C@H]1c1ccccc1,1,0,0,0.18571428571428572,CC(C)n1cc(C(=O)c2cncc(N[C@@H]3CCC[C@@H]3c3ccccc3)n2)c2c(N)ncnc21
PIK3CA,MCF7,9,6,48,23,C[C@@H](CO)N1C[C@@H](C)[C@@H](CN(C)C(=O)Nc2ccc(F)cc2)Oc3ccc(NC(=O)C4CCCCC4)cc3C1=O,C[C@@H]1CN([C@@H](C)CO)C(=O)c2cc(NC(=O)C3CCCCC3)ccc2O[C@@H]1CN(C)C(=O)Nc1ccc(F)cc1,1,0,0,0.22340425531914893,O=C(Cc1nc(O)cc(N2CCOCC2)n1)Nc1ccc(F)cc1
PIK3CA,MCF7,9,6,48,24,OC[C@H]1O[C@H]([C@H](O)[C@@H]1O)N1CCC(O)NC1=O,O=C1NC(O)CCN1[C@@H]1O[C@H](CO)[C@@H](O)[C@H]1O,1,0,0,0.1686746987951807,CC1(C)CC(=O)c2sc(N3CCOCC3Cc3c[nH]c4ncccc34)nc2C1
PIK3CA,MCF7,9,6,48,25,CCCC(C)NC(=O)c1ccc(Cl)c(Cl)c1,CCCC(C)NC(=O)c1ccc(Cl)c(Cl)c1,1,0,0,0.24324324324324326,CNC(=O)c1ccc2c(c1)OCCc1cc(C(=O)N(C)c3cc(C(=O)N(C)C)ccc3Cl)sc1-2
PIK3CA,MCF7,9,6,48,26,C[C@]12CC[C@@H]3[C@@H](CCc4cc(O)ccc34)[C@@H]1CC[C@H]2O,C[C@]12CC[C@H]3c4ccc(O)cc4CC[C@H]3[C@@H]1CC[C@H]2O,1,0,0,0.27692307692307694,C[C@H]1CC[C@H]2C(C)(C)CCC[C@]2(C)c2c1oc1cc(O)ccc21
PIK3CA,MCF7,9,6,48,27,CC(=O)O[C@@H]1CC(=O)OC(C)(C)C2CC(=O)[C@]3(C)C(CC[C@@]4(C)[C@@H](OC(=O)[C@H]5O[C@]543)c6ccoc6)[C@]21C,CC(=O)O[C@@H]1CC(=O)OC(C)(C)C2CC(=O)[C@]3(C)C(CC[C@@]4(C)[C@H](c5ccoc5)OC(=O)[C@H]5O[C@]543)[C@]21C,1,0,0,0.17307692307692307,C[C@@]12c3ccc4c(c3C(=O)c3occ(c31)C(=O)C[C@H]2OC(=O)CCC(=O)O)CCC4=O
PIK3CA,MCF7,9,6,48,28,CN1[C@H]2CC[C@@H]1C[C@@H](C2)OC(=O)c3c[nH]c4ccccc34,CN1[C@@H]2CC[C@H]1C[C@@H](OC(=O)c1c[nH]c3ccccc13)C2,1,0,0,0.2948717948717949,CN1C2CCC1CC(Oc1nc(-c3ccc(NC(=O)Nc4ccc(C(N)=O)cc4)cc3)nc(N3CCOCC3)n1)C2
PIK3CA,MCF7,9,6,48,29,CCCCCC=C/CC=C/CC=C/CC=C/CCCC(=O)NCCO,CCCCCC=CCC=CCC=CCC=CCCCC(=O)NCCO,1,0,0,0.16216216216216217,CCCCNS(=O)(=O)c1cccc(-c2ccc3nc(NC(C)=O)nn3c2)c1
PIK3CA,MCF7,9,6,48,30,CC(C)[C@H](N)C(=O)N[C@@H](Cc1c[nH]c2ccccc12)C(=O)O,CC(C)[C@H](N)C(=O)N[C@@H](Cc1c[nH]c2ccccc12)C(=O)O,1,0,0,0.2463768115942029,O=C1/C(=C/c2c[nH]c3ccccc23)Oc2cc(O)cc(O)c21
PIK3CA,MCF7,9,6,48,31,O=C1c2ccccc2-c2n[nH]c3cccc1c23,O=C1c2ccccc2-c2n[nH]c3cccc1c23,1,0,0,0.3125,Cc1cccc(-c2n[nH]c3ncnc(N)c23)c1C
PIK3CA,MCF7,9,6,48,32,CC(C)(C)C(=O)C(Oc1ccc(Cl)cc1)n1ccnc1,CC(C)(C)C(=O)C(Oc1ccc(Cl)cc1)n1ccnc1,1,0,0,0.2459016393442623,COc1ccc(-c2ccnc(Nc3ccc(Cl)cc3)n2)cc1
PIK3CA,MCF7,9,6,48,33,CCCc1cc(ccn1)c2nc(cs2)c3ccc(C)cc3,CCCc1cc(-c2nc(-c3ccc(C)cc3)cs2)ccn1,1,0,0,0.2898550724637681,CC(=O)Nc1nc2ccc(-c3ccnc(Sc4ccc(C)cc4)n3)cc2s1
PIK3CA,MCF7,9,6,48,34,CC1(C)N2[C@@H](Cc3c1[nH]c4ccccc34)C(=O)N(Cc5ccccc5)C2=O,CC1(C)c2[nH]c3ccccc3c2C[C@H]2C(=O)N(Cc3ccccc3)C(=O)N21,1,0,0,0.22727272727272727,c1ccc(CN2CCC(n3ncc4c(N5CCOCC5)nc(-c5cc6ccccc6[nH]5)nc43)CC2)cc1
PIK3CA,MCF7,9,6,48,35,CNCCN(C)Cc1c[nH]nc1-c1ccc(O[C@H]2C[C@@H](C2)OCCC2CCOCC2)cc1,CNCCN(C)Cc1c[nH]nc1-c1ccc(O[C@H]2C[C@H](OCCC3CCOCC3)C2)cc1,1,0,0,0.23711340206185566,CNCCN(C)C(=O)c1ccc(NC(=O)Nc2ccc(-c3nc(OC)nc(N4CCOCC4)n3)cc2)cc1
PIK3CA,MCF7,9,6,48,36,C[C@H]1CCN(C[C@@H]1N(C)c1ncnc2[nH]ccc12)C(=O)CC#N,C[C@H]1CCN(C(=O)CC#N)C[C@@H]1N(C)c1ncnc2[nH]ccc12,1,0,0,0.2621359223300971,COc1cc2c(cc1Nc1nc(Nc3cccc4c3C(=O)NC4)c3cc[nH]c3n1)N(C(=O)CN(C)C)CC2
PIK3CA,MCF7,9,6,48,37,Cn1ccc2cc(ccc12)c3ccc4ncnc(NCc5cccs5)c4c3,Cn1ccc2cc(-c3ccc4ncnc(NCc5cccs5)c4c3)ccc21,1,0,0,0.3157894736842105,Cn1ccc2cc(-c3nn(C4CCCC4)c4ncnc(N)c34)ccc21
PIK3CA,MCF7,9,6,48,38,CCN1C[C@]2(COC)CC[C@H](OC)[C@]3([C@@H]4C[C@H]5[C@H](OC)[C@@H]4[C@@]6(C[C@@H]5OC)OCO[C@]76[C@@H](O)[C@@H]32)C17,CCN1C[C@]2(COC)CC[C@H](OC)[C@@]34C1[C@]1(OCO[C@@]15C[C@H](OC)[C@H]1C[C@@H]3[C@@H]5[C@H]1OC)[C@@H](O)[C@H]24,1,0,0,0.14035087719298245,CCN(/C=C1/C(=O)O[C@H](COC)[C@]2(C)C3=C(OC(C)=O)C[C@]4(C)[C@@H](O)CC[C@H]4C3C(=O)C(=O)C12)CC
PIK3CA,MCF7,9,6,48,39,COc1ccc2nc3CCCCC[C@@H]4C[C@H]4OC(=O)N[C@H](C(=O)N4C[C@@H](C[C@H]4C(=O)N[C@@]4(C[C@H]4C=C)C(=O)NS(=O)(=O)C4CC4)Oc3nc2c1)C(C)(C)C,C=C[C@@H]1C[C@]1(NC(=O)[C@@H]1C[C@@H]2CN1C(=O)[C@H](C(C)(C)C)NC(=O)O[C@@H]1C[C@H]1CCCCCc1nc3ccc(OC)cc3nc1O2)C(=O)NS(=O)(=O)C1CC1,1,0,0,0.19148936170212766,COc1ccc2[nH]cc(/C=C3/Oc4ccc(NC(=O)Nc5ccc(C(=O)N6CCN(C)CC6)cc5)cc4C3=O)c2c1
PIK3CA,MCF7,9,6,48,40,CCN(CC)CCNC(=O)c1cc(ccc1OC)S(C)(=O)=O,CCN(CC)CCNC(=O)c1cc(S(C)(=O)=O)ccc1OC,1,0,0,0.25396825396825395,CC(=O)Nc1nc(C)c(-c2ccc(S(C)(=O)=O)cc2)s1
PIK3CA,MCF7,9,6,48,41,COC(=O)N1N(C(=O)OC)[C@](C2CCCC2)(C1=O)c3ccccc3,COC(=O)N1C(=O)[C@@](c2ccccc2)(C2CCCC2)N1C(=O)OC,1,0,0,0.24390243902439024,COC(=O)N1CCC(n2ncc3c(N4CCOCC4)nc(-c4ccc(NC(=O)Nc5ccccc5)cc4)nc32)CC1
PIK3CA,MCF7,9,6,48,42,O=C(Nc1cccc2c1oc(cc2=O)-c1nnn[nH]1)c1ccc(OCCCCc2ccccc2)cc1,O=C(Nc1cccc2c(=O)cc(-c3nnn[nH]3)oc12)c1ccc(OCCCCc2ccccc2)cc1,1,0,0,0.26436781609195403,CNC(=O)c1nc(-c2cccc(-c3nnn[nH]3)c2)cnc1N
PIK3CA,MCF7,9,6,48,43,Cc1ccc(cc1)N(CC1=NCCN1)c1cccc(O)c1,Cc1ccc(N(CC2=NCCN2)c2cccc(O)c2)cc1,1,0,0,0.25,Oc1cccc(-c2nc(N3CCOCC3)c3nccc-3[nH]2)c1
PIK3CA,MCF7,9,6,48,44,CC(C)NC(=O)Nc1ccc2O[C@@H](CN(C)Cc3ccc(cc3)c4ccccc4)[C@H](C)CN([C@@H](C)CO)C(=O)c2c1,CC(C)NC(=O)Nc1ccc2c(c1)C(=O)N([C@@H](C)CO)C[C@@H](C)[C@H](CN(C)Cc1ccc(-c3ccccc3)cc1)O2,1,0,0,0.2978723404255319,C[C@@H]1COCCN1c1nc(-c2ccc(NC(=O)Nc3ccc(CN(C)C)cc3)cc2)nc(N2CCOC[C@H]2C)n1
PIK3CA,MCF7,9,6,48,45,Cc1cc(cc2nnc(Nc3ccc(OCCN4CCCC4)cc3)nc12)-c1cc(OC(=O)c2ccccc2)ccc1Cl,Cc1cc(-c2cc(OC(=O)c3ccccc3)ccc2Cl)cc2nnc(Nc3ccc(OCCN4CCCC4)cc3)nc12,1,0,0,0.35106382978723405,O=C(Nc1ccc(OCCN2CCCC2)cc1)Nc1ccc(-c2nc(N3C4CCC3COC4)nc(N3C4CCC3COC4)n2)cc1
PIK3CA,MCF7,9,6,48,46,COc1cc2ncn(-c3cc(OCc4ccc(cc4)S(C)(=O)=O)c(s3)C(N)=O)c2cc1OC,COc1cc2ncn(-c3cc(OCc4ccc(S(C)(=O)=O)cc4)c(C(N)=O)s3)c2cc1OC,1,0,0,0.3655913978494624,C[C@@H](Oc1cc(-n2cnc3ccc(OCC4CCN(C)CC4)cc32)sc1C(N)=O)c1ccccc1Cl
PIK3CA,MCF7,9,6,48,47,CC(C)OC(=O)c1cc2c(OCC(O)CNC(C)(C)C)cccc2[nH]1,CC(C)OC(=O)c1cc2c(OCC(O)CNC(C)(C)C)cccc2[nH]1,1,0,0,0.20212765957446807,CC(C)Oc1cc(-c2cccc3c(=O)cc(N4CCOCC4)oc23)ccc1NC(=O)CN1CCOCC1
PIK3CA,MCF7,9,6,48,48,CC(=O)Nc1ccc(OC[C@](C)(O)C(=O)Nc2ccc(c(c2)C(F)(F)F)[N+]([O-])=O)cc1,CC(=O)Nc1ccc(OC[C@](C)(O)C(=O)Nc2ccc([N+](=O)[O-])c(C(F)(F)F)c2)cc1,1,0,0,0.2564102564102564,CC(=O)Nc1nc2ccc(-c3cnc(N)c(C(F)(F)F)c3)cc2o1
PIK3CA,MCF7,9,6,48,49,COc1cc2ncnc(Nc3ccc(F)c(Cl)c3)c2cc1OC,COc1cc2ncnc(Nc3ccc(F)c(Cl)c3)c2cc1OC,1,0,1,0.29850746268656714,COc1ccc(Nc2ncc(Cl)cc2-c2nc(C)nc(N)n2)cn1
PIK3CA,MCF7,9,6,48,50,C[C@@H]1COC(Nc2ccc3ncnc(Nc4ccc(OCc5nccs5)c(Cl)c4)c3c2)=N1,C[C@@H]1COC(Nc2ccc3ncnc(Nc4ccc(OCc5nccs5)c(Cl)c4)c3c2)=N1,1,0,0,0.2920353982300885,O=C(O[C@H]1CN[C@H](C#Cc2cc3ncnc(Nc4ccc(OCc5cccc(F)c5)c(Cl)c4)c3s2)C1)N1CCOCC1
PIK3CA,MCF7,9,6,48,51,O=c1cc(oc2c3ccccc3ccc12)N1CCOCC1,O=c1cc(N2CCOCC2)oc2c1ccc1ccccc12,1,0,0,0.4727272727272727,O=c1cc(N2CCOCC2)oc2c(-c3ccco3)csc12
PIK3CA,MCF7,9,6,48,52,NCCCS(O)(=O)=O,NCCCS(=O)(=O)O,1,0,0,0.15384615384615385,NCCCC[C@H](N)C(=O)N1CCN(c2nc(N3CCOCC3)nc(-n3c(C(F)F)nc4ccccc43)n2)CC1
PIK3CA,MCF7,9,6,48,53,COc1cc2nccc(Oc3ccc(NC(=O)Nc4cc(C)on4)c(Cl)c3)c2cc1OC,COc1cc2nccc(Oc3ccc(NC(=O)Nc4cc(C)on4)c(Cl)c3)c2cc1OC,1,0,0,0.22580645161290322,COc1ccc(S(=O)(=O)N(C)c2nccc(-c3ccc4nc(NC(C)=O)sc4c3)n2)cc1
PIK3CA,MCF7,9,6,48,54,ClCCNP1(=O)OCCCN1CCCl,O=P1(NCCCl)OCCCN1CCCl,1,0,0,0.15625,O=C(Cc1nc(O)cc(N2CCOCC2)n1)Nc1ccccc1
PIK3CA,MCF7,9,6,48,55,COc1cccc(c1)c2ccc3ncnc(NCc4cccc(C)c4)c3c2,COc1cccc(-c2ccc3ncnc(NCc4cccc(C)c4)c3c2)c1,1,0,0,0.30434782608695654,COc1cccc(-c2nn(C(C)C)c3ncnc(N)c23)c1
PIK3CA,MCF7,9,6,48,56,Cc1ccc(cc1)S(=O)(=O)NC(=O)NN1CCCCCC1,Cc1ccc(S(=O)(=O)NC(=O)NN2CCCCCC2)cc1,1,0,0,0.2463768115942029,Cc1nc(NC(=O)N2CCC[C@H]2C(N)=O)sc1-c1ccc(S(C)(=O)=O)cc1
PIK3CA,MCF7,9,6,48,57,OC(=O)CCCN1CCC(CC1)O[C@@H](c1ccc(Cl)cc1)c1ccccn1,O=C(O)CCCN1CCC(O[C@@H](c2ccc(Cl)cc2)c2ccccn2)CC1,1,0,0,0.22727272727272727,O=C(Nc1ccc(OCCN2CCCC2)cc1)Nc1ccc(-c2nc(N3C4CCC3COC4)nc(N3C4CCC3COC4)n2)cc1
PIK3CA,MCF7,9,6,48,58,OC(=O)CCCc1ccc(cc1)N(CCCl)CCCl,O=C(O)CCCc1ccc(N(CCCl)CCCl)cc1,1,0,0,0.1625,CCn1ncc2c(N3CC4CCC(C3)O4)nc(-c3ccc(NC(=O)Nc4ccc(CCO)cc4)cc3)nc21
PIK3CA,MCF7,9,6,48,59,CCC(c1ccccc1)=C(/c1ccccc1)c1ccc(OCCN(C)C)cc1,CCC(=C(c1ccccc1)c1ccc(OCCN(C)C)cc1)c1ccccc1,1,0,0,0.34328358208955223,CN(C)CCOc1ccc(NC(=O)Nc2ccc(-c3nc(N4C5CCC4COC5)nc(N4C5CCC4COC5)n3)cc2)cc1
PIK3CA,MCF7,9,6,48,60,CO[C@@H]1[C@@H](OC(N)=O)[C@@H](O)[C@H](Oc2ccc3c(O)c(NC(=O)c4ccc(O)c(CC=C(C)C)c4)c(=O)oc3c2C)OC1(C)C,CO[C@@H]1[C@@H](OC(N)=O)[C@@H](O)[C@H](Oc2ccc3c(O)c(NC(=O)c4ccc(O)c(CC=C(C)C)c4)c(=O)oc3c2C)OC1(C)C,1,0,0,0.19548872180451127,CO[C@@H]1[C@H](N(C)C(=O)CCC(=O)NCCC(=O)NCCC(=O)NCCC(N)=O)C[C@H]2O[C@]1(C)n1c3ccccc3c3c4c[nH]c(O)c4c4c5ccccc5n2c4c31
PIK3CA,MCF7,9,6,48,61,CNC(=O)[C@@H](Cc1ccccc1)NC(=O)[C@@H](CC(C)C)[C@H](CSc1cccs1)C(=O)NO,CNC(=O)[C@@H](Cc1ccccc1)NC(=O)[C@@H](CC(C)C)[C@H](CSc1cccs1)C(=O)NO,1,0,0,0.2,CC(=O)Nc1nc2ccc(-c3ccnc(Cc4ccccc4)n3)cc2s1
PIK3CA,MCF7,9,6,48,62,COc1ccc(C[C@H](C)NC[C@@H](O)c2ccc(O)c(NC=O)c2)cc1,COc1ccc(C[C@H](C)NC[C@@H](O)c2ccc(O)c(NC=O)c2)cc1,1,0,0,0.20512820512820512,COc1cccc(CSc2nnc(-c3ccc(C)cc3O)o2)c1
PIK3CA,MCF7,9,6,48,63,CC(C)NC(=O)Nc1ccc2O[C@H](C)CCCCO[C@H](CN(C)C(=O)Cc3ccccc3)[C@@H](C)CN([C@H](C)CO)C(=O)c2c1,CC(C)NC(=O)Nc1ccc2c(c1)C(=O)N([C@H](C)CO)C[C@H](C)[C@@H](CN(C)C(=O)Cc1ccccc1)OCCCC[C@@H](C)O2,1,0,0,0.2782608695652174,CC(C)NC(=O)Nc1ccc(-c2nc(N3CCOCC3)c3cnn(C4CCN(Cc5ccccc5)CC4)c3n2)cc1
PIK3CA,MCF7,9,6,48,64,Oc1ccc(cc1)[C@H]1COc2cc(O)ccc2C1,Oc1ccc([C@H]2COc3cc(O)ccc3C2)cc1,1,0,0,0.225,Oc1ccc(/C=C/c2cc(O)cc(O)c2)cc1
PIK3CA,MCF7,9,6,48,65,Cn1cnc(c1)S(=O)(=O)N[C@H]1CC[C@@H](CC(=O)NCC2CCCCC2)O[C@H]1CO,Cn1cnc(S(=O)(=O)N[C@H]2CC[C@@H](CC(=O)NCC3CCCCC3)O[C@H]2CO)c1,1,0,0,0.20202020202020202,O=S(=O)(Nc1cc(-c2ccc3ncc(NCC4CCCCC4)nc3c2)cnc1Cl)c1ccc(F)cc1
PIK3CA,MCF7,9,6,48,66,COC(=O)c1c(C)[nH]c(C)c1C(=O)c1ccccc1Cc1ccccc1,COC(=O)c1c(C)[nH]c(C)c1C(=O)c1ccccc1Cc1ccccc1,1,0,0,0.2222222222222222,CC(=O)Nc1nc2ccc(-c3ccnc(Cc4ccccc4)n3)cc2s1
PIK3CA,MCF7,9,6,48,67,CN1C2CCCC1CC(C2)NC(=O)c1nn(C)c2ccccc12,CN1C2CCCC1CC(NC(=O)c1nn(C)c3ccccc13)C2,1,0,0,0.24324324324324326,CNC(=O)c1cccc2c1nc(C(F)F)n2-c1nc(N2CCOCC2)nc(N2CCOCC2)n1
PIK3CA,MCF7,9,6,48,68,CCN[C@@H](C)Cc1cccc(c1)C(F)(F)F,CCN[C@@H](C)Cc1cccc(C(F)(F)F)c1,1,0,0,0.20253164556962025,CC(=O)Nc1nc2ccc(-c3cnc(Cl)c(NS(=O)(=O)c4cccc(C(F)(F)F)c4)c3)cc2s1
PIK3CA,MCF7,9,6,48,69,Clc1cccc(C=NC=Nc2cccc(Cl)c2)c1,Clc1cccc(C=NC=Nc2cccc(Cl)c2)c1,1,0,0,0.19672131147540983,Oc1cc(N2CCOCC2)nc(NCc2cccc(Cl)c2)n1
PIK3CA,MCF7,9,6,48,70,CC(C)NC(=O)N(C)C[C@@H]1OCCCC[C@@H](C)Oc2ccc(NC(=O)CCC(F)(F)F)cc2C(=O)N(C[C@@H]1C)[C@H](C)CO,CC(C)NC(=O)N(C)C[C@@H]1OCCCC[C@@H](C)Oc2ccc(NC(=O)CCC(F)(F)F)cc2C(=O)N([C@H](C)CO)C[C@@H]1C,1,0,0,0.2072072072072072,CC(=O)Nc1cccc(-c2ccc3c(c2)CN(C(=O)c2ccc(C(=O)C(F)(F)F)cc2)CCO3)c1
PIK3CA,MCF7,9,6,48,71,CC(C)Oc1ccc(cc1Cl)C(=O)N[C@H](CNC(=O)CN(C)C)Cc1ccc(cc1)-c1cn2cccc([C@H](C)O)c2n1,CC(C)Oc1ccc(C(=O)N[C@H](CNC(=O)CN(C)C)Cc2ccc(-c3cn4cccc([C@H](C)O)c4n3)cc2)cc1Cl,1,0,0,0.24324324324324326,CC(C)Oc1nc(-c2ccc(NC(=O)Nc3ccc(C(=O)NCCN(C)C)cc3)cc2)nc(N2CCOCC2)n1
PIK3CA,MCF7,9,6,48,72,COc1cc(Nc2ncc(F)c(Nc3ccc4OC(C)(C)C(=O)Nc4n3)n2)cc(OC)c1OC,COc1cc(Nc2ncc(F)c(Nc3ccc4c(n3)NC(=O)C(C)(C)O4)n2)cc(OC)c1OC,1,0,0,0.20253164556962025,COc1ccc(-c2ccnc(Nc3ccc(Cl)cc3)n2)cc1
PIK3CA,MCF7,9,6,48,73,Clc1cccc(c1)N1CCN(CCCn2nc3ccccn3c2=O)CC1,O=c1n(CCCN2CCN(c3cccc(Cl)c3)CC2)nc2ccccn12,1,0,0,0.23376623376623376,O=c1cc(N2CCOCC2)nc2n(Cc3ccc(F)c(Cl)c3)ccn12
PIK3CA,MCF7,9,6,48,74,COc1cccc(c1)S(=O)(=O)Nc2ccc3O[C@@H]4[C@@H](C[C@H](CC(=O)N5CCCCC5)O[C@H]4CO)c3c2,COc1cccc(S(=O)(=O)Nc2ccc3c(c2)[C@@H]2C[C@H](CC(=O)N4CCCCC4)O[C@@H](CO)[C@@H]2O3)c1,1,0,0,0.2621359223300971,COc1cc(Nc2nc3ccccc3nc2NS(=O)(=O)c2cccc(NC(=O)c3ccc(C)c(OC)c3)c2)cc(OC)c1
PIK3CA,MCF7,9,6,48,75,C[C@H](CO)N1C[C@@H](C)[C@@H](CN(C)C(=O)NC2CCCCC2)OCCCC[C@H](C)Oc3ccc(NC(=O)C4CCCCC4)cc3C1=O,C[C@@H]1CN([C@H](C)CO)C(=O)c2cc(NC(=O)C3CCCCC3)ccc2O[C@@H](C)CCCCO[C@@H]1CN(C)C(=O)NC1CCCCC1,1,0,1,0.21052631578947367,CN(Cc1cccnc1)C(=O)C1CCN(c2ccnc3c2c(/C=C2\Oc4ccc(NC(=O)Nc5cccnc5)cc4C2=O)cn3C)CC1
PIK3CA,MCF7,9,6,48,76,Oc1ccc(cc1)[C@H]1COc2cc(O)ccc2C1,Oc1ccc([C@H]2COc3cc(O)ccc3C2)cc1,1,1,0,0.225,Oc1ccc(/C=C/c2cc(O)cc(O)c2)cc1
PIK3CA,MCF7,9,6,48,77,COCC(=O)Nc1ccc2c(OC[C@@H](C)N(C)C[C@H](C)[C@H](CN(C)C2=O)OC)c1,COCC(=O)Nc1ccc2c(c1)OC[C@@H](C)N(C)C[C@H](C)[C@@H](OC)CN(C)C2=O,1,0,0,0.24175824175824176,COC(=O)c1cc(NC(=O)Cc2nc(N3CCOCC3)cc(=O)[nH]2)ccc1F
PIK3CA,MCF7,9,6,48,78,CC(C)N(CCCNC(=O)Nc1ccc(cc1)C(C)(C)C)C[C@H]1O[C@H](C(O)[C@H]1O)n1cnc2c(N)ncnc12,CC(C)N(CCCNC(=O)Nc1ccc(C(C)(C)C)cc1)C[C@H]1O[C@@H](n2cnc3c(N)ncnc32)C(O)[C@H]1O,1,0,0,0.25225225225225223,CCn1nnc2c(N3CCOCC3)nc(-c3ccc(NC(=O)Nc4ccc(C(=O)NCCCN(C)C)cc4)cc3)nc21
PIK3CA,MCF7,9,6,48,79,CCN1C[C@]2(C)CC[C@H](O)[C@]3([C@@H]2C[C@H]4C13)[C@@H]5C[C@H](O)[C@H]6C[C@]45[C@H](O)C6=C,C=C1[C@@H](O)[C@]23C[C@@H]1[C@@H](O)C[C@H]2[C@@]12C4[C@@H]3C[C@@H]1[C@@](C)(CC[C@@H]2O)CN4CC,1,0,0,0.15306122448979592,COC[C@H]1OC(=O)c2coc3c2[C@@]1(C)C1=C(OC(C)=O)C[C@]2(C)[C@@H](O)CC[C@H]2C1C3=O
PIK3CA,MCF7,9,6,48,80,CN(C)C(=O)Cc1c(nc2ccc(C)cn12)-c1ccc(C)cc1,Cc1ccc(-c2nc3ccc(C)cn3c2CC(=O)N(C)C)cc1,1,0,0,0.24615384615384617,CC(=O)Nc1nc2ccc(-c3sc(C)nc3C)cn2n1
PIK3CA,MCF7,9,6,48,81,COc1cc2CC(CC3CCN(Cc4ccccc4)CC3)C(=O)c2cc1OC,COc1cc2c(cc1OC)C(=O)C(CC1CCN(Cc3ccccc3)CC1)C2,1,0,0,0.28888888888888886,CONC(=O)Nc1ccc(-c2nc(N3CCOCC3)c3cnn(C4CCN(Cc5ccccc5)CC4)c3n2)cc1
PIK3CA,MCF7,9,6,48,82,COc1ccccc1CNC(=O)C[C@@H]2C[C@@H]3[C@@H](Oc4ccc(cc34)N(C)C)[C@@H](CO)O2,COc1ccccc1CNC(=O)C[C@@H]1C[C@H]2c3cc(N(C)C)ccc3O[C@H]2[C@@H](CO)O1,1,0,0,0.24719101123595505,COc1ccccc1N(C)C(=O)c1cc2c(s1)-c1ccccc1OC2
PIK3CA,MCF7,9,6,48,83,CC(C)(C)c1cc(c(NC(=O)c2c[nH]c3ccccc3c2=O)cc1O)C(C)(C)C,CC(C)(C)c1cc(C(C)(C)C)c(NC(=O)c2c[nH]c3ccccc3c2=O)cc1O,1,0,0,0.29411764705882354,O=C1/C(=C/c2c[nH]c3ccccc23)Oc2cc(O)cc(O)c21
PIK3CA,MCF7,9,6,48,84,CCOCCn1c(nc2ccccc12)N1CCCN(C)CC1,CCOCCn1c(N2CCCN(C)CC2)nc2ccccc21,1,0,0,0.3,CCn1c(Cc2nc(O)cc(N3CCOCC3)n2)nc2ccccc21
PIK3CA,MCF7,9,6,48,85,CNc1cc(OC)c(cc1Cl)C(=O)N[C@@H]1CCN(Cc2ccccc2)[C@@H]1C.CNc1cc(OC)c(cc1Cl)C(=O)N[C@H]1CCN(Cc2ccccc2)[C@H]1C,CNc1cc(OC)c(C(=O)N[C@@H]2CCN(Cc3ccccc3)[C@@H]2C)cc1Cl.CNc1cc(OC)c(C(=O)N[C@H]2CCN(Cc3ccccc3)[C@H]2C)cc1Cl,1,0,0,0.24242424242424243,CONC(=O)Nc1ccc(-c2nc(N3CCOCC3)c3cnn(C4CCN(Cc5ccccc5)CC4)c3n2)cc1
PIK3CA,MCF7,9,6,48,86,OCC#CCSc1nnc(o1)c2cccc3ccccc23,OCC#CCSc1nnc(-c2cccc3ccccc23)o1,1,0,0,0.3230769230769231,COc1cccc(CSc2nnc(-c3ccc(C)cc3O)o2)c1
PIK3CA,MCF7,9,6,48,87,CC[C@H](NC(=O)c1c(O)c(nc2ccccc12)-c1ccccc1)c1ccccc1,CC[C@H](NC(=O)c1c(O)c(-c2ccccc2)nc2ccccc12)c1ccccc1,1,0,0,0.21686746987951808,CCn1ncc2c(N3CC4CCC(C3)O4)nc(-c3ccc(NC(=O)Nc4ccccc4)cc3)nc21
PIK3CA,MCF7,9,6,48,88,O=C(O[C@H]1CN2CCC1CC2)C1NCc2ccccc2[C@@H]1c1ccccc1,O=C(O[C@H]1CN2CCC1CC2)C1NCc2ccccc2[C@@H]1c1ccccc1,1,0,0,0.1951219512195122,CC1CN(C(=O)Cc2nc(O)cc(N3CCOCC3)n2)c2ccccc21
PIK3CA,MCF7,9,6,48,89,Nc1cccc2C(=O)N(C3CCC(=O)NC3=O)C(=O)c12,Nc1cccc2c1C(=O)N(C1CCC(=O)NC1=O)C2=O,1,0,0,0.21428571428571427,Nc1ncnc2c1c(-c1cccc3[nH]ccc13)nn2C1CCCC1
PIK3CA,MCF7,9,6,48,90,C[C@@H]1O[C@H](O[C@@H]2[C@H](CO)O[C@H](O[C@@H]3[C@H](CO)O[C@@H](O)[C@H](O)[C@H]3O)[C@H](O)[C@H]2O)[C@H](O)[C@@H](O)[C@@H]1N[C@H]1C=C(CO)[C@@H](O)[C@H](O)[C@@H]1O,C[C@@H]1O[C@H](O[C@H]2[C@H](O)[C@@H](O)[C@@H](O[C@H]3[C@H](O)[C@@H](O)[C@H](O)O[C@H]3CO)O[C@H]2CO)[C@H](O)[C@@H](O)[C@@H]1N[C@H]1C=C(CO)[C@@H](O)[C@H](O)[C@@H]1O,1,0,0,0.14583333333333334,CCn1ncc2c(N3CC4CCC(C3)O4)nc(-c3ccc(NC(=O)Nc4ccc(CO)cc4)cc3)nc21
PIK3CA,MCF7,9,6,48,91,Oc1ccc(cc1)C=Cc1cc(O)cc(O)c1,Oc1ccc(C=Cc2cc(O)cc(O)c2)cc1,1,0,0,1.0,Oc1ccc(/C=C/c2cc(O)cc(O)c2)cc1
PIK3CA,MCF7,9,6,48,92,Cc1nc2CCN(C(=O)c3ccc(NC(=O)c4ccccc4-c4ccccc4)cc3)c3ccccc3-c2[nH]1,Cc1nc2c([nH]1)-c1ccccc1N(C(=O)c1ccc(NC(=O)c3ccccc3-c3ccccc3)cc1)CC2,1,0,0,0.28,O=C(Nc1ccccc1)Nc1ccc(-c2nc(N3CCOCC3)nc(N3CCOCC3)n2)cc1
PIK3CA,MCF7,9,6,48,93,Cc1cc(=O)c2c(O)cc(O)c(C)c2o1,Cc1cc(=O)c2c(O)cc(O)c(C)c2o1,1,0,0,0.20689655172413793,Cc1ccc(O)c(-c2ccc(/C=C3\SC(=O)NC3=O)o2)c1
PIK3CA,MCF7,9,6,48,94,CN(C)c1nc(nc(n1)N(C)C)N(C)C,CN(C)c1nc(N(C)C)nc(N(C)C)n1,1,0,0,0.14583333333333334,CN(C)c1cccc2c1nc(C(F)F)n2-c1nc(N2CCOCC2)nc(N2CCOCC2)n1
PIK3CA,MCF7,9,6,48,95,OCC1O[C@H](C[C@@H]1O)n1cc(I)c(=O)[nH]c1=O,O=c1[nH]c(=O)n([C@H]2C[C@H](O)C(CO)O2)cc1I,1,0,0,0.15853658536585366,Cc1c(Cl)cccc1Cn1c(=S)[nH]c(=O)c2sc(N3CCOCC3)nc21
PIK3CA,MCF7,9,6,48,96,CCOC(=O)N1CCC(CC1)=C1c2ccc(Cl)cc2CCc2cccnc12,CCOC(=O)N1CCC(=C2c3ccc(Cl)cc3CCc3cccnc32)CC1,1,0,0,0.25301204819277107,CN(C(=O)c1cc2c(s1)-c1ncccc1OCC2)c1ccccc1Cl
PIK3CA,MCF7,9,6,48,97,COc1cc2c(C(=O)N(COc3cc(=O)n4cccc(OCCN5CCCCC5)c4n3)S2(=O)=O)c(c1)C(C)C,COc1cc(C(C)C)c2c(c1)S(=O)(=O)N(COc1cc(=O)n3cccc(OCCN4CCCCC4)c3n1)C2=O,1,0,0,0.23958333333333334,COc1cccc(Nc2nc(N3CCCCC3)nc3c2cnn3C)c1
PIK3CA,MCF7,9,6,48,98,CC(C)COc1ccc(cc1C#N)-c1nc(C)c(s1)C(O)=O,Cc1nc(-c2ccc(OCC(C)C)c(C#N)c2)sc1C(=O)O,1,0,0,0.25333333333333335,CC(C)n1nc(-c2ccc(C#N)c(O)c2)c2c(N)ncnc21
PIK3CA,MCF7,9,6,48,99,CCCCCCN(CCCCCC)C(=O)Cc1c([nH]c2ccc(Cl)cc12)-c1ccc(Cl)cc1,CCCCCCN(CCCCCC)C(=O)Cc1c(-c2ccc(Cl)cc2)[nH]c2ccc(Cl)cc12,1,0,0,0.28378378378378377,O=C1/C(=C/c2c(-c3ccc(Cl)cc3)[nH]c3ccccc23)Oc2cc(O)cc(O)c21
SMAD3,MCF7,9,4,46,0,COc1ccccc1N1CCN(CC(O)COc2cccc3ccccc23)CC1,COc1ccccc1N1CCN(CC(O)COc2cccc3ccccc23)CC1,1,0,0,0.6428571428571429,COc1ccccc1N1CCN(CC(O)COc2ccc(C)c(C)c2)CC1
SMAD3,MCF7,9,4,46,1,CCN1CCN(Cc2ccc(cc2)-c2cc3c(N[C@H](C)c4ccccc4)ncnc3[nH]2)CC1,CCN1CCN(Cc2ccc(-c3cc4c(N[C@H](C)c5ccccc5)ncnc4[nH]3)cc2)CC1,1,0,0,0.3333333333333333,CCOc1ccc(CN2CCN(Cc3ccc4c(c3)c3ccccc3n4CC)CC2)cc1
SMAD3,MCF7,9,4,46,2,CCC(C)n1ncn(c2ccc(cc2)N3CCN(CC3)c4ccc(OCC5COC(Cn6cncn6)(O5)c7ccc(Cl)cc7Cl)cc4)c1=O,CCC(C)n1ncn(-c2ccc(N3CCN(c4ccc(OCC5COC(Cn6cncn6)(c6ccc(Cl)cc6Cl)O5)cc4)CC3)cc2)c1=O,1,0,0,0.26262626262626265,COc1ccc(NC(=O)CN2CCN(c3ccc(Cl)cc3)CC2)c(OC)c1
SMAD3,MCF7,9,4,46,3,CC(C)NC(=O)Nc1ccc2O[C@H](CN(C)CC3CC3)[C@H](C)CN([C@H](C)CO)C(=O)Cc2c1,CC(C)NC(=O)Nc1ccc2c(c1)CC(=O)N([C@H](C)CO)C[C@@H](C)[C@@H](CN(C)CC1CC1)O2,1,0,0,0.6125,C[C@H]1CN([C@@H](C)CO)C(=O)c2cc(NC(=O)C3CCCCC3)ccc2O[C@H]1CN(C)CC1CCCCC1
SMAD3,MCF7,9,4,46,4,COc1ccc2n(CC(=O)N3CCC(Cc4ccccc4)CC3)c3c(nc4SCCn4c3=O)c2c1,COc1ccc2c(c1)c1nc3n(c(=O)c1n2CC(=O)N1CCC(Cc2ccccc2)CC1)CCS3,1,0,0,0.6710526315789473,COc1ccc2c(c1)c1nc3n(c(=O)c1n2CC(=O)Nc1ccccc1)CCS3
SMAD3,MCF7,9,4,46,5,CC(C)(OCc1nn(Cc2ccccc2)c2ccccc12)C(O)=O,CC(C)(OCc1nn(Cc2ccccc2)c2ccccc12)C(=O)O,1,0,0,0.36923076923076925,CCN(CC)CCNC(=O)Cc1nn(Cc2ccccc2)c(=O)c2ccccc12
SMAD3,MCF7,9,4,46,6,COc1ccc2c3c([C@H](CO)N(C)C[C@]33CCN(CC3)C(=O)c3ccccc3F)n(C)c2c1,COc1ccc2c3c(n(C)c2c1)[C@H](CO)N(C)CC31CCN(C(=O)c2ccccc2F)CC1,1,0,0,0.38271604938271603,COc1ccc(-c2nnc(C3CCN(C(=O)c4ccccc4F)CC3)o2)cc1
SMAD3,MCF7,9,4,46,7,CNC[C@H]1Oc2c(NC(=O)NC(C)C)cccc2C(=O)N(C[C@H]1C)[C@H](C)CO,CNC[C@H]1Oc2c(NC(=O)NC(C)C)cccc2C(=O)N([C@H](C)CO)C[C@H]1C,1,0,0,0.6164383561643836,C[C@H](CO)N1C[C@H](C)[C@@H](CN(C)C(=O)Nc2ccccc2)Oc2c(NC(=O)Nc3ccccc3)cccc2C1=O
SMAD3,MCF7,9,4,46,8,C[C@@H](CO)N1C[C@@H](C)[C@@H](CN(C)C(=O)NC2CCCCC2)Oc3c(cccc3C1=O)N(C)C,C[C@@H]1CN([C@@H](C)CO)C(=O)c2cccc(N(C)C)c2O[C@@H]1CN(C)C(=O)NC1CCCCC1,1,0,0,0.6571428571428571,C[C@H](CO)N1C[C@H](C)[C@H](CN(C)S(C)(=O)=O)Oc2c(cccc2N(C)C)C1=O
SMAD3,MCF7,9,4,46,9,O=C1N(CCCCN2CCN(CC2)c2ncccn2)S(=O)(=O)c2ccccc12,O=C1c2ccccc2S(=O)(=O)N1CCCCN1CCN(c2ncccn2)CC1,1,0,0,0.36666666666666664,CC(C)C(NC(=O)CN1C(=O)c2ccccc2S1(=O)=O)C(C)C
SMAD3,MCF7,9,4,46,10,OC[C@@H]1O[C@H](CC(=O)Nc2ccccc2)CC[C@H]1NC(=O)C1CC1,O=C(C[C@@H]1CC[C@@H](NC(=O)C2CC2)[C@H](CO)O1)Nc1ccccc1,1,0,0,0.3918918918918919,O=C(C[C@H]1C[C@@H]2c3cc(NC(=O)C4CCC4)ccc3O[C@@H]2[C@H](CO)O1)NC1CCCCC1
SMAD3,MCF7,9,4,46,11,CC(C)(C)[S@@](=O)N1Cc2cc(nc(c2[C@H]1CCO)-c1cccc(c1)-c1ccncc1)C(=O)NCCc1ccncc1,CC(C)(C)[S@@](=O)N1Cc2cc(C(=O)NCCc3ccncc3)nc(-c3cccc(-c4ccncc4)c3)c2[C@H]1CCO,1,0,0,0.2696629213483146,COc1ccc(-c2cc(C(=O)NCCc3ccccc3)no2)cc1OC
SMAD3,MCF7,9,4,46,12,CN1CCCCN2[C@@H](CO)[C@@H]([C@@H]2C1)c1ccc(cc1)-c1ccc(F)cc1,CN1CCCCN2[C@@H](CO)[C@H](c3ccc(-c4ccc(F)cc4)cc3)[C@@H]2C1,1,0,0,0.31666666666666665,OC[C@@H]1[C@@H](c2ccccc2)C(c2ccc(F)cc2)=NN1c1ccccc1
SMAD3,MCF7,9,4,46,13,OC[C@H]1O[C@@H](CCNC(=O)c2ccc(F)cc2)CC[C@H]1NS(=O)(=O)c1ccccc1F,O=C(NCC[C@H]1CC[C@@H](NS(=O)(=O)c2ccccc2F)[C@@H](CO)O1)c1ccc(F)cc1,1,0,0,0.3333333333333333,O=C(NC1CC1)c1ccc(NS(=O)(=O)c2ccc(F)cc2)cc1
SMAD3,MCF7,9,4,46,14,CCOC(=O)[C@H](CCc1ccccc1)N[C@@H](C)C(=O)N1Cc2ccccc2C[C@H]1C(O)=O,CCOC(=O)[C@H](CCc1ccccc1)N[C@@H](C)C(=O)N1Cc2ccccc2C[C@H]1C(=O)O,1,0,0,0.4642857142857143,CC(=O)N1Cc2ccccc2CC1C(=O)O
SMAD3,MCF7,9,4,46,15,C[C@H](CO)N1C[C@@H](C)[C@H](CN(C)S(=O)(=O)c2ccc(Cl)cc2)OCCCC[C@@H](C)Oc3ccc(NC(=O)Nc4c(C)noc4C)cc3C1=O,Cc1noc(C)c1NC(=O)Nc1ccc2c(c1)C(=O)N([C@H](C)CO)C[C@@H](C)[C@H](CN(C)S(=O)(=O)c1ccc(Cl)cc1)OCCCC[C@@H](C)O2,1,0,1,0.8020833333333334,C[C@@H]1CN([C@H](C)CO)C(=O)c2cc(NC(=O)Nc3ccc(F)cc3)ccc2O[C@@H](C)CCCCO[C@H]1CN(C)S(=O)(=O)c1ccc(Cl)cc1
SMAD3,MCF7,9,4,46,16,CC(C)NC(=O)Nc1ccc2O[C@@H](CN(C)C)[C@@H](C)CN([C@@H](C)CO)C(=O)Cc2c1,CC(C)NC(=O)Nc1ccc2c(c1)CC(=O)N([C@@H](C)CO)C[C@H](C)[C@H](CN(C)C)O2,1,0,0,0.6296296296296297,CC(C)NC(=O)N(C)C[C@H]1Oc2ccc(NS(=O)(=O)c3ccc(Cl)cc3)cc2CC(=O)N([C@@H](C)CO)C[C@@H]1C
SMAD3,MCF7,9,4,46,17,C[C@H](CO)N1C[C@@H](C)[C@H](CN(C)S(=O)(=O)c2ccc(Cl)cc2)OCCCC[C@H](C)Oc3ccc(NC(=O)Nc4c(C)noc4C)cc3C1=O,Cc1noc(C)c1NC(=O)Nc1ccc2c(c1)C(=O)N([C@H](C)CO)C[C@@H](C)[C@H](CN(C)S(=O)(=O)c1ccc(Cl)cc1)OCCCC[C@H](C)O2,1,0,0,0.8020833333333334,C[C@@H]1CN([C@H](C)CO)C(=O)c2cc(NC(=O)Nc3ccc(F)cc3)ccc2O[C@@H](C)CCCCO[C@H]1CN(C)S(=O)(=O)c1ccc(Cl)cc1
SMAD3,MCF7,9,4,46,18,Cc1ccc(CN2C(=O)[C@H]3Cc4c([nH]c5ccccc45)C(C)(C)N3C2=O)cc1,Cc1ccc(CN2C(=O)[C@H]3Cc4c([nH]c5ccccc45)C(C)(C)N3C2=O)cc1,1,0,0,0.38028169014084506,CCCCN1C(=O)C2Cc3c([nH]c4ccccc34)CN2C1=S
SMAD3,MCF7,9,4,46,19,COc1ccc(CN(C)C[C@@H]2OCCCC[C@H](C)Oc3ccc(NC(=O)C4CCCCC4)cc3C(=O)N(C[C@H]2C)[C@H](C)CO)cc1,COc1ccc(CN(C)C[C@@H]2OCCCC[C@H](C)Oc3ccc(NC(=O)C4CCCCC4)cc3C(=O)N([C@H](C)CO)C[C@H]2C)cc1,1,0,0,0.7,COc1ccc(NC(=O)N(C)C[C@H]2Oc3ccc(NC(=O)C4CCCCC4)cc3C(=O)N([C@H](C)CO)C[C@@H]2C)cc1
SMAD3,MCF7,9,4,46,20,CCCNC(=O)N1[C@H](CO)[C@H]([C@H]1C#N)c1ccc(cc1)C1=CCCCC1,CCCNC(=O)N1[C@H](C#N)[C@H](c2ccc(C3=CCCCC3)cc2)[C@H]1CO,1,0,0,0.3058823529411765,CCCNC(=O)N1[C@@H]2C=C(c3ccc(-c4ccccc4)c(F)c3)C(C(=O)OC)[C@H]1CC2
SMAD3,MCF7,9,4,46,21,CC(C)CN(C[C@@H](O)[C@H](Cc1ccccc1)NC(=O)O[C@H]1CO[C@H]2OCC[C@@H]12)S(=O)(=O)c1ccc(N)cc1,CC(C)CN(C[C@@H](O)[C@H](Cc1ccccc1)NC(=O)O[C@H]1CO[C@H]2OCC[C@H]21)S(=O)(=O)c1ccc(N)cc1,1,0,0,0.30851063829787234,Cc1ccc(S(=O)(=O)N(CC(=O)NCC2CCCO2)Cc2cccc(C)c2)cc1
SMAD3,MCF7,9,4,46,22,CN(C)C(=O)Oc1ccc[n+](C)c1,CN(C)C(=O)Oc1ccc[n+](C)c1,1,0,0,0.3269230769230769,CN(C)C(=O)Oc1ccc2nnc3ccnn3c2c1
SMAD3,MCF7,9,4,46,23,C[C@H](CO)N1C[C@H](C)[C@H](CN(C)CC2CC2)OCCCC[C@H](C)Oc3ccc(NC(=O)Nc4ccccc4)cc3C1=O,C[C@H](CO)N1C[C@H](C)[C@H](CN(C)CC2CC2)OCCCC[C@H](C)Oc2ccc(NC(=O)Nc3ccccc3)cc2C1=O,1,0,0,0.8023255813953488,C[C@@H]1CCCCO[C@@H](CN(C)Cc2ccc(Cl)c(Cl)c2)[C@@H](C)CN([C@H](C)CO)C(=O)c2cc(NC(=O)Nc3ccccc3)ccc2O1
SMAD3,MCF7,9,4,46,24,CN1CCc2c(Cc3ccccc3CC1)[nH]c4ccccc24,CN1CCc2ccccc2Cc2[nH]c3ccccc3c2CC1,1,0,0,0.38181818181818183,O=c1c2ccccc2[nH]c(=S)n1CCN1CCc2ccccc2C1
SMAD3,MCF7,9,4,46,25,COc1ccc(cc1)S(=O)(=O)N(C)C[C@@H]2Oc3c(NC(=O)Nc4ccccc4)cccc3C(=O)N(C[C@@H]2C)[C@@H](C)CO,COc1ccc(S(=O)(=O)N(C)C[C@@H]2Oc3c(NC(=O)Nc4ccccc4)cccc3C(=O)N([C@@H](C)CO)C[C@@H]2C)cc1,1,0,0,0.9466666666666667,COc1ccc(NC(=O)Nc2cccc3c2O[C@H](CN(C)S(=O)(=O)c2ccccc2)[C@@H](C)CN([C@H](C)CO)C3=O)cc1
SMAD3,MCF7,9,4,46,26,CNC[C@H]1Oc2ncc(Br)cc2C(=O)N(C[C@H]1C)[C@H](C)CO,CNC[C@H]1Oc2ncc(Br)cc2C(=O)N([C@H](C)CO)C[C@H]1C,1,0,0,0.41333333333333333,C[C@H](CO)N1C[C@H](C)[C@H](CN(C)S(C)(=O)=O)Oc2c(cccc2N(C)C)C1=O
SMAD3,MCF7,9,4,46,27,CN(C)C(=O)c1cccc(c1)-c1ccc(cc1)[C@@H]1[C@@H](CO)N2CCCCN(Cc3ccncc3)C[C@H]12,CN(C)C(=O)c1cccc(-c2ccc([C@@H]3[C@@H](CO)N4CCCCN(Cc5ccncc5)C[C@H]34)cc2)c1,1,0,1,0.3493975903614458,O=C(c1ccc2c3c(cccc13)CC2)C1CCCN(Cc2ccncc2)C1
SMAD3,MCF7,9,4,46,28,CN(C)CCC=C1/c2ccccc2CSc2ccccc12,CN(C)CCC=C1c2ccccc2CSc2ccccc21,1,0,0,1.0,CN(C)CC/C=C1\c2ccccc2CSc2ccccc21
SMAD3,MCF7,9,4,46,29,C[C@H](CO)N1C[C@@H](C)[C@H](CN(C)Cc2ccc(Cl)c(Cl)c2)Oc3ccc(NS(=O)(=O)C)cc3CC1=O,C[C@@H]1CN([C@H](C)CO)C(=O)Cc2cc(NS(C)(=O)=O)ccc2O[C@H]1CN(C)Cc1ccc(Cl)c(Cl)c1,1,0,0,0.6588235294117647,C[C@@H]1CN([C@@H](C)CO)C(=O)Cc2cc(NS(=O)(=O)c3ccccc3)ccc2O[C@H]1CN(C)Cc1ccncc1
SMAD3,MCF7,9,4,46,30,C[C@H](CO)N1C[C@@H](C)[C@@H](CN(C)S(=O)(=O)c2ccc(C)cc2)Oc2ncc(cc2C1=O)C1=CC(=O)CCC1,Cc1ccc(S(=O)(=O)N(C)C[C@H]2Oc3ncc(C4=CC(=O)CCC4)cc3C(=O)N([C@H](C)CO)C[C@H]2C)cc1,1,0,1,0.5057471264367817,C[C@H](CO)N1C[C@H](C)[C@@H](CN(C)S(=O)(=O)c2ccccc2)Oc2c(cccc2N(C)C)C1=O
SMAD3,MCF7,9,4,46,31,Cc1cccc(Nc2cc(Cl)nc(SCC(O)=O)n2)c1C,Cc1cccc(Nc2cc(Cl)nc(SCC(=O)O)n2)c1C,1,0,0,0.375,Cc1cc(SCC(=O)O)nc2ccccc12
SMAD3,MCF7,9,4,46,32,C[C@@H](CO)N1C[C@H](C)[C@H](CN(C)Cc2ccc(Cl)c(Cl)c2)Oc3ccc(NC(=O)c4ccncc4)cc3C1=O,C[C@H]1CN([C@@H](C)CO)C(=O)c2cc(NC(=O)c3ccncc3)ccc2O[C@H]1CN(C)Cc1ccc(Cl)c(Cl)c1,1,0,0,0.6559139784946236,C[C@@H]1CCCCO[C@@H](CN(C)Cc2ccc(Cl)c(Cl)c2)[C@@H](C)CN([C@H](C)CO)C(=O)c2cc(NC(=O)Nc3ccccc3)ccc2O1
SMAD3,MCF7,9,4,46,33,Nc1nc(Cl)nc2n(cnc12)[C@H]1C[C@H](O)[C@@H](CO)O1,Nc1nc(Cl)nc2c1ncn2[C@H]1C[C@H](O)[C@@H](CO)O1,1,0,0,0.5555555555555556,Nc1nc(Cl)nc2c1ncn2C1OCC(O)C(O)C1O
SMAD3,MCF7,9,4,46,34,O=c1onc2cnc3ccccc3n12,O=c1onc2cnc3ccccc3n12,1,0,0,0.34,CCOC(=O)Cn1c(=O)cnc2ccccc21
SMAD3,MCF7,9,4,46,35,COc1ccc(CNC(=O)c2cc3CN([C@@H](CCO)c3c(n2)-c2cccc(c2)-c2cccc(c2)C#N)[S@@](=O)C(C)(C)C)cc1,COc1ccc(CNC(=O)c2cc3c(c(-c4cccc(-c5cccc(C#N)c5)c4)n2)[C@H](CCO)N([S@@](=O)C(C)(C)C)C3)cc1,1,0,0,0.31313131313131315,COc1cccc(-c2nn(C)c3sc(C(=O)NCc4ccc(C)cc4)cc23)c1
SMAD3,MCF7,9,4,46,36,Cc1cccc(CN2C(=O)[C@@H]3Cc4c([nH]c5ccccc45)C(C)(C)N3C2=O)c1,Cc1cccc(CN2C(=O)[C@@H]3Cc4c([nH]c5ccccc45)C(C)(C)N3C2=O)c1,1,0,0,0.36486486486486486,CCCCN1C(=O)C2Cc3c([nH]c4ccccc34)CN2C1=S
SMAD3,MCF7,9,4,46,37,C[C@H](C=C[C@H](C)C(C)(C)O)[C@H]1CC[C@@H]2[C@]1(C)CCCC2=C/C=C1/C[C@@H](O)C[C@H](O)C1=C,C=C1/C(=C\C=C2CCC[C@]3(C)[C@@H]([C@H](C)C=C[C@H](C)C(C)(C)O)CC[C@@H]23)C[C@@H](O)C[C@@H]1O,1,0,0,0.18604651162790697,C=C1C(=O)[C@]23C[C@H]1CCC2[C@]1(C)C(=O)CC[C@@](C)(C(=O)O)C1C[C@@H]3O
SMAD3,MCF7,9,4,46,38,COc1ccc(CN(C)C[C@@H]2OCCCC[C@H](C)Oc3ccc(NC(=O)Nc4ccc(cc4)C(F)(F)F)cc3C(=O)N(C[C@H]2C)[C@@H](C)CO)cc1,COc1ccc(CN(C)C[C@@H]2OCCCC[C@H](C)Oc3ccc(NC(=O)Nc4ccc(C(F)(F)F)cc4)cc3C(=O)N([C@@H](C)CO)C[C@H]2C)cc1,1,0,0,0.797752808988764,C[C@@H]1CCCCO[C@H](CN(C)C)[C@H](C)CN([C@@H](C)CO)C(=O)c2cc(NC(=O)Nc3ccc(C(F)(F)F)cc3)ccc2O1
SMAD3,MCF7,9,4,46,39,CCNC(=O)c1cc2CN([C@@H](CCO)c2c(n1)-c1cccc(c1)-c1cccc(OC)c1)[S@@](=O)C(C)(C)C,CCNC(=O)c1cc2c(c(-c3cccc(-c4cccc(OC)c4)c3)n1)[C@H](CCO)N([S@@](=O)C(C)(C)C)C2,1,0,0,0.3218390804597701,CCNC(=S)N1CCN(c2nc(-c3cccc(OC)c3)cs2)CC1
SMAD3,MCF7,9,4,46,40,CC(C)(O)CC(=O)NCCn1ccc2ncnc(Nc3ccc(Oc4cccc(c4)C(F)(F)F)c(Cl)c3)c12,CC(C)(O)CC(=O)NCCn1ccc2ncnc(Nc3ccc(Oc4cccc(C(F)(F)F)c4)c(Cl)c3)c21,1,0,0,0.34782608695652173,CCOC(=O)c1c(C)oc2ncnc(Nc3cccc(C(F)(F)F)c3)c12
SMAD3,MCF7,9,4,46,41,OC[C@H]1O[C@@H](CCNC(=O)c2cnccn2)CC[C@@H]1NC(=O)C1CCC1,O=C(NCC[C@H]1CC[C@H](NC(=O)C2CCC2)[C@@H](CO)O1)c1cnccn1,1,0,0,0.3870967741935484,CCCCCCCCNC(=O)c1cnccn1
SMAD3,MCF7,9,4,46,42,CCC(c1ccccc1)=C(/c1ccccc1)c1ccc(OCCN(C)C)cc1,CCC(=C(c1ccccc1)c1ccc(OCCN(C)C)cc1)c1ccccc1,1,0,0,0.391304347826087,CN(C)CCCOC(=O)c1ccccc1
SMAD3,MCF7,9,4,46,43,COc1cc(cc(OC)c1OC)C(=O)OCCCN1CCCN(CCCOC(=O)c2cc(OC)c(OC)c(OC)c2)CC1,COc1cc(C(=O)OCCCN2CCCN(CCCOC(=O)c3cc(OC)c(OC)c(OC)c3)CC2)cc(OC)c1OC,1,0,0,0.4117647058823529,O=C(OCCN1CCCCC1)c1ccc(Cl)cc1
SMAD3,MCF7,9,4,46,44,COc1ccccc1C#Cc2cnc3O[C@H](CN(C)S(=O)(=O)c4cn(C)cn4)[C@H](C)CN([C@@H](C)CO)C(=O)c3c2,COc1ccccc1C#Cc1cnc2c(c1)C(=O)N([C@@H](C)CO)C[C@@H](C)[C@@H](CN(C)S(=O)(=O)c1cn(C)cn1)O2,1,0,0,0.5094339622641509,Cc1noc(C)c1NC(=O)Nc1ccc2c(c1)C(=O)N([C@H](C)CO)C[C@H](C)[C@@H](CN(C)S(=O)(=O)c1cn(C)cn1)O2
SMAD3,MCF7,9,4,46,45,C[C@@H](CO)N1C[C@H](C)[C@@H](CN(C)Cc2ccc(cc2)c3ccccc3)OCc4cn(CCCC1=O)nn4,C[C@H]1CN([C@@H](C)CO)C(=O)CCCn2cc(nn2)CO[C@@H]1CN(C)Cc1ccc(-c2ccccc2)cc1,1,0,0,0.7341772151898734,C[C@H]1CN([C@@H](C)CO)C(=O)CCCn2cc(nn2)CO[C@@H]1CN(C)C(=O)Cc1ccccc1
SMAD3,MCF7,9,4,46,46,CC(=O)N1CCN(CC1)c1ccc(OCC2CO[C@@](Cn3ccnc3)(O2)c2ccc(Cl)cc2Cl)cc1,CC(=O)N1CCN(c2ccc(OCC3CO[C@](Cn4ccnc4)(c4ccc(Cl)cc4Cl)O3)cc2)CC1,1,0,0,0.3170731707317073,COc1ccc(N2CCN(C(=O)C(C)(C)Oc3ccc(Cl)cc3)CC2)cc1
SMAD3,MCF7,9,4,46,47,Nc1c2C(=O)c3ccccc3C(=O)c3cccc1c32)c4ccccc4,,0,0,0,,
SMAD3,MCF7,9,4,46,48,CCCCCCCCCCCCCCCC(O)=O,CCCCCCCCCCCCCCCC(=O)O,1,0,1,0.40625,CCCCCCCC(=O)OCC(O)CO
SMAD3,MCF7,9,4,46,49,CCCN(C)C[C@@H]1OCCCC[C@@H](C)Oc2ccc(NS(=O)(=O)c3ccc(C)cc3)cc2C(=O)N(C[C@H]1C)[C@H](C)CO,CCCN(C)C[C@@H]1OCCCC[C@@H](C)Oc2ccc(NS(=O)(=O)c3ccc(C)cc3)cc2C(=O)N([C@H](C)CO)C[C@H]1C,1,0,0,0.7613636363636364,C[C@H]1CCCCO[C@H](CN(C)CC2CCCCC2)[C@@H](C)CN([C@@H](C)CO)C(=O)c2cc(NS(=O)(=O)c3ccccc3)ccc2O1
SMAD3,MCF7,9,4,46,50,CN1[C@H]2CC[C@@H](CC(=O)NCC(F)(F)F)O[C@@H]2COc2ccc(NC(=O)c3ccccc3Cl)cc2C1=O,CN1C(=O)c2cc(NC(=O)c3ccccc3Cl)ccc2OC[C@H]2O[C@H](CC(=O)NCC(F)(F)F)CC[C@@H]21,1,0,0,0.32608695652173914,O=C(Nc1ccc2c(c1)C(=O)N(CC1CCCO1)C2=O)c1ccccc1Br
SMAD3,MCF7,9,4,46,51,Oc1ccc(cc1)C1CNCCc2c(Cl)c(O)c(O)cc12,Oc1ccc(C2CNCCc3c2cc(O)c(O)c3Cl)cc1,1,0,0,0.24528301886792453,Cc1cc2c(cc1C)CSC(c1ccc(O)cc1)SC2
SMAD3,MCF7,9,4,46,52,OC[C@H]1O[C@H](C[C@@H]1O)n1cc(Br)c(=O)[nH]c1=O,O=c1[nH]c(=O)n([C@H]2C[C@H](O)[C@@H](CO)O2)cc1Br,1,0,0,0.43333333333333335,Cc1cn([C@H]2C[C@H](O)[C@@H](CO)O2)c(=O)n(Cc2ccccc2)c1=O
SMAD3,MCF7,9,4,46,53,CN(C)C(=O)c1cccc(c1)-n1sc2ccccc2c1=O,CN(C)C(=O)c1cccc(-n2sc3ccccc3c2=O)c1,1,0,0,0.7209302325581395,O=C(O)c1cccc(-n2sc3ccccc3c2=O)c1
SMAD3,MCF7,9,4,46,54,CC(C)[C@H]1NC(=O)[C@H](Cc2ccccc2)NC(=O)[C@@H](CC(=O)O)NC(=O)CNC(=O)[C@H](CCCNC(=N)N)NC1=O,CC(C)[C@H]1NC(=O)[C@H](Cc2ccccc2)NC(=O)[C@@H](CC(=O)O)NC(=O)CNC(=O)[C@H](CCCNC(=N)N)NC1=O,1,0,1,0.2857142857142857,C/C(Nc1ccccc1)=C1/C(=O)NC(Cc2ccccc2)C1=O
SMAD3,MCF7,9,4,46,55,CCC(=O)N(C)C[C@@H]1Oc2ncc(Br)cc2C(=O)N(C[C@H]1C)[C@H](C)CO,CCC(=O)N(C)C[C@@H]1Oc2ncc(Br)cc2C(=O)N([C@H](C)CO)C[C@H]1C,1,0,1,0.4691358024691358,C[C@H](CO)N1C[C@H](C)[C@@H](CN(C)C(=O)Nc2ccccc2)Oc2ccc(NC(=O)Nc3ccccc3)cc2C1=O
SMAD3,MCF7,9,4,46,56,NS(=O)(=O)C#Cc1ccccc1,NS(=O)(=O)C#Cc1ccccc1,1,0,0,0.2903225806451613,O=S(=O)(/C=C/C=C/S(=O)(=O)c1ccccc1)c1ccccc1
SMAD3,MCF7,9,4,46,57,C[C@H](CO)N1C[C@H](C)[C@H](CN(C)Cc2ccc(cc2)C(F)(F)F)OCCCC[C@@H](C)Oc3ccc(NC(=O)C4CCCCC4)cc3C1=O,C[C@@H]1CCCCO[C@@H](CN(C)Cc2ccc(C(F)(F)F)cc2)[C@@H](C)CN([C@H](C)CO)C(=O)c2cc(NC(=O)C3CCCCC3)ccc2O1,1,0,1,0.7528089887640449,C[C@@H]1CCCCO[C@H](CN(C)C)[C@H](C)CN([C@@H](C)CO)C(=O)c2cc(NC(=O)Nc3ccc(C(F)(F)F)cc3)ccc2O1
SMAD3,MCF7,9,4,46,58,CN(C)CCOc1ccc(cc1)C(c1ccccc1)=C(CCCl)c1ccccc1,CN(C)CCOc1ccc(C(=C(CCCl)c2ccccc2)c2ccccc2)cc1,1,0,0,0.3673469387755102,CN(C)CCCOC(=O)c1ccccc1
SMAD3,MCF7,9,4,46,59,Cc1ccc(cc1)C(=O)N2c3ccccc3Sc4ccccc24,Cc1ccc(C(=O)N2c3ccccc3Sc3ccccc32)cc1,1,0,0,0.45652173913043476,Cc1nnc(SC(=O)N2c3ccccc3Sc3ccccc32)s1
SMAD3,MCF7,9,4,46,60,O[C@H]1COC[C@@H]2O[C@H](CC(=O)NCc3ccc(Cl)cc3)CC[C@H]2N(Cc2ccc(Cl)cc2)C1,O=C(C[C@@H]1CC[C@@H]2[C@H](COC[C@H](O)CN2Cc2ccc(Cl)cc2)O1)NCc1ccc(Cl)cc1,1,0,1,0.34285714285714286,Cc1ccc(CN2CCN(CC(=O)NCc3ccc(Cl)cc3)C2=O)cc1
SMAD3,MCF7,9,4,46,61,COCCCNC(=O)[C@]1(Cc2ccccc2CN=[N+]=[N-])N=C(O[C@@H]1c3ccccc3N=[N+]=[N-])c4ccc(OCCCO)cc4,COCCCNC(=O)[C@]1(Cc2ccccc2CN=[N+]=[N-])N=C(c2ccc(OCCCO)cc2)O[C@@H]1c1ccccc1N=[N+]=[N-],1,0,0,0.25773195876288657,COCCCNC(=O)c1ccc2c3c(onc13)-c1ccccc1C2=O
SMAD3,MCF7,9,4,46,62,COCC(=O)N[C@H]1CC[C@@H](CC(=O)N2CCCCC2)O[C@@H]1CO,COCC(=O)N[C@H]1CC[C@@H](CC(=O)N2CCCCC2)O[C@@H]1CO,1,0,0,0.30434782608695654,COCC(=O)N1CCCC(C(=O)c2ccc(Oc3ccccc3)cc2)C1
SMAD3,MCF7,9,4,46,63,COc1ccc2c3c([nH]c2c1)[C@H](CO)NC[C@]31CN(C1)S(=O)(=O)c1cccs1,COc1ccc2c3c([nH]c2c1)[C@H](CO)NCC31CN(S(=O)(=O)c2cccs2)C1,1,0,0,0.38028169014084506,COc1ccc(NS(=O)(=O)c2cccs2)c(OC)c1
SMAD3,MCF7,9,4,46,64,CCCN(C)C[C@H]1Oc2cc(ccc2S(=O)(=O)N(C[C@H]1C)[C@H](C)CO)C#CCC1CCCC1,CCCN(C)C[C@H]1Oc2cc(C#CCC3CCCC3)ccc2S(=O)(=O)N([C@H](C)CO)C[C@H]1C,1,0,0,0.47674418604651164,C[C@@H]1CN([C@@H](C)CO)S(=O)(=O)c2ccc(Br)cc2O[C@H]1CN(C)C(=O)c1ccccc1F
SMAD3,MCF7,9,4,46,65,CNC[C@H]1Oc2ccc(NS(C)(=O)=O)cc2CC(=O)N(C[C@@H]1C)[C@H](C)CO,CNC[C@H]1Oc2ccc(NS(C)(=O)=O)cc2CC(=O)N([C@H](C)CO)C[C@@H]1C,1,0,0,0.64,C[C@@H]1CN([C@@H](C)CO)C(=O)Cc2cc(NS(=O)(=O)c3ccccc3)ccc2O[C@H]1CN(C)S(C)(=O)=O
SMAD3,MCF7,9,4,46,66,COc1ccc2c3c([C@H](CO)N(C[C@]33CN(C3)C(C)=O)C(=O)c3ccncc3)n(C)c2c1,COc1ccc2c3c(n(C)c2c1)[C@H](CO)N(C(=O)c1ccncc1)CC31CN(C(C)=O)C1,1,0,0,0.3466666666666667,CCOc1ccc(C(=O)N2CCC(c3ccncc3)CC2)cc1
SMAD3,MCF7,9,4,46,67,COCC(=O)NC[C@H]1N[C@H](CO)[C@@H]1c1ccc(cc1)-c1ccccc1F,COCC(=O)NC[C@H]1N[C@H](CO)[C@@H]1c1ccc(-c2ccccc2F)cc1,1,0,0,0.3013698630136986,COc1ccc(NC(=O)Cn2nnc(-c3ccccc3F)n2)cc1
SMAD3,MCF7,9,4,46,68,Cc1ccc(cc1)S(=O)(=O)N[C@H]1C=C[C@H](CC(=O)N2CCC(Cc3ccccc3)CC2)O[C@@H]1CO,Cc1ccc(S(=O)(=O)N[C@H]2C=C[C@H](CC(=O)N3CCC(Cc4ccccc4)CC3)O[C@@H]2CO)cc1,1,0,0,0.3880597014925373,O=C(NCc1ccccc1)N1CCC(Cc2ccccc2)CC1
SMAD3,MCF7,9,4,46,69,CCN(C[C@H]1N[C@H](CO)[C@@H]1c1ccccc1)C(=O)c1ccncc1,CCN(C[C@H]1N[C@H](CO)[C@@H]1c1ccccc1)C(=O)c1ccncc1,1,0,0,0.37037037037037035,CCN(CC)C(=O)c1ccc2nc3ccccc3nc2c1
SMAD3,MCF7,9,4,46,70,COc1cc2c(NC3CCN(C)CC3)nc(nc2cc1OCCOCCN(C)C)N1CCCN(C)CC1,COc1cc2c(NC3CCN(C)CC3)nc(N3CCCN(C)CC3)nc2cc1OCCOCCN(C)C,1,0,0,0.9365079365079365,COc1cc2c(NC3CCN(C)CC3)nc(N3CCN(C)CC3)nc2cc1OCCOCCN(C)C
SMAD3,MCF7,9,4,46,71,CO[C@H]1CC[C@H]2CCOc3c(cccc3C(=O)N(C)[C@H](C)C(=O)N(C)C[C@@H]1O2)C#N,CO[C@H]1CC[C@H]2CCOc3c(C#N)cccc3C(=O)N(C)[C@H](C)C(=O)N(C)C[C@@H]1O2,1,0,0,0.22115384615384615,COc1ccc(S(=O)(=O)Nc2cccc3c2O[C@H](CN(C)CC2CC2)[C@@H](C)CN([C@H](C)CO)C3=O)cc1
SMAD3,MCF7,9,4,46,72,CNC(=NC#N)NCCSCc1nc[nH]c1C,CNC(=NC#N)NCCSCc1nc[nH]c1C,1,0,0,0.22857142857142856,O=C(NCCSCc1ccco1)c1ccc(O)nc1
SMAD3,MCF7,9,4,46,73,O[C@H]1CC[C@H](CC1)Nc1ncc2nc(Nc3c(F)cc(F)cc3F)n([C@@H]3CCOC3)c2n1,O[C@H]1CC[C@@H](Nc2ncc3nc(Nc4c(F)cc(F)cc4F)n([C@@H]4CCOC4)c3n2)CC1,1,0,0,0.2465753424657534,Fc1ccccc1Nc1nc(N2CCOCC2)nc(N2CCOCC2)n1
SMAD3,MCF7,9,4,46,74,COCCCNC(=O)[C@@]1(Cc2ccccc2)COC(=N1)c3ccc(OCCCO)cc3,COCCCNC(=O)[C@@]1(Cc2ccccc2)COC(c2ccc(OCCCO)cc2)=N1,1,0,0,0.32098765432098764,CC(C)OCCCNC(=O)COCC(=O)Nc1ccc(OCCc2ccccc2)cc1
SMAD3,MCF7,9,4,46,75,COC(=O)C[C@@H]1CC[C@@H]2NC[C@@H](O)COC[C@H]2O1,COC(=O)C[C@@H]1CC[C@@H]2NC[C@@H](O)COC[C@H]2O1,1,0,0,0.30357142857142855,COC(=O)CC1NC2CCCCC2NC1=O
SMAD3,MCF7,9,4,46,76,CCc1cc(Nc2nccc(n2)-c2c(nc3ccccn23)-c2ccc(OC)c(c2)C(=O)Nc2c(F)cccc2F)c(OC)cc1N1CCC(CC1)N1CCN(CC1)S(,,0,0,0,,
SMAD3,MCF7,9,4,46,77,CCCN(C)C[C@H]1Oc2cc(ccc2S(=O)(=O)N(C[C@H]1C)[C@H](C)CO)C#CCC1CCCC1,CCCN(C)C[C@H]1Oc2cc(C#CCC3CCCC3)ccc2S(=O)(=O)N([C@H](C)CO)C[C@H]1C,1,1,0,0.47674418604651164,C[C@@H]1CN([C@@H](C)CO)S(=O)(=O)c2ccc(Br)cc2O[C@H]1CN(C)C(=O)c1ccccc1F
SMAD3,MCF7,9,4,46,78,COc1ccc2c3c([C@H](CO)N(CC4CC4)C[C@]33CN(Cc4ccc(F)cc4)C3)n(C)c2c1,COc1ccc2c3c(n(C)c2c1)[C@H](CO)N(CC1CC1)CC31CN(Cc2ccc(F)cc2)C1,1,0,0,0.3181818181818182,COc1ccc2c(c1)c1c(c(=O)n(-c3ccc(OC)c(OC)c3)c(=O)n1Cc1ccc(F)cc1)n2C
SMAD3,MCF7,9,4,46,79,OCC#CCSc1nnc(o1)c2cccc3ccccc23,OCC#CCSc1nnc(-c2cccc3ccccc23)o1,1,0,0,0.6101694915254238,COc1ccccc1C(=O)OCC#CCSc1nnc(-c2cccc3ccccc23)o1
SMAD3,MCF7,9,4,46,80,Nc1nc(N)c2nc(-c3ccccc3)c(N)nc2n1,Nc1nc(N)c2nc(-c3ccccc3)c(N)nc2n1,1,0,0,0.3142857142857143,Nc1nc(N)nc(-c2ccccc2-c2nc(N)nc(N)n2)n1
SMAD3,MCF7,9,4,46,81,NC(=O)C1CCCc2c1[nH]c1ccc(Cl)cc21,NC(=O)C1CCCc2c1[nH]c1ccc(Cl)cc21,1,0,0,0.6938775510204082,CCN(CC)C(=O)C1CCCc2c1[nH]c1ccc(Cl)cc21
SMAD3,MCF7,9,4,46,82,Nc1nc2ccc(Cl)cc2c2nc(nn12)-c1ccco1,Nc1nc2ccc(Cl)cc2c2nc(-c3ccco3)nn12,1,0,0,0.42592592592592593,Nc1nc(-c2ccco2)nn1C(=O)c1ccccc1
SMAD3,MCF7,9,4,46,83,CCCC(=O)Nc1ccc2OC[C@H](C)N(Cc3ccccc3)C[C@H](C)[C@@H](CN(C)C(=O)c2c1)OC,CCCC(=O)Nc1ccc2c(c1)C(=O)N(C)C[C@@H](OC)[C@@H](C)CN(Cc1ccccc1)[C@@H](C)CO2,1,0,0,0.35,C[C@H](CO)N1C[C@H](C)[C@@H](CN(C)C(=O)Nc2ccccc2)Oc2ccc(NC(=O)CCC(F)(F)F)cc2C1=O
SMAD3,MCF7,9,4,46,84,COc1ccccc1CN2C(=O)[C@@H]3Cc4c([nH]c5ccccc45)C(C)(C)N3C2=O,COc1ccccc1CN1C(=O)[C@@H]2Cc3c([nH]c4ccccc34)C(C)(C)N2C1=O,1,0,0,0.41025641025641024,CCN1C(=O)[C@@H]2Cc3c([nH]c4ccccc34)C(c3cc(OC)c(OC)c(OC)c3)N2C1=S
SMAD3,MCF7,9,4,46,85,CNC[C@H]1Oc2cc(ccc2S(=O)(=O)N(C[C@@H]1C)[C@H](C)CO)-c1cccc(c1)C(=O)N(C)C,CNC[C@H]1Oc2cc(-c3cccc(C(=O)N(C)C)c3)ccc2S(=O)(=O)N([C@H](C)CO)C[C@@H]1C,1,0,0,0.5822784810126582,C[C@H]1CN([C@@H](C)CO)S(=O)(=O)c2ccc(Br)cc2O[C@H]1CN(C)C(=O)c1cccc(F)c1
SMAD3,MCF7,9,4,46,86,C[C@H](CO)N1C[C@H](C)[C@@H](CN(C)Cc2cncnc2)Oc2cc(ccc2S1(=O)=O)-c1ccc(C)cc1,Cc1ccc(-c2ccc3c(c2)O[C@H](CN(C)Cc2cncnc2)[C@@H](C)CN([C@H](C)CO)S3(=O)=O)cc1,1,0,0,0.7866666666666666,COc1cccc(-c2ccc3c(c2)O[C@@H](CN(C)Cc2cncnc2)[C@@H](C)CN([C@H](C)CO)S3(=O)=O)c1
SMAD3,MCF7,9,4,46,87,COc1ccc2c3c([nH]c2c1)[C@H](CO)N(C[C@]31CCN(Cc2cccc(F)c2)CC1)C(=O)C1CCOCC1,COc1ccc2c3c([nH]c2c1)[C@H](CO)N(C(=O)C1CCOCC1)CC31CCN(Cc2cccc(F)c2)CC1,1,0,0,0.38095238095238093,COc1cccc(CN2CCC(C(=O)N3CCC(C)CC3)CC2)c1
SMAD3,MCF7,9,4,46,88,COc1ccc2c3c([C@@H](CO)N(CC4CC4)C[C@]33CN(C3)S(=O)(=O)c3cn(C)cn3)n(C)c2c1,COc1ccc2c3c(n(C)c2c1)[C@@H](CO)N(CC1CC1)CC31CN(S(=O)(=O)c2cn(C)cn2)C1,1,0,0,0.3516483516483517,CCOc1ccc(OCC)c(NC(=O)C2CCN(S(=O)(=O)c3cn(C)cn3)CC2)c1
SMAD3,MCF7,9,4,46,89,C[C@@H](CO)N1C[C@@H](C)[C@H](CN(C)S(=O)(=O)c2ccc(F)cc2)OCCCC[C@@H](C)Oc3ccc(NC(=O)Nc4c(C)noc4C)cc3C1=O,Cc1noc(C)c1NC(=O)Nc1ccc2c(c1)C(=O)N([C@@H](C)CO)C[C@@H](C)[C@H](CN(C)S(=O)(=O)c1ccc(F)cc1)OCCCC[C@@H](C)O2,1,0,1,0.8020833333333334,C[C@@H]1CN([C@H](C)CO)C(=O)c2cc(NC(=O)Nc3ccc(F)cc3)ccc2O[C@@H](C)CCCCO[C@H]1CN(C)S(=O)(=O)c1ccc(Cl)cc1
SMAD3,MCF7,9,4,46,90,C[C@H](NC(=O)C[C@H]1O[C@@H](CO)[C@@H](NC(=O)Cc2ccccn2)C=C1)c1ccccc1,C[C@H](NC(=O)C[C@@H]1C=C[C@H](NC(=O)Cc2ccccn2)[C@H](CO)O1)c1ccccc1,1,0,0,0.43548387096774194,CC(NC(=O)CC1CCCCC1)c1ccccc1
SMAD3,MCF7,9,4,46,91,OC[C@H]1[C@H]([C@@H](C#N)N1S(=O)(=O)c1ccc(F)cc1)c1ccccc1,N#C[C@@H]1[C@H](c2ccccc2)[C@H](CO)N1S(=O)(=O)c1ccc(F)cc1,1,0,0,0.3559322033898305,OC[C@@H]1[C@@H](c2ccccc2)C(c2ccc(F)cc2)=NN1c1ccccc1
SMAD3,MCF7,9,4,46,92,CCCCn1c(=O)n(CCCO)c2nc([nH]c2c1=O)C12CC3CC1CC(C2)C3,CCCCn1c(=O)c2[nH]c(C34CC5CC(CC3C5)C4)nc2n(CCCO)c1=O,1,0,0,0.28378378378378377,CCCCCCn1c(=O)[nH]c2nc3cc(N)c(C)cc3nc2c1=O
SMAD3,MCF7,9,4,46,93,NC1C[C@H]1c1ccccc1,NC1C[C@H]1c1ccccc1,1,0,0,0.375,Oc1ccccc1C1CCCCC1c1ccccc1
SMAD3,MCF7,9,4,46,94,CC(C)n1cnc2c(NCc3ccccc3)nc(NCCO)nc12,CC(C)n1cnc2c(NCc3ccccc3)nc(NCCO)nc21,1,0,0,0.5454545454545454,CC(C)[C@H](CO)Nc1nc(NCc2ccc(S(N)(=O)=O)cc2)c2ncn(C(C)C)c2n1
SMAD3,MCF7,9,4,46,95,CC(C)C#Cc1ccc(cc1)[C@H]1[C@@H](CO)N2[C@@H]1CN(CC2=O)S(=O)(=O)c1ccccc1,CC(C)C#Cc1ccc([C@H]2[C@@H](CO)N3C(=O)CN(S(=O)(=O)c4ccccc4)C[C@H]23)cc1,1,0,0,0.2857142857142857,CN(C(=O)N1CCN(S(=O)(=O)c2ccccc2)CC1)c1ccccc1
SMAD3,MCF7,9,4,46,96,C[C@@H](CO)N1C[C@H](C)[C@@H](CN(C)C(=O)NC2CCCCC2)Oc3ccc(NC(=O)C4CCCCC4)cc3C1=O,C[C@H]1CN([C@@H](C)CO)C(=O)c2cc(NC(=O)C3CCCCC3)ccc2O[C@@H]1CN(C)C(=O)NC1CCCCC1,1,0,0,0.7948717948717948,COc1ccc(NC(=O)N(C)C[C@H]2Oc3ccc(NC(=O)C4CCCCC4)cc3C(=O)N([C@H](C)CO)C[C@@H]2C)cc1
SMAD3,MCF7,9,4,46,97,OC[C@H]1O[C@H](CC(=O)N2CCC(Cc3ccccc3)CC2)C=C[C@@H]1NC(=O)c1cnccn1,O=C(N[C@H]1C=C[C@@H](CC(=O)N2CCC(Cc3ccccc3)CC2)O[C@@H]1CO)c1cnccn1,1,0,0,0.37142857142857144,O=C(NCc1ccccc1)N1CCC(Cc2ccccc2)CC1
SMAD3,MCF7,9,4,46,98,CO[C@H]1CN(C)C(=O)c2cc(NS(=O)(=O)c3ccc(C)cc3)ccc2OC[C@@H](C)N(C[C@@H]1C)C(=O)NC(C)C,CO[C@H]1CN(C)C(=O)c2cc(NS(=O)(=O)c3ccc(C)cc3)ccc2OC[C@@H](C)N(C(=O)NC(C)C)C[C@@H]1C,1,0,0,0.38095238095238093,COc1ccc(S(=O)(=O)Nc2ccc3c(c2)C(=O)N([C@H](C)CO)C[C@H](C)[C@@H](CN(C)C(=O)NC2CCCCC2)O3)cc1
SMAD3,MCF7,9,4,46,99,CC(=CCOc1c2occc2cc3ccc(=O)oc13)C,CC(C)=CCOc1c2occc2cc2ccc(=O)oc12,1,0,0,0.6304347826086957,CC(=O)Oc1c2occc2cc2ccc(=O)oc12
TP53,MCF7,9,1,43,0,CC(C)c1nc(nc(-c2ccc(F)cc2)c1C=C[C@@H](O)C[C@@H](O)CC(O)=O)N(C)S(C)(=O)=O,CC(C)c1nc(N(C)S(C)(=O)=O)nc(-c2ccc(F)cc2)c1C=C[C@@H](O)C[C@@H](O)CC(=O)O,1,0,0,0.26153846153846155,NC(CC(=O)O)c1ccc(F)cc1
TP53,MCF7,9,1,43,1,N[C@H]1CCCC[C@H]1Nc1ncc(C(N)=O)c(Nc2cccc(c2)-n2nccn2)n1,NC(=O)c1cnc(N[C@@H]2CCCC[C@@H]2N)nc1Nc1cccc(-n2nccn2)c1,1,0,0,0.28205128205128205,Cc1ccc(Nc2ncccc2C(N)=O)cc1[N+](=O)[O-]
TP53,MCF7,9,1,43,2,CC[C@H]1CN2CCC1C[C@H]2[C@H](O)c3ccnc4ccc(OC)cc34,CC[C@H]1CN2CCC1C[C@H]2[C@H](O)c1ccnc2ccc(OC)cc12,1,0,0,0.3176470588235294,CCc1ccc(S(=O)(=O)c2cnc3ccc(OC)cc3c2N2CCCC(C)C2)cc1
TP53,MCF7,9,1,43,3,CC(C)(C)Cn1c(N)nc2ccc(nc12)-c1[nH]c(nc1-c1ccc(F)cc1)C(C)(C)C,CC(C)(C)Cn1c(N)nc2ccc(-c3[nH]c(C(C)(C)C)nc3-c3ccc(F)cc3)nc21,1,0,0,0.23943661971830985,CS(=O)(=O)c1cnc2c(-c3ccc(F)cc3)cnn2c1N
TP53,MCF7,9,1,43,4,NC(=O)Nc1sc(cc1C(N)=O)-c1ccc(F)cc1,NC(=O)Nc1sc(-c2ccc(F)cc2)cc1C(N)=O,1,0,0,0.40816326530612246,CC(C)(C)C(=O)Nc1sc(-c2ccccc2)cc1C(=O)O
TP53,MCF7,9,1,43,5,OCC1O[C@H](C[C@@H]1O)n1cc(I)c(=O)[nH]c1=O,O=c1[nH]c(=O)n([C@H]2C[C@H](O)C(CO)O2)cc1I,1,0,0,0.3050847457627119,N=c1cnn([C@@H]2O[C@H](CO)[C@@H](O)[C@H]2O)c(=O)[nH]1
TP53,MCF7,9,1,43,6,COc1ccc(cc1OC1CCCC1)C1(CCC(CC1)C(O)=O)C#N,COc1ccc(C2(C#N)CCC(C(=O)O)CC2)cc1OC1CCCC1,1,0,0,0.2923076923076923,COc1ccc(C(=O)NC2CC(C)(C)NC(C)(C)C2)cc1OC
TP53,MCF7,9,1,43,7,CCOc1ccc(Cc2cc(ccc2Cl)[C@@H]2O[C@H](CO)[C@@H](O)[C@H](O)[C@@H]2O)cc1,CCOc1ccc(Cc2cc([C@@H]3O[C@H](CO)[C@@H](O)[C@H](O)[C@@H]3O)ccc2Cl)cc1,1,0,0,0.3026315789473684,COc1ccc(-c2coc3cc(O[C@@H]4O[C@H](CO)[C@@H](O)[C@H](O)[C@H]4O)ccc3c2=O)cc1
TP53,MCF7,9,1,43,8,Clc1ccc(CON=C(/Cn2ccnc2)c2ccc(Cl)cc2Cl)c(Cl)c1,Clc1ccc(CON=C(Cn2ccnc2)c2ccc(Cl)cc2Cl)c(Cl)c1,1,0,0,0.3125,Cc1ccc(OCCCCn2ccnc2)c(Cl)c1
TP53,MCF7,9,1,43,9,CCCNC(=O)Nc1ccc2OC[C@H](C)N(Cc3cccc(F)c3)C[C@@H](C)[C@@H](C)CN([C@H](C)CO)C(=O)c2c1,CCCNC(=O)Nc1ccc2c(c1)C(=O)N([C@H](C)CO)C[C@H](C)[C@H](C)CN(Cc1cccc(F)c1)[C@@H](C)CO2,1,0,1,0.3368421052631579,CC(C)CCNC(=O)Nc1ccc2c(c1)N(Cc1ccccc1)C(=O)c1ccccc1S2
TP53,MCF7,9,1,43,10,CCc1ccc2c(nc(=O)n(CC)c2n1)-c1cccc(Cl)c1,CCc1ccc2c(-c3cccc(Cl)c3)nc(=O)n(CC)c2n1,1,0,0,0.3611111111111111,CC(CCc1ccccc1)NC(=O)Cn1c(=O)nc(-c2ccccc2)c2cc(Cl)ccc21
TP53,MCF7,9,1,43,11,CC(=O)OCC(CCn1cnc2cnc(N)nc12)COC(C)=O,CC(=O)OCC(CCn1cnc2cnc(N)nc21)COC(C)=O,1,0,0,0.29411764705882354,CC(=O)OCCNC(=O)Cn1cnc2c1c(=O)n(C)c(=O)n2C
TP53,MCF7,9,1,43,12,NCCCC[C@H](N[C@@H](CCc1ccccc1)C(O)=O)C(=O)N1CCC[C@H]1C(O)=O,NCCCC[C@H](N[C@@H](CCc1ccccc1)C(=O)O)C(=O)N1CCC[C@H]1C(=O)O,1,0,0,0.3,COc1ccc(OC)c(NC(=O)C2CCCN2C(=O)OCc2ccccc2)c1
TP53,MCF7,9,1,43,13,COC[C@@H](NC(C)=O)C(=O)NCc1ccccc1,COC[C@@H](NC(C)=O)C(=O)NCc1ccccc1,1,0,0,0.37735849056603776,COc1cc(SC)ccc1C(=O)NCc1ccccc1
TP53,MCF7,9,1,43,14,Cc1cc(c(O)c(C)c1CC1=NCCN1)C(C)(C)C,Cc1cc(C(C)(C)C)c(O)c(C)c1CC1=NCCN1,1,0,0,0.25925925925925924,CCCC(c1cc(C(C)(C)C)c(O)cc1C)c1cc(C(C)(C)C)c(O)cc1C
TP53,MCF7,9,1,43,15,COc1ccc2C(CN(C)Cc2c1)c1ccc(Cl)c(Cl)c1,COc1ccc2c(c1)CN(C)CC2c1ccc(Cl)c(Cl)c1,1,0,0,0.2909090909090909,CN1CCN(/N=C/c2ccc(Cl)c(Cl)c2)CC1
TP53,MCF7,9,1,43,16,NC(=O)c1ccccc1Nc2nc(NCCO)nc(n2)N3CCCC3,NC(=O)c1ccccc1Nc1nc(NCCO)nc(N2CCCC2)n1,1,0,0,0.3548387096774194,NNc1nc(NCc2ccccc2)nc(N2CCOCC2)n1
TP53,MCF7,9,1,43,17,Cc1ccc(cc1)C(=O)c1ccc(CC(O)=O)n1C,Cc1ccc(C(=O)c2ccc(CC(=O)O)n2C)cc1,1,0,0,0.32142857142857145,Cc1ccc(C(=O)c2coc3ccc(OCC(=O)O)cc23)cc1
TP53,MCF7,9,1,43,18,CCCCCCCCC=CCCCCCCCC(=O)NC(CO)Cc1ccc(O)cc1,CCCCCCCCC=CCCCCCCCC(=O)NC(CO)Cc1ccc(O)cc1,1,0,0,0.2631578947368421,O=C(Cc1ccc(O)cc1)NC1CCCCCC1
TP53,MCF7,9,1,43,19,NCCc1c[nH]c2ccc(OCC(=O)N3CCN(CC3)c3ccc(cc3)C#N)cc12,N#Cc1ccc(N2CCN(C(=O)COc3ccc4[nH]cc(CCN)c4c3)CC2)cc1,1,0,0,0.4057971014492754,N#Cc1ccccc1OCC(=O)N1CCN(c2ccccc2)CC1
TP53,MCF7,9,1,43,20,CCCCC1=NC2(CCCC2)C(=O)N1Cc1ccc(cc1)-c1ccccc1-c1nnn[nH]1,CCCCC1=NC2(CCCC2)C(=O)N1Cc1ccc(-c2ccccc2-c2nnn[nH]2)cc1,1,0,0,0.23076923076923078,CCCCCN1C(=O)C(Cc2ccccc2)C(=O)c2ccccc21
TP53,MCF7,9,1,43,21,CN1CCCN(CC1)c1ccc2c(n1)n1c3ccccc3sc1c(C(=O)NCc1cnc(C)cn1)c2=O,Cc1cnc(CNC(=O)c2c(=O)c3ccc(N4CCCN(C)CC4)nc3n3c2sc2ccccc23)cn1,1,0,0,0.2755102040816326,CCOc1cc(C(=O)Nc2ccc3nc(N4CCN(C)CC4)cc(C)c3c2)cc(OCC)c1OCC
TP53,MCF7,9,1,43,22,Nc1ccc(CCN2CCN(CC2)c3cccc(c3)C(F)(F)F)cc1,Nc1ccc(CCN2CCN(c3cccc(C(F)(F)F)c3)CC2)cc1,1,0,0,0.4576271186440678,FC(F)(F)c1cccc(N2CCN(Cc3nnc(-c4ccccc4)o3)CC2)c1
TP53,MCF7,9,1,43,23,CN(C)CCCN1c2ccccc2Sc2ccccc12,CN(C)CCCN1c2ccccc2Sc2ccccc21,1,0,0,0.3191489361702128,CN1C(=C2C(=O)OC(C)(C)OC2=O)Sc2ccccc21
TP53,MCF7,9,1,43,24,NCCCCCC(O)=O,NCCCCCC(=O)O,1,0,0,1.0,NCCCCCCCCCCCC(=O)O
TP53,MCF7,9,1,43,25,COc1ccc(cc1)S(=O)(=O)Nc2ccc3O[C@@H](C)CCCCO[C@H](CN(C)C)[C@H](C)CN([C@@H](C)CO)C(=O)c3c2,COc1ccc(S(=O)(=O)Nc2ccc3c(c2)C(=O)N([C@@H](C)CO)C[C@@H](C)[C@@H](CN(C)C)OCCCC[C@H](C)O3)cc1,1,0,0,0.2872340425531915,COc1ccc(NS(=O)(=O)c2ccc(NC(=O)c3ccc(N(C)S(C)(=O)=O)cc3)cc2)cc1
TP53,MCF7,9,1,43,26,COc1cc2ncnc(Nc3ccc(F)c(Cl)c3)c2cc1NC(=O)C=CCN1CCCCC1,COc1cc2ncnc(Nc3ccc(F)c(Cl)c3)c2cc1NC(=O)C=CCN1CCCCC1,1,0,0,0.32967032967032966,COc1cc(Cl)c(C)cc1NC(=O)c1cnc(N2CCCCC2)c2ccccc12
TP53,MCF7,9,1,43,27,C[C@@H](CO)N1C[C@@H](C)[C@H](CN(C)Cc2ccc(Cl)c(Cl)c2)Oc3ccc(NS(=O)(=O)C)cc3CC1=O,C[C@@H]1CN([C@@H](C)CO)C(=O)Cc2cc(NS(C)(=O)=O)ccc2O[C@H]1CN(C)Cc1ccc(Cl)c(Cl)c1,1,0,0,0.2336448598130841,CC1CCN(S(=O)(=O)c2ccc3c(c2)N(CC(=O)NCCc2ccc(Cl)cc2)C(=O)CO3)CC1
TP53,MCF7,9,1,43,28,COc1ccc2cc3-c4cc5OCOc5cc4CC[n+]3cc2c1OC,COc1ccc2cc3[n+](cc2c1OC)CCc1cc2c(cc1-3)OCO2,1,0,0,0.4915254237288136,COc1ccc2c(c[n+](C)c3c4cc5c(cc4ccc23)OCO5)c1OC
TP53,MCF7,9,1,43,29,Oc1cc2c3c(oc(=O)c4cc(O)c(O)c(oc2=O)c34)c1O,O=c1oc2c(O)c(O)cc3c(=O)oc4c(O)c(O)cc1c4c23,1,0,0,0.30952380952380953,O=c1cc(-c2ccccc2)oc2cc(O)c(O)c(O)c12
TP53,MCF7,9,1,43,30,O=c1cc(oc(c1)-c1cccc2Sc3ccccc3Sc12)N1CCOCC1,O=c1cc(-c2cccc3c2Sc2ccccc2S3)oc(N2CCOCC2)c1,1,0,0,0.3,O=C1c2ccccc2-c2c1cccc2C(=O)N1CCOCC1
TP53,MCF7,9,1,43,31,Clc1ccc(cc1)[C@@H]1CCC(CC1)C1C(=O)C(=O)c2ccccc2C1=O,O=C1C(=O)C(C2CCC(c3ccc(Cl)cc3)CC2)C(=O)c2ccccc21,1,0,0,0.30357142857142855,O=C(Nc1ccc(Cl)cc1)N1CCC(c2ccccc2)C1
TP53,MCF7,9,1,43,32,Cc1cc(nn1Cc1ccnc(c1)N1CCN(CC1)C1CC1)-c1nc(no1)-c1ccc(OC(F)(F)F)cc1,Cc1cc(-c2nc(-c3ccc(OC(F)(F)F)cc3)no2)nn1Cc1ccnc(N2CCN(C3CC3)CC2)c1,1,0,0,0.27848101265822783,Cc1ccc(-c2noc(CN3CCCCC3)n2)cc1
TP53,MCF7,9,1,43,33,C[C@@H]1[C@H](O)CC[C@@]2(C)[C@H]1CC[C@@]1(C)C2[C@H](O)C[C@@H]2[C@]1(C)C[C@H](OC(C)=O)C2=C(/CCC=C(C)C)C(O)=O,CC(=O)O[C@H]1C[C@@]2(C)[C@@H](C[C@@H](O)C3[C@]2(C)CC[C@H]2[C@H](C)[C@H](O)CC[C@]32C)C1=C(CCC=C(C)C)C(=O)O,1,0,0,0.23469387755102042,CC(=O)O[C@H]1CC[C@@]23C(=O)O[C@]45CC[C@H](c6coc(O)c6)[C@@]4(C)CC[C@H]2[C@H]5CC[C@]3(O)C1
TP53,MCF7,9,1,43,34,Cc1ccc(cc1)-c1cc(nn1-c1ccc(cc1)S(N)(=O)=O)C(F)(F)F,Cc1ccc(-c2cc(C(F)(F)F)nn2-c2ccc(S(N)(=O)=O)cc2)cc1,1,0,0,0.4393939393939394,COc1ccccc1C(=O)NC(=O)Nc1ccc(-c2cc(C(F)(F)F)nn2-c2ccccc2)cc1
TP53,MCF7,9,1,43,35,CC(Oc1c(Cl)cccc1Cl)C1=NCCN1,CC(Oc1c(Cl)cccc1Cl)C1=NCCN1,1,0,0,0.2903225806451613,O=[N+]([O-])C(C1=NCCN1)C(Sc1ccc2ccccc2c1)=C(Cl)Cl
TP53,MCF7,9,1,43,36,CC(C)c1cc(Cc2c(C)cc(OCC(O)=O)cc2C)ccc1O,Cc1cc(OCC(=O)O)cc(C)c1Cc1ccc(O)c(C(C)C)c1,1,0,0,0.31746031746031744,Cc1ccc(C(=O)c2coc3ccc(OCC(=O)O)cc23)cc1
TP53,MCF7,9,1,43,37,COc1cc(ccc1Nc1ncc(Cl)c(Oc2cccc(NC(=O)C=C)c2)n1)N1CCN(C)CC1,C=CC(=O)Nc1cccc(Oc2nc(Nc3ccc(N4CCN(C)CC4)cc3OC)ncc2Cl)c1,1,0,0,0.3258426966292135,COc1cccc(NC(=O)c2ccc(CN3CCN(c4ccccc4)CC3)cc2)c1
TP53,MCF7,9,1,43,38,C[C@H]1CC[C@@H](CC1)C(=O)N([C@@H]1CC[C@H](O)CC1)c1cc(sc1C(O)=O)C#CC(C)(C)C,CC(C)(C)C#Cc1cc(N(C(=O)[C@H]2CC[C@H](C)CC2)[C@H]2CC[C@@H](O)CC2)c(C(=O)O)s1,1,0,0,0.22535211267605634,CC1CCC(NC(=O)c2cc3c(s2)CCCC3)CC1
TP53,MCF7,9,1,43,39,CNCC[C@H](Oc1cccc2ccccc12)c1cccs1,CNCC[C@H](Oc1cccc2ccccc12)c1cccs1,1,0,0,0.3150684931506849,COc1cc(NC(=O)CC(c2cccs2)n2cc3ccccc3c2O)cc(OC)c1OC
TP53,MCF7,9,1,43,40,Nc1ncn([C@@H]2O[C@H](CO)[C@@H](O)[C@H]2O)c(=O)n1,Nc1ncn([C@@H]2O[C@H](CO)[C@@H](O)[C@H]2O)c(=O)n1,1,0,0,1.0,Nc1ncn([C@H]2O[C@@H](CO)[C@@H](O)[C@@H]2O)c(=O)n1
TP53,MCF7,9,1,43,41,CCN1CCN(CC1)C(=O)Cc1ccc(Nc2ncc(F)c(Nc3ccc(cc3)C(=O)Nc3ccccc3Cl)n2)cc1,CCN1CCN(C(=O)Cc2ccc(Nc3ncc(F)c(Nc4ccc(C(=O)Nc5ccccc5Cl)cc4)n3)cc2)CC1,1,0,0,0.34065934065934067,Cc1cccc(N2CCN(S(=O)(=O)c3cc(C(=O)Nc4ccccc4Cl)ccc3F)CC2)c1C
TP53,MCF7,9,1,43,42,CC(C)C(=O)NC(c1ccco1)c2ccc3cccnc3c2O,CC(C)C(=O)NC(c1ccco1)c1ccc2cccnc2c1O,1,0,0,0.7959183673469388,CC(=O)NC(c1ccco1)c1ccc2cccnc2c1O
TP53,MCF7,9,1,43,43,Cc1ccc(cc1)C(=C/CN1CCCC1)c1ccccn1,Cc1ccc(C(=CCN2CCCC2)c2ccccn2)cc1,1,0,0,0.34328358208955223,Cc1ccc(C(=O)c2c(O)c(O)n(CCN3CCOCC3)c2-c2ccccn2)cc1
TP53,MCF7,9,1,43,44,CNC(=O)c1cc(Oc2ccc(NC(=O)Nc3ccc(Cl)c(c3)C(F)(F)F)cc2)ccn1,CNC(=O)c1cc(Oc2ccc(NC(=O)Nc3ccc(Cl)c(C(F)(F)F)c3)cc2)ccn1,1,0,0,0.36,CS(=O)(=O)N1CCc2cc(C(=O)Nc3ccc(Cl)c(C(F)(F)F)c3)ccc21
TP53,MCF7,9,1,43,45,COc1cccc(c1)c2csc(n2)N3CCN(CC3)C(=Nc4cccc(Cl)c4)S,COc1cccc(-c2csc(N3CCN(C(S)=Nc4cccc(Cl)c4)CC3)n2)c1,1,0,0,0.379746835443038,O=C(c1cc(-n2cnnc2)ccc1Cl)N1CCN(c2nc(-c3ccccc3)cs2)CC1
TP53,MCF7,9,1,43,46,CN(C)CC[C@H](CSc1ccccc1)Nc1ccc(cc1[N+]([O-])=O)S(=O)(=O)NC(=O)c1ccc(cc1)N1CCN(Cc2ccccc2-c2ccc(Cl)cc2)CC1,CN(C)CC[C@H](CSc1ccccc1)Nc1ccc(S(=O)(=O)NC(=O)c2ccc(N3CCN(Cc4ccccc4-c4ccc(Cl)cc4)CC3)cc2)cc1[N+](=O)[O-],1,0,0,0.2830188679245283,COc1cccc(NC(=O)c2ccc(CN3CCN(c4ccccc4)CC3)cc2)c1
TP53,MCF7,9,1,43,47,C[C@@H](CO)N1C[C@@H](C)[C@H](CN(C)C(=O)NC2CCCCC2)Oc3ccc(NC(=O)C4CCCCC4)cc3C1=O,C[C@@H]1CN([C@@H](C)CO)C(=O)c2cc(NC(=O)C3CCCCC3)ccc2O[C@H]1CN(C)C(=O)NC1CCCCC1,1,0,0,0.31868131868131866,CC1CN(C(=O)N2CCC(C(=O)NC3CCCCCC3)CC2)c2cc(Cl)ccc2O1
TP53,MCF7,9,1,43,48,COC(=O)Nc1nc2ccc(Sc3ccccc3)cc2[nH]1,COC(=O)Nc1nc2ccc(Sc3ccccc3)cc2[nH]1,1,0,0,0.66,CCCSc1ccc2nc(NC(=O)OC)[nH]c2c1
TP53,MCF7,9,1,43,49,CCN(CC)CCOC(=O)C(CC1CCCO1)Cc1cccc2ccccc12,CCN(CC)CCOC(=O)C(Cc1cccc2ccccc12)CC1CCCO1,1,0,0,0.3235294117647059,CCN(CC)CCOC(=O)c1cccc(OC)c1
TP53,MCF7,9,1,43,50,CC1(C)CNc2cc(NC(=O)c3cccnc3NCc3ccncc3)ccc12,CC1(C)CNc2cc(NC(=O)c3cccnc3NCc3ccncc3)ccc21,1,0,0,0.32142857142857145,COc1cccc(NC(=O)c2cc([N+](=O)[O-])ccc2NCc2cccnc2)c1
TP53,MCF7,9,1,43,51,CN(C)CCc1c[nH]c2ccc(Cn3cncn3)cc12,CN(C)CCc1c[nH]c2ccc(Cn3cncn3)cc12,1,0,0,0.39436619718309857,COc1ccc(CNC(=O)/C=C\c2ccc3[nH]cc(CCN(C)C)c3c2)cc1
TP53,MCF7,9,1,43,52,C[C@@H](CO)N1C[C@H](C)[C@H](CN(C)Cc2ccc(cc2)C(=O)Nc3ccccc3N)Oc4c(NC(=O)Nc5ccccc5)cccc4C1=O,C[C@H]1CN([C@@H](C)CO)C(=O)c2cccc(NC(=O)Nc3ccccc3)c2O[C@H]1CN(C)Cc1ccc(C(=O)Nc2ccccc2N)cc1,1,0,0,0.3111111111111111,O=C(O)c1cccc(NC(=O)c2ccc(CN3C(=O)c4ccccc4C3=O)cc2)c1
TP53,MCF7,9,1,43,53,COCCCNc1ncc(cc1C(=O)Nc1ccc(NC(=O)COc2ccccc2OC)cc1)C(=O)Nc1ccc(OC)cc1,COCCCNc1ncc(C(=O)Nc2ccc(OC)cc2)cc1C(=O)Nc1ccc(NC(=O)COc2ccccc2OC)cc1,1,0,1,0.4492753623188406,COc1cccc(NC(=O)COc2ccccc2C(N)=O)c1
TP53,MCF7,9,1,43,54,Clc1ccccc1C(c1ccccc1)(c1ccccc1)n1ccnc1,Clc1ccccc1C(c1ccccc1)(c1ccccc1)n1ccnc1,1,0,0,0.2459016393442623,Oc1ccccc1-c1nc2cnccn2c1Nc1ccc(Cl)cc1
TP53,MCF7,9,1,43,55,Cn1cc(C2=C(C(=O)NC2=O)c2cn(C3CCN(Cc4ccccn4)CC3)c3ccccc23)c2ccccc12,Cn1cc(C2=C(c3cn(C4CCN(Cc5ccccn5)CC4)c4ccccc34)C(=O)NC2=O)c2ccccc21,1,0,0,0.3068181818181818,CN1CCN(c2ncc3nc(-c4cn(C)c5ccccc45)c(=O)n(Cc4cccs4)c3n2)CC1
TP53,MCF7,9,1,43,56,CC(O)CCCCn1c(=O)n(C)c2ncn(C)c2c1=O,CC(O)CCCCn1c(=O)c2c(ncn2C)n(C)c1=O,1,0,0,0.3333333333333333,CCCCCn1c(=O)c2c(nc3n2CCN3c2ccc(Br)cc2)n(C)c1=O
TP53,MCF7,9,1,43,57,COc1cc(C)c(Sc2cnc(NC(=O)c3ccc(CNC(C)C(C)C)cc3)s2)cc1C(=O)N1CCN(CC1)C(C)=O,COc1cc(C)c(Sc2cnc(NC(=O)c3ccc(CNC(C)C(C)C)cc3)s2)cc1C(=O)N1CCN(C(C)=O)CC1,1,0,0,0.29,COc1ccc(C(=O)Nc2nnc(S(=O)(=O)N(CC(C)C)c3ccc(C)cc3)s2)cc1OC
TP53,MCF7,9,1,43,58,CCCCCCCN(CC)CCCC(O)c1ccc(NS(C)(=O)=O)cc1.CCCCCCCCCCCCCCCC,CCCCCCCCCCCCCCCC.CCCCCCCN(CC)CCCC(O)c1ccc(NS(C)(=O)=O)cc1,1,0,1,0.2982456140350877,CCCCOC(=O)Nc1ccc(C(C)C)cc1
TP53,MCF7,9,1,43,59,CN1CCN(CC1)C(C)(C)C#Cc1cc2ncnc(Nc3ccc(F)c(Cl)c3)c2cc1NC(=O)C=C,C=CC(=O)Nc1cc2c(Nc3ccc(F)c(Cl)c3)ncnc2cc1C#CC(C)(C)N1CCN(C)CC1,1,0,0,0.28,CC1CCN(S(=O)(=O)c2cn(CC(=O)Nc3ccc(F)c(Cl)c3)c(=O)c3ccccc23)CC1
TP53,MCF7,9,1,43,60,C[C@H](C=C[C@H](C)C(C)(C)O)[C@H]1CC[C@@H]2[C@]1(C)CCCC2=C/C=C1/C[C@@H](O)C[C@H](O)C1=C,C=C1/C(=C\C=C2CCC[C@]3(C)[C@@H]([C@H](C)C=C[C@H](C)C(C)(C)O)CC[C@@H]23)C[C@@H](O)C[C@@H]1O,1,0,0,0.1743119266055046,COc1cc(/C=C/C(=O)O[C@H]2CC[C@]34C[C@]35CC[C@]3(C)[C@@H]([C@H](C)CCC=C(C)C)CC[C@@]3(C)[C@@H]5CC[C@H]4C2(C)C)ccc1O
TP53,MCF7,9,1,43,61,C[C@@H](Oc1cc(sc1C(N)=O)-n1cnc2ccc(CN3CCN(C)CC3)cc12)c1ccccc1C(F)(F)F,C[C@@H](Oc1cc(-n2cnc3ccc(CN4CCN(C)CC4)cc32)sc1C(N)=O)c1ccccc1C(F)(F)F,1,0,0,0.2839506172839506,CN1CCN(Cc2ccc(OCc3ccccc3)cc2)CC1
TP53,MCF7,9,1,43,62,CC(C)(C)NCC(O)c1cc(Cl)c(N)c(Cl)c1,CC(C)(C)NCC(O)c1cc(Cl)c(N)c(Cl)c1,1,0,0,0.21568627450980393,Nc1ccc2nc(-c3cc(Cl)c(N)c(Cl)c3)[nH]c2c1
TP53,MCF7,9,1,43,63,CN(Cc1ccco1)c2ncnc3ccc(cc23)c4ccccc4Cl,CN(Cc1ccco1)c1ncnc2ccc(-c3ccccc3Cl)cc12,1,0,0,0.40298507462686567,CN(Cc1ccco1)c1cc(-c2ccc3c(c2)OCO3)ncn1
TP53,MCF7,9,1,43,64,COc1ccc2nc(sc2c1)c3ccc(F)cc3,COc1ccc2nc(-c3ccc(F)cc3)sc2c1,1,0,0,0.42857142857142855,COc1ccc(-c2nc3ccccc3s2)cc1O
TP53,MCF7,9,1,43,65,CC1(C)S[C@@H]2[C@H](NC(=O)COc3ccccc3)C(=O)N2[C@H]1C(O)=O,CC1(C)S[C@@H]2[C@H](NC(=O)COc3ccccc3)C(=O)N2[C@H]1C(=O)O,1,0,0,0.4520547945205479,CCOC(=O)O[C@@H](C)OC(=O)[C@@H]1N2C(=O)[C@@H](NC(=O)[C@@H](N)c3ccccc3)[C@H]2SC1(C)C
TP53,MCF7,9,1,43,66,CCCC(=O)Nc1cccc(NC(=O)c2ccccc2Br)c1,CCCC(=O)Nc1cccc(NC(=O)c2ccccc2Br)c1,1,0,0,0.4339622641509434,CCC(=O)Nc1cccc(NC(=O)c2cc3ccccc3o2)c1
TP53,MCF7,9,1,43,67,COc1ccc(C2CC(=NCCS2)c2c(O)cc(C)oc2=O)c(OC)c1,COc1ccc(C2CC(c3c(O)cc(C)oc3=O)=NCCS2)c(OC)c1,1,0,0,0.5285714285714286,COc1ccc(C2CC(C3C(=O)C=C(C)OC3=O)=NCCS2)c(OC)c1
TP53,MCF7,9,1,43,68,COc1cccc(OC)c1NC(=O)c1ccc(o1)-c1cc(Cl)ccc1Cl,COc1cccc(OC)c1NC(=O)c1ccc(-c2cc(Cl)ccc2Cl)o1,1,0,0,0.4444444444444444,CCOC(=O)c1ccc(NC(=O)c2ccc(-c3cccc(Cl)c3C)o2)cc1
TP53,MCF7,9,1,43,69,COC(=O)N[C@@H](C(C)C)C(=O)N1CC2(CC2)C[C@H]1c1ncc([nH]1)-c1ccc2-c3ccc(cc3C(F)(F)c2c1)-c1ccc2nc([nH]c2c1)[C@@H]1[C@H]2CC[C@H](C2,,0,0,0,,
TP53,MCF7,9,1,43,70,CC(Oc1ccc(O)cc1)(P(O)(O)=O)P(O)(O)=O,CC(Oc1ccc(O)cc1)(P(=O)(O)O)P(=O)(O)O,1,0,0,0.36666666666666664,CC(c1ccc(O)cc1)(c1ccc(O)cc1)c1ccc(O)cc1
TP53,MCF7,9,1,43,71,COc1cc2nc(nc(N)c2cc1OC)N1CCN(CC1)C(=O)C1COc2ccccc2O1,COc1cc2nc(N3CCN(C(=O)C4COc5ccccc5O4)CC3)nc(N)c2cc1OC,1,0,0,0.3698630136986301,O=C(Nc1cnc2ccccc2c1)C1COc2ccccc2O1
TP53,MCF7,9,1,43,72,CN(C)C(=O)n1nnnc1Cc1ccc(cc1)-c1ccccc1,CN(C)C(=O)n1nnnc1Cc1ccc(-c2ccccc2)cc1,1,0,0,0.3064516129032258,Cc1ccc(-n2nnnc2CNC(=O)c2ccccc2)cc1C
TP53,MCF7,9,1,43,73,CN(C)c1ccc(cc1)C=C1/C(=O)Nc2ccccc12,CN(C)c1ccc(C=C2C(=O)Nc3ccccc32)cc1,1,0,0,0.3269230769230769,CC(=O)NC1=C(Nc2ccc(N(C)C)cc2)C(=O)c2ccccc2C1=O
TP53,MCF7,9,1,43,74,CN(C)CC[C@H](CSc1ccccc1)Nc1ccc(cc1[N+]([O-])=O)S(=O)(=O)NC(=O)c1ccc(cc1)N1CCN(Cc2ccccc2-c2ccc(Cl)cc2)CC1,CN(C)CC[C@H](CSc1ccccc1)Nc1ccc(S(=O)(=O)NC(=O)c2ccc(N3CCN(Cc4ccccc4-c4ccc(Cl)cc4)CC3)cc2)cc1[N+](=O)[O-],1,1,0,0.2830188679245283,COc1cccc(NC(=O)c2ccc(CN3CCN(c4ccccc4)CC3)cc2)c1
TP53,MCF7,9,1,43,75,CC(C)C[C@H](NC(=O)[C@@H](O)[C@H](N)Cc1ccccc1)C(O)=O,CC(C)C[C@H](NC(=O)[C@@H](O)[C@H](N)Cc1ccccc1)C(=O)O,1,0,0,0.3559322033898305,CC(C)CC(NC1=NC(C)(C)Cc2ccccc21)C(=O)O
TP53,MCF7,9,1,43,76,COc1ccccc1NC(=O)N1CCCCN2[C@H](CO)[C@@H]([C@@H]2C1)c1ccc(cc1)-c1cccc(c1)C#N,COc1ccccc1NC(=O)N1CCCCN2[C@H](CO)[C@H](c3ccc(-c4cccc(C#N)c4)cc3)[C@@H]2C1,1,0,0,0.36904761904761907,COc1ccccc1NC(=O)N1CCC(CN2CCc3ccccc3C2)CC1
TP53,MCF7,9,1,43,77,CCOc1ccccc1-n1c(=O)c2ccccc2nc1C(C)N1CCN(CC1)C(=O)COc1ccc(Cl)cc1,CCOc1ccccc1-n1c(C(C)N2CCN(C(=O)COc3ccc(Cl)cc3)CC2)nc2ccccc2c1=O,1,0,0,0.375,CCOc1ccc(-n2c(SCC(=O)N3CCCC3)nc3c4ccccc4nc-3c2O)cc1
TP53,MCF7,9,1,43,78,C[C@@H](c1ncncc1F)[C@](O)(Cn1cncn1)c1ccc(F)cc1F,C[C@@H](c1ncncc1F)[C@](O)(Cn1cncn1)c1ccc(F)cc1F,1,0,0,0.23529411764705882,c1ccc(COc2ccc(OCCn3cncn3)cc2)cc1
TP53,MCF7,9,1,43,79,O=C(N1CCNCC1)c1ccc(cc1)C=Cc1n[nH]c2ccccc12,O=C(c1ccc(C=Cc2n[nH]c3ccccc23)cc1)N1CCNCC1,1,0,0,0.3333333333333333,CC1CCN(C(=O)COC(=O)c2n[nH]c3ccccc23)CC1
TP53,MCF7,9,1,43,80,OCCN1C[C@@H](O)[C@@H](O)C(O)C1CO,OCCN1C[C@@H](O)[C@@H](O)C(O)C1CO,1,0,0,0.17307692307692307,COc1ccc(NC(=O)CCN2CCN(CCO)CC2)cc1
TP53,MCF7,9,1,43,81,CC(=O)OCC(=O)[C@@]1(O)CCC2C3CCC4=CC(=O)CC[C@]4(C)C3=CC[C@]12C,CC(=O)OCC(=O)[C@@]1(O)CCC2C3CCC4=CC(=O)CC[C@]4(C)C3=CC[C@@]21C,1,0,0,0.22580645161290322,CC(=O)O[C@H]1CC[C@@]23C(=O)O[C@]45CC[C@H](c6coc(O)c6)[C@@]4(C)CC[C@H]2[C@H]5CC[C@]3(O)C1
TP53,MCF7,9,1,43,82,COc1ccc(CCN(C)CCCC(C#N)(C(C)C)c2cc(OC)c(OC)c(OC)c2)cc1OC,COc1ccc(CCN(C)CCCC(C#N)(c2cc(OC)c(OC)c(OC)c2)C(C)C)cc1OC,1,0,0,0.2692307692307692,COc1ccc(CCn2cc(C(O)NCCc3ccccc3)cc2O)cc1OC
TP53,MCF7,9,1,43,83,Fc1ccc(cc1)C(c1ccccc1)(c1ccccc1F)n1ccnc1,Fc1ccc(C(c2ccccc2)(c2ccccc2F)n2ccnc2)cc1,1,0,0,0.234375,O=C(Nc1ccc(F)cc1)c1ccc(-n2cnc3cccnc32)cc1
TP53,MCF7,9,1,43,84,C[C@H]1O[C@H]1P(O)(O)=O,C[C@H]1O[C@H]1P(=O)(O)O,1,0,0,0.2,C[C@]1(C(=O)O)[C@@H]2CC[C@@H](O2)[C@@]1(C)C(=O)O
TP53,MCF7,9,1,43,85,Cc1ccc(cc1)C(=C/CN1CCCC1)c1ccccn1,Cc1ccc(C(=CCN2CCCC2)c2ccccn2)cc1,1,1,0,0.34328358208955223,Cc1ccc(C(=O)c2c(O)c(O)n(CCN3CCOCC3)c2-c2ccccn2)cc1
TP53,MCF7,9,1,43,86,CN1CCCCC1CCN1c2ccccc2Sc2ccc(Cl)cc12,CN1CCCCC1CCN1c2ccccc2Sc2ccc(Cl)cc21,1,0,1,0.32894736842105265,Cc1ccccc1CN1C(=O)c2ccccc2Sc2ccc(C(=O)NC3CCCC3)cc21
TP53,MCF7,9,1,43,87,N[C@H]1[C@@H]2CN(C[C@H]12)c1nc2n(cc(C(O)=O)c(=O)c2cc1F)-c1ccc(F)cc1F,N[C@@H]1[C@H]2CN(c3nc4c(cc3F)c(=O)c(C(=O)O)cn4-c3ccc(F)cc3F)C[C@@H]12,1,0,0,0.2716049382716049,O=C(NC1CCCC1)c1cnn(-c2ccc(F)cc2F)c1C1CCNCC1
TP53,MCF7,9,1,43,88,CC(C)c1ccccc1S(=O)(=O)c1cc(N)c2ncccc2c1[N+]([O-])=O,CC(C)c1ccccc1S(=O)(=O)c1cc(N)c2ncccc2c1[N+](=O)[O-],1,0,0,0.27450980392156865,Cc1c(C)c2cccnc2c2ncccc12
TP53,MCF7,9,1,43,89,Cn1cc(cn1)-c1[nH]c2cc(NC(=O)[C@H](N)C3CCCCC3)cc3c2c1cn[nH]c3=O,Cn1cc(-c2[nH]c3cc(NC(=O)[C@H](N)C4CCCCC4)cc4c3c2C=NNC4=O)cn1,1,0,0,0.24719101123595505,O=C(Nc1ccc2nc(-c3cccnc3)[nH]c2c1)C1CCCCC1
TP53,MCF7,9,1,43,90,CC(C)Nc1nc2cc(Cl)c(Cl)cc2n1[C@H]1O[C@@H](CO)[C@H](O)[C@@H]1O,CC(C)Nc1nc2cc(Cl)c(Cl)cc2n1[C@H]1O[C@@H](CO)[C@H](O)[C@@H]1O,1,0,0,0.3968253968253968,Nc1ncnc2c1nc(Cl)n2C1OC(CO)C(O)C1O
TP53,MCF7,9,1,43,91,Oc1ccc(C[C@@H]2N3[C@H](CN(Cc4cccc5ccccc45)C2=O)N(CCC3=O)C(=O)NCc2ccccc2)cc1,O=C1[C@H](Cc2ccc(O)cc2)N2C(=O)CCN(C(=O)NCc3ccccc3)[C@H]2CN1Cc1cccc2ccccc12,1,0,0,0.2808988764044944,O=C(NCc1ccc(F)cc1)c1c2c(nc3ccccc13)CCN(Cc1ccccc1)C2
TP53,MCF7,9,1,43,92,O[C@H]1CO[C@@H]2[C@@H](CO[C@H]12)O[N+]([O-])=O,O=[N+]([O-])O[C@@H]1CO[C@H]2[C@@H]1OC[C@@H]2O,1,0,0,0.15254237288135594,Cc1cc(NC(=O)OC2CCCCC2)ccc1[N+](=O)[O-]
TP53,MCF7,9,1,43,93,CCc1nc(c(s1)-c1ccnc(NC(=O)c2ccccc2)c1)-c1cccc(C)c1,CCc1nc(-c2cccc(C)c2)c(-c2ccnc(NC(=O)c3ccccc3)c2)s1,1,0,0,0.3939393939393939,Cc1cccc(C(=O)Nc2sc(-c3ccccc3)cc2C(=O)O)c1
TP53,MCF7,9,1,43,94,COc1cccc2cc([nH]c12)-c1nc([C@@H]2CC[C@@H](CC2)C(O)=O)n2ncnc(N)c12,COc1cccc2cc(-c3nc([C@H]4CC[C@@H](C(=O)O)CC4)n4ncnc(N)c34)[nH]c12,1,0,0,0.2625,COc1cc2cc(C(=O)Nc3ccccc3)c(N)nc2cc1OC
TP53,MCF7,9,1,43,95,CO[C@@H](CN(C)Cc1cc(F)ccc1F)[C@@H](C)CN([C@@H](C)CO)S(=O)(=O)c1ccc(F)cc1,CO[C@@H](CN(C)Cc1cc(F)ccc1F)[C@@H](C)CN([C@@H](C)CO)S(=O)(=O)c1ccc(F)cc1,1,0,1,0.2894736842105263,CC(C)C(=O)Nc1nnc(S(=O)(=O)N(C)Cc2ccc(F)cc2)s1
TP53,MCF7,9,1,43,96,Nc1ccc(C(O)=O)c(O)c1,Nc1ccc(C(=O)O)c(O)c1,1,0,0,0.5757575757575758,Nc1ccc(C(=O)Oc2ccccc2)c(O)c1
TP53,MCF7,9,1,43,97,CC1(C)N2[C@H](Cc3c1[nH]c4ccccc34)C(=O)N(Cc5ccc(F)cc5)C2=O,CC1(C)c2[nH]c3ccccc3c2C[C@@H]2C(=O)N(Cc3ccc(F)cc3)C(=O)N21,1,0,0,0.3333333333333333,O=C1CC(c2ccccc2)Sc2ccccc2N1Cc1ccc(F)cc1
TP53,MCF7,9,1,43,98,CCc1cccc(CC)c1N=C1NCCN1,CCc1cccc(CC)c1N=C1NCCN1,1,0,0,0.2413793103448276,CCc1cccc(C)c1NC(=O)NC1COc2ccccc2C1
TP53,MCF7,9,1,43,99,Nc1ncnc2n(cnc12)[C@H]1CC[C@@H](CO)O1,Nc1ncnc2c1ncn2[C@H]1CC[C@@H](CO)O1,1,0,0,0.39285714285714285,OC[C@H]1O[C@@H](n2cnc3c(S)ncnc32)[C@H](O)[C@@H]1O
